expiry,strike,bid,ask,mid,last,close,price,iv,delta,gamma,theta,localSymbol
20260427,100.0,,,,,,,,,,,COILM6 C100
20260427,100.25,,,,,,,,,,,COILM6 C100.25
20260427,100.5,,,,,,,,,,,COILM6 C100.5
20260427,100.75,,,,,,,,,,,COILM6 C100.75
20260427,101.0,,,,,,,,,,,COILM6 C101
20260427,101.25,,,,,,,,,,,COILM6 C101.25
20260427,101.5,,,,,,,,,,,COILM6 C101.5
20260427,101.75,,,,,,,,,,,COILM6 C101.75
20260427,102.0,,,,,,,,,,,COILM6 C102
20260427,102.25,,,,,,,,,,,COILM6 C102.25
20260427,102.5,,,,,,,,,,,COILM6 C102.5
20260427,102.75,,,,,,,,,,,COILM6 C102.75
20260427,103.0,,,,,,,,,,,COILM6 C103
20260427,103.25,,,,,,,,,,,COILM6 C103.25
20260427,103.5,,,,,,,,,,,COILM6 C103.5
20260427,103.75,,,,,,,,,,,COILM6 C103.75
20260427,104.0,,,,,,,,,,,COILM6 C104
20260427,104.25,,,,,,,,,,,COILM6 C104.25
20260427,104.5,,,,,,,,,,,COILM6 C104.5
20260427,104.75,,,,,,,,,,,COILM6 C104.75
20260427,105.0,,,,,,,,,,,COILM6 C105
20260427,105.25,,,,,,,,,,,COILM6 C105.25
20260427,105.5,,,,,,,,,,,COILM6 C105.5
20260427,105.75,,,,,,,,,,,COILM6 C105.75
20260427,106.0,,,,,,,,,,,COILM6 C106
20260427,106.25,,,,,,,,,,,COILM6 C106.25
20260427,106.5,,,,,,,,,,,COILM6 C106.5
20260427,106.75,,,,,,,,,,,COILM6 C106.75
20260427,107.0,,,,,,,,,,,COILM6 C107
20260427,107.25,,,,,,,,,,,COILM6 C107.25
20260427,107.5,,,,,,,,,,,COILM6 C107.5
20260427,107.75,,,,,,,,,,,COILM6 C107.75
20260427,108.0,,,,,,,,,,,COILM6 C108
20260427,108.25,,,,,,,,,,,COILM6 C108.25
20260427,108.5,,,,,,,,,,,COILM6 C108.5
20260427,108.75,,,,,,,,,,,COILM6 C108.75
20260427,109.0,,,,,,,,,,,COILM6 C109
20260427,109.25,,,,,,,,,,,COILM6 C109.25
20260427,109.5,,,,,,,,,,,COILM6 C109.5
20260427,109.75,,,,,,,,,,,COILM6 C109.75
20260427,110.0,,,,,,,,,,,COILM6 C110
20260427,110.25,,,,,,,,,,,COILM6 C110.25
20260427,110.5,,,,,,,,,,,COILM6 C110.5
20260427,110.75,,,,,,,,,,,COILM6 C110.75
20260427,111.0,,,,,,,,,,,COILM6 C111
20260427,111.25,,,,,,,,,,,COILM6 C111.25
20260427,111.5,,,,,,,,,,,COILM6 C111.5
20260427,111.75,,,,,,,,,,,COILM6 C111.75
20260427,112.0,,,,,,,,,,,COILM6 C112
20260427,112.25,,,,,,,,,,,COILM6 C112.25
20260427,112.5,,,,,,,,,,,COILM6 C112.5
20260427,113.0,,,,,,,,,,,COILM6 C113
20260427,113.5,,,,,,,,,,,COILM6 C113.5
20260427,114.0,,,,,,,,,,,COILM6 C114
20260427,114.5,,,,,,,,,,,COILM6 C114.5
20260427,115.0,,,,,,,,,,,COILM6 C115
20260427,115.5,,,,,,,,,,,COILM6 C115.5
20260427,116.0,,,,,,,,,,,COILM6 C116
20260427,116.5,,,,,,,,,,,COILM6 C116.5
20260427,117.0,,,,,,,,,,,COILM6 C117
20260427,117.5,,,,,,,,,,,COILM6 C117.5
20260427,118.0,,,,,,,,,,,COILM6 C118
20260427,119.0,,,,,,,,,,,COILM6 C119
20260427,119.5,,,,,,,,,,,COILM6 C119.5
20260427,120.0,,,,,,,,,,,COILM6 C120
20260427,120.5,,,,,,,,,,,COILM6 C120.5
20260427,121.0,,,,,,,,,,,COILM6 C121
20260427,122.0,,,,,,,,,,,COILM6 C122
20260427,123.0,,,,,,,,,,,COILM6 C123
20260427,124.0,,,,,,,,,,,COILM6 C124
20260427,125.0,,,,,,,,,,,COILM6 C125
20260427,126.0,,,,,,,,,,,COILM6 C126
20260427,127.0,,,,,,,,,,,COILM6 C127
20260427,128.0,,,,,,,,,,,COILM6 C128
20260427,129.0,,,,,,,,,,,COILM6 C129
20260427,130.0,,,,,,,,,,,COILM6 C130
20260427,131.0,,,,,,,,,,,COILM6 C131
20260427,132.0,,,,,,,,,,,COILM6 C132
20260427,133.0,,,,,,,,,,,COILM6 C133
20260427,134.0,,,,,,,,,,,COILM6 C134
20260427,135.0,,,,,,,,,,,COILM6 C135
20260427,136.0,,,,,,,,,,,COILM6 C136
20260427,137.0,,,,,,,,,,,COILM6 C137
20260427,137.61,,,,,,,,,,,COILM6 C137.61
20260427,138.0,,,,,,,,,,,COILM6 C138
20260427,139.0,,,,,,,,,,,COILM6 C139
20260427,140.0,,,,,,,,,,,COILM6 C140
20260427,141.0,,,,,,,,,,,COILM6 C141
20260427,142.0,,,,,,,,,,,COILM6 C142
20260427,143.0,,,,,,,,,,,COILM6 C143
20260427,144.0,,,,,,,,,,,COILM6 C144
20260427,145.0,,,,,,,,,,,COILM6 C145
20260427,146.0,,,,,,,,,,,COILM6 C146
20260427,147.0,,,,,,,,,,,COILM6 C147
20260427,148.0,,,,,,,,,,,COILM6 C148
20260427,149.0,,,,,,,,,,,COILM6 C149
20260427,150.0,,,,,,,,,,,COILM6 C150
20260427,151.0,,,,,,,,,,,COILM6 C151
20260427,152.0,,,,,,,,,,,COILM6 C152
20260427,153.0,,,,,,,,,,,COILM6 C153
20260427,154.0,,,,,,,,,,,COILM6 C154
20260427,155.0,,,,,,,,,,,COILM6 C155
20260427,156.0,,,,,,,,,,,COILM6 C156
20260427,157.0,,,,,,,,,,,COILM6 C157
20260427,158.0,,,,,,,,,,,COILM6 C158
20260427,159.0,,,,,,,,,,,COILM6 C159
20260427,160.0,,,,,,,,,,,COILM6 C160
20260427,161.0,,,,,,,,,,,COILM6 C161
20260427,162.0,,,,,,,,,,,COILM6 C162
20260427,163.0,,,,,,,,,,,COILM6 C163
20260427,164.0,,,,,,,,,,,COILM6 C164
20260427,165.0,,,,,,,,,,,COILM6 C165
20260427,166.0,,,,,,,,,,,COILM6 C166
20260427,167.0,,,,,,,,,,,COILM6 C167
20260427,168.0,,,,,,,,,,,COILM6 C168
20260427,169.0,,,,,,,,,,,COILM6 C169
20260427,170.0,,,,,,,,,,,COILM6 C170
20260526,100.0,,,,,,,,,,,COILN6 C100
20260526,100.25,,,,,,,,,,,COILN6 C100.25
20260526,100.5,,,,,,,,,,,COILN6 C100.5
20260526,100.75,,,,,,,,,,,COILN6 C100.75
20260526,101.0,,,,,,,,,,,COILN6 C101
20260526,101.25,,,,,,,,,,,COILN6 C101.25
20260526,101.5,,,,,,,,,,,COILN6 C101.5
20260526,101.75,,,,,,,,,,,COILN6 C101.75
20260526,102.0,,,,,,,,,,,COILN6 C102
20260526,102.25,,,,,,,,,,,COILN6 C102.25
20260526,102.5,,,,,,,,,,,COILN6 C102.5
20260526,102.75,,,,,,,,,,,COILN6 C102.75
20260526,103.0,,,,,,,,,,,COILN6 C103
20260526,103.25,,,,,,,,,,,COILN6 C103.25
20260526,103.5,,,,,,,,,,,COILN6 C103.5
20260526,103.75,,,,,,,,,,,COILN6 C103.75
20260526,104.0,,,,,,,,,,,COILN6 C104
20260526,104.25,,,,,,,,,,,COILN6 C104.25
20260526,104.5,,,,,,,,,,,COILN6 C104.5
20260526,104.75,,,,,,,,,,,COILN6 C104.75
20260526,105.0,,,,,,,,,,,COILN6 C105
20260526,105.25,,,,,,,,,,,COILN6 C105.25
20260526,105.5,,,,,,,,,,,COILN6 C105.5
20260526,106.0,,,,,,,,,,,COILN6 C106
20260526,106.5,,,,,,,,,,,COILN6 C106.5
20260526,107.0,,,,,,,,,,,COILN6 C107
20260526,107.5,,,,,,,,,,,COILN6 C107.5
20260526,108.0,,,,,,,,,,,COILN6 C108
20260526,108.5,,,,,,,,,,,COILN6 C108.5
20260526,109.0,,,,,,,,,,,COILN6 C109
20260526,109.5,,,,,,,,,,,COILN6 C109.5
20260526,110.0,,,,,,,,,,,COILN6 C110
20260526,110.5,,,,,,,,,,,COILN6 C110.5
20260526,111.0,,,,,,,,,,,COILN6 C111
20260526,112.0,,,,,,,,,,,COILN6 C112
20260526,113.0,,,,,,,,,,,COILN6 C113
20260526,114.0,,,,,,,,,,,COILN6 C114
20260526,115.0,,,,,,,,,,,COILN6 C115
20260526,116.0,,,,,,,,,,,COILN6 C116
20260526,117.0,,,,,,,,,,,COILN6 C117
20260526,118.0,,,,,,,,,,,COILN6 C118
20260526,119.0,,,,,,,,,,,COILN6 C119
20260526,120.0,,,,,,,,,,,COILN6 C120
20260526,121.0,,,,,,,,,,,COILN6 C121
20260526,122.0,,,,,,,,,,,COILN6 C122
20260526,123.0,,,,,,,,,,,COILN6 C123
20260526,124.0,,,,,,,,,,,COILN6 C124
20260526,125.0,,,,,,,,,,,COILN6 C125
20260526,126.0,,,,,,,,,,,COILN6 C126
20260526,127.0,,,,,,,,,,,COILN6 C127
20260526,128.0,,,,,,,,,,,COILN6 C128
20260526,129.0,,,,,,,,,,,COILN6 C129
20260526,130.0,,,,,,,,,,,COILN6 C130
20260526,131.0,,,,,,,,,,,COILN6 C131
20260526,132.0,,,,,,,,,,,COILN6 C132
20260526,133.0,,,,,,,,,,,COILN6 C133
20260526,134.0,,,,,,,,,,,COILN6 C134
20260526,135.0,,,,,,,,,,,COILN6 C135
20260526,136.0,,,,,,,,,,,COILN6 C136
20260526,137.0,,,,,,,,,,,COILN6 C137
20260526,138.0,,,,,,,,,,,COILN6 C138
20260526,139.0,,,,,,,,,,,COILN6 C139
20260526,140.0,,,,,,,,,,,COILN6 C140
20260526,141.0,,,,,,,,,,,COILN6 C141
20260526,142.0,,,,,,,,,,,COILN6 C142
20260526,143.0,,,,,,,,,,,COILN6 C143
20260526,144.0,,,,,,,,,,,COILN6 C144
20260526,145.0,,,,,,,,,,,COILN6 C145
20260526,146.0,,,,,,,,,,,COILN6 C146
20260526,147.0,,,,,,,,,,,COILN6 C147
20260526,148.0,,,,,,,,,,,COILN6 C148
20260526,149.0,,,,,,,,,,,COILN6 C149
20260526,150.0,,,,,,,,,,,COILN6 C150
20260526,151.0,,,,,,,,,,,COILN6 C151
20260526,152.0,,,,,,,,,,,COILN6 C152
20260526,153.0,,,,,,,,,,,COILN6 C153
20260526,154.0,,,,,,,,,,,COILN6 C154
20260526,155.0,,,,,,,,,,,COILN6 C155
20260526,156.0,,,,,,,,,,,COILN6 C156
20260526,157.0,,,,,,,,,,,COILN6 C157
20260526,158.0,,,,,,,,,,,COILN6 C158
20260526,159.0,,,,,,,,,,,COILN6 C159
20260526,160.0,,,,,,,,,,,COILN6 C160
20260526,161.0,,,,,,,,,,,COILN6 C161
20260526,162.0,,,,,,,,,,,COILN6 C162
20260526,163.0,,,,,,,,,,,COILN6 C163
20260526,164.0,,,,,,,,,,,COILN6 C164
20260526,165.0,,,,,,,,,,,COILN6 C165
20260526,166.0,,,,,,,,,,,COILN6 C166
20260526,167.0,,,,,,,,,,,COILN6 C167
20260526,168.0,,,,,,,,,,,COILN6 C168
20260526,169.0,,,,,,,,,,,COILN6 C169
20260526,170.0,,,,,,,,,,,COILN6 C170
20260625,100.0,,,,,,,,,,,COILQ6 C100
20260625,100.5,,,,,,,,,,,COILQ6 C100.5
20260625,101.0,,,,,,,,,,,COILQ6 C101
20260625,101.5,,,,,,,,,,,COILQ6 C101.5
20260625,102.0,,,,,,,,,,,COILQ6 C102
20260625,102.5,,,,,,,,,,,COILQ6 C102.5
20260625,103.0,,,,,,,,,,,COILQ6 C103
20260625,103.5,,,,,,,,,,,COILQ6 C103.5
20260625,104.0,,,,,,,,,,,COILQ6 C104
20260625,104.25,,,,,,,,,,,COILQ6 C104.25
20260625,104.5,,,,,,,,,,,COILQ6 C104.5
20260625,105.0,,,,,,,,,,,COILQ6 C105
20260625,105.5,,,,,,,,,,,COILQ6 C105.5
20260625,106.0,,,,,,,,,,,COILQ6 C106
20260625,107.0,,,,,,,,,,,COILQ6 C107
20260625,107.5,,,,,,,,,,,COILQ6 C107.5
20260625,108.0,,,,,,,,,,,COILQ6 C108
20260625,109.0,,,,,,,,,,,COILQ6 C109
20260625,110.0,,,,,,,,,,,COILQ6 C110
20260625,111.0,,,,,,,,,,,COILQ6 C111
20260625,112.0,,,,,,,,,,,COILQ6 C112
20260625,113.0,,,,,,,,,,,COILQ6 C113
20260625,114.0,,,,,,,,,,,COILQ6 C114
20260625,115.0,,,,,,,,,,,COILQ6 C115
20260625,115.5,,,,,,,,,,,COILQ6 C115.5
20260625,116.0,,,,,,,,,,,COILQ6 C116
20260625,117.0,,,,,,,,,,,COILQ6 C117
20260625,118.0,,,,,,,,,,,COILQ6 C118
20260625,119.0,,,,,,,,,,,COILQ6 C119
20260625,120.0,,,,,,,,,,,COILQ6 C120
20260625,121.0,,,,,,,,,,,COILQ6 C121
20260625,122.0,,,,,,,,,,,COILQ6 C122
20260625,123.0,,,,,,,,,,,COILQ6 C123
20260625,124.0,,,,,,,,,,,COILQ6 C124
20260625,125.0,,,,,,,,,,,COILQ6 C125
20260625,126.0,,,,,,,,,,,COILQ6 C126
20260625,127.0,,,,,,,,,,,COILQ6 C127
20260625,128.0,,,,,,,,,,,COILQ6 C128
20260625,129.0,,,,,,,,,,,COILQ6 C129
20260625,130.0,,,,,,,,,,,COILQ6 C130
20260625,131.0,,,,,,,,,,,COILQ6 C131
20260625,132.0,,,,,,,,,,,COILQ6 C132
20260625,133.0,,,,,,,,,,,COILQ6 C133
20260625,134.0,,,,,,,,,,,COILQ6 C134
20260625,135.0,,,,,,,,,,,COILQ6 C135
20260625,136.0,,,,,,,,,,,COILQ6 C136
20260625,137.0,,,,,,,,,,,COILQ6 C137
20260625,138.0,,,,,,,,,,,COILQ6 C138
20260625,139.0,,,,,,,,,,,COILQ6 C139
20260625,140.0,,,,,,,,,,,COILQ6 C140
20260625,141.0,,,,,,,,,,,COILQ6 C141
20260625,142.0,,,,,,,,,,,COILQ6 C142
20260625,143.0,,,,,,,,,,,COILQ6 C143
20260625,144.0,,,,,,,,,,,COILQ6 C144
20260625,145.0,,,,,,,,,,,COILQ6 C145
20260625,146.0,,,,,,,,,,,COILQ6 C146
20260625,147.0,,,,,,,,,,,COILQ6 C147
20260625,148.0,,,,,,,,,,,COILQ6 C148
20260625,149.0,,,,,,,,,,,COILQ6 C149
20260625,150.0,,,,,,,,,,,COILQ6 C150
20260625,154.0,,,,,,,,,,,COILQ6 C154
20260625,155.0,,,,,,,,,,,COILQ6 C155
20260625,156.0,,,,,,,,,,,COILQ6 C156
20260625,157.0,,,,,,,,,,,COILQ6 C157
20260625,158.0,,,,,,,,,,,COILQ6 C158
20260625,159.0,,,,,,,,,,,COILQ6 C159
20260625,160.0,,,,,,,,,,,COILQ6 C160
20260625,161.0,,,,,,,,,,,COILQ6 C161
20260625,162.0,,,,,,,,,,,COILQ6 C162
20260625,163.0,,,,,,,,,,,COILQ6 C163
20260625,164.0,,,,,,,,,,,COILQ6 C164
20260625,165.0,,,,,,,,,,,COILQ6 C165
20260625,166.0,,,,,,,,,,,COILQ6 C166
20260625,167.0,,,,,,,,,,,COILQ6 C167
20260625,168.0,,,,,,,,,,,COILQ6 C168
20260625,169.0,,,,,,,,,,,COILQ6 C169
20260625,170.0,,,,,,,,,,,COILQ6 C170
20260728,100.0,,,,,,,,,,,COILU6 C100
20260728,100.5,,,,,,,,,,,COILU6 C100.5
20260728,101.0,,,,,,,,,,,COILU6 C101
20260728,101.5,,,,,,,,,,,COILU6 C101.5
20260728,102.0,,,,,,,,,,,COILU6 C102
20260728,103.0,,,,,,,,,,,COILU6 C103
20260728,104.0,,,,,,,,,,,COILU6 C104
20260728,105.0,,,,,,,,,,,COILU6 C105
20260728,106.0,,,,,,,,,,,COILU6 C106
20260728,107.0,,,,,,,,,,,COILU6 C107
20260728,108.0,,,,,,,,,,,COILU6 C108
20260728,109.0,,,,,,,,,,,COILU6 C109
20260728,110.0,,,,,,,,,,,COILU6 C110
20260728,111.0,,,,,,,,,,,COILU6 C111
20260728,112.0,,,,,,,,,,,COILU6 C112
20260728,113.0,,,,,,,,,,,COILU6 C113
20260728,114.0,,,,,,,,,,,COILU6 C114
20260728,115.0,,,,,,,,,,,COILU6 C115
20260728,116.0,,,,,,,,,,,COILU6 C116
20260728,117.0,,,,,,,,,,,COILU6 C117
20260728,118.0,,,,,,,,,,,COILU6 C118
20260728,119.0,,,,,,,,,,,COILU6 C119
20260728,120.0,,,,,,,,,,,COILU6 C120
20260728,121.0,,,,,,,,,,,COILU6 C121
20260728,122.0,,,,,,,,,,,COILU6 C122
20260728,123.0,,,,,,,,,,,COILU6 C123
20260728,124.0,,,,,,,,,,,COILU6 C124
20260728,125.0,,,,,,,,,,,COILU6 C125
20260728,126.0,,,,,,,,,,,COILU6 C126
20260728,127.0,,,,,,,,,,,COILU6 C127
20260728,128.0,,,,,,,,,,,COILU6 C128
20260728,129.0,,,,,,,,,,,COILU6 C129
20260728,130.0,,,,,,,,,,,COILU6 C130
20260728,131.0,,,,,,,,,,,COILU6 C131
20260728,132.0,,,,,,,,,,,COILU6 C132
20260728,133.0,,,,,,,,,,,COILU6 C133
20260728,134.0,,,,,,,,,,,COILU6 C134
20260728,135.0,,,,,,,,,,,COILU6 C135
20260728,136.0,,,,,,,,,,,COILU6 C136
20260728,137.0,,,,,,,,,,,COILU6 C137
20260728,138.0,,,,,,,,,,,COILU6 C138
20260728,139.0,,,,,,,,,,,COILU6 C139
20260728,140.0,,,,,,,,,,,COILU6 C140
20260728,141.0,,,,,,,,,,,COILU6 C141
20260728,142.0,,,,,,,,,,,COILU6 C142
20260728,143.0,,,,,,,,,,,COILU6 C143
20260728,144.0,,,,,,,,,,,COILU6 C144
20260728,145.0,,,,,,,,,,,COILU6 C145
20260728,146.0,,,,,,,,,,,COILU6 C146
20260728,147.0,,,,,,,,,,,COILU6 C147
20260728,148.0,,,,,,,,,,,COILU6 C148
20260728,149.0,,,,,,,,,,,COILU6 C149
20260728,150.0,,,,,,,,,,,COILU6 C150
20260728,151.0,,,,,,,,,,,COILU6 C151
20260728,152.0,,,,,,,,,,,COILU6 C152
20260728,153.0,,,,,,,,,,,COILU6 C153
20260728,154.0,,,,,,,,,,,COILU6 C154
20260728,155.0,,,,,,,,,,,COILU6 C155
20260728,156.0,,,,,,,,,,,COILU6 C156
20260728,157.0,,,,,,,,,,,COILU6 C157
20260728,158.0,,,,,,,,,,,COILU6 C158
20260728,159.0,,,,,,,,,,,COILU6 C159
20260728,160.0,,,,,,,,,,,COILU6 C160
20260728,161.0,,,,,,,,,,,COILU6 C161
20260728,162.0,,,,,,,,,,,COILU6 C162
20260728,163.0,,,,,,,,,,,COILU6 C163
20260728,164.0,,,,,,,,,,,COILU6 C164
20260728,165.0,,,,,,,,,,,COILU6 C165
20260728,166.0,,,,,,,,,,,COILU6 C166
20260728,167.0,,,,,,,,,,,COILU6 C167
20260728,168.0,,,,,,,,,,,COILU6 C168
20260728,169.0,,,,,,,,,,,COILU6 C169
20260728,170.0,,,,,,,,,,,COILU6 C170
20260825,100.0,,,,,,,,,,,COILV6 C100
20260825,101.0,,,,,,,,,,,COILV6 C101
20260825,102.0,,,,,,,,,,,COILV6 C102
20260825,103.0,,,,,,,,,,,COILV6 C103
20260825,104.0,,,,,,,,,,,COILV6 C104
20260825,105.0,,,,,,,,,,,COILV6 C105
20260825,106.0,,,,,,,,,,,COILV6 C106
20260825,107.0,,,,,,,,,,,COILV6 C107
20260825,108.0,,,,,,,,,,,COILV6 C108
20260825,109.0,,,,,,,,,,,COILV6 C109
20260825,110.0,,,,,,,,,,,COILV6 C110
20260825,111.0,,,,,,,,,,,COILV6 C111
20260825,112.0,,,,,,,,,,,COILV6 C112
20260825,113.0,,,,,,,,,,,COILV6 C113
20260825,114.0,,,,,,,,,,,COILV6 C114
20260825,115.0,,,,,,,,,,,COILV6 C115
20260825,116.0,,,,,,,,,,,COILV6 C116
20260825,117.0,,,,,,,,,,,COILV6 C117
20260825,118.0,,,,,,,,,,,COILV6 C118
20260825,119.0,,,,,,,,,,,COILV6 C119
20260825,120.0,,,,,,,,,,,COILV6 C120
20260825,121.0,,,,,,,,,,,COILV6 C121
20260825,122.0,,,,,,,,,,,COILV6 C122
20260825,123.0,,,,,,,,,,,COILV6 C123
20260825,124.0,,,,,,,,,,,COILV6 C124
20260825,125.0,,,,,,,,,,,COILV6 C125
20260825,126.0,,,,,,,,,,,COILV6 C126
20260825,127.0,,,,,,,,,,,COILV6 C127
20260825,128.0,,,,,,,,,,,COILV6 C128
20260825,129.0,,,,,,,,,,,COILV6 C129
20260825,130.0,,,,,,,,,,,COILV6 C130
20260825,131.0,,,,,,,,,,,COILV6 C131
20260825,132.0,,,,,,,,,,,COILV6 C132
20260825,133.0,,,,,,,,,,,COILV6 C133
20260825,134.0,,,,,,,,,,,COILV6 C134
20260825,135.0,,,,,,,,,,,COILV6 C135
20260825,140.0,,,,,,,,,,,COILV6 C140
20260825,141.0,,,,,,,,,,,COILV6 C141
20260825,142.0,,,,,,,,,,,COILV6 C142
20260825,143.0,,,,,,,,,,,COILV6 C143
20260825,144.0,,,,,,,,,,,COILV6 C144
20260825,145.0,,,,,,,,,,,COILV6 C145
20260825,146.0,,,,,,,,,,,COILV6 C146
20260825,147.0,,,,,,,,,,,COILV6 C147
20260825,148.0,,,,,,,,,,,COILV6 C148
20260825,149.0,,,,,,,,,,,COILV6 C149
20260825,150.0,,,,,,,,,,,COILV6 C150
20260825,151.0,,,,,,,,,,,COILV6 C151
20260825,152.0,,,,,,,,,,,COILV6 C152
20260825,153.0,,,,,,,,,,,COILV6 C153
20260825,154.0,,,,,,,,,,,COILV6 C154
20260825,155.0,,,,,,,,,,,COILV6 C155
20260825,156.0,,,,,,,,,,,COILV6 C156
20260825,157.0,,,,,,,,,,,COILV6 C157
20260825,158.0,,,,,,,,,,,COILV6 C158
20260825,159.0,,,,,,,,,,,COILV6 C159
20260825,160.0,,,,,,,,,,,COILV6 C160
20260825,161.0,,,,,,,,,,,COILV6 C161
20260825,162.0,,,,,,,,,,,COILV6 C162
20260825,163.0,,,,,,,,,,,COILV6 C163
20260825,164.0,,,,,,,,,,,COILV6 C164
20260825,165.0,,,,,,,,,,,COILV6 C165
20260825,166.0,,,,,,,,,,,COILV6 C166
20260825,167.0,,,,,,,,,,,COILV6 C167
20260825,168.0,,,,,,,,,,,COILV6 C168
20260825,169.0,,,,,,,,,,,COILV6 C169
20260825,170.0,,,,,,,,,,,COILV6 C170
20261027,140.0,,,,,,,,,,,COILZ6 C140
20261027,141.0,,,,,,,,,,,COILZ6 C141
20261027,142.0,,,,,,,,,,,COILZ6 C142
20261027,143.0,,,,,,,,,,,COILZ6 C143
20261027,144.0,,,,,,,,,,,COILZ6 C144
20261027,145.0,,,,,,,,,,,COILZ6 C145
20261027,146.0,,,,,,,,,,,COILZ6 C146
20261027,147.0,,,,,,,,,,,COILZ6 C147
20261027,148.0,,,,,,,,,,,COILZ6 C148
20261027,149.0,,,,,,,,,,,COILZ6 C149
20261027,150.0,,,,,,,,,,,COILZ6 C150
20261027,151.0,,,,,,,,,,,COILZ6 C151
20261027,152.0,,,,,,,,,,,COILZ6 C152
20261027,153.0,,,,,,,,,,,COILZ6 C153
20261027,154.0,,,,,,,,,,,COILZ6 C154
20261027,155.0,,,,,,,,,,,COILZ6 C155
20261027,156.0,,,,,,,,,,,COILZ6 C156
20261027,157.0,,,,,,,,,,,COILZ6 C157
20261027,158.0,,,,,,,,,,,COILZ6 C158
20261027,159.0,,,,,,,,,,,COILZ6 C159
20261027,160.0,,,,,,,,,,,COILZ6 C160
20261027,161.0,,,,,,,,,,,COILZ6 C161
20261027,162.0,,,,,,,,,,,COILZ6 C162
20261027,163.0,,,,,,,,,,,COILZ6 C163
20261027,164.0,,,,,,,,,,,COILZ6 C164
20261027,165.0,,,,,,,,,,,COILZ6 C165
20261027,166.0,,,,,,,,,,,COILZ6 C166
20261027,167.0,,,,,,,,,,,COILZ6 C167
20261027,168.0,,,,,,,,,,,COILZ6 C168
20261027,169.0,,,,,,,,,,,COILZ6 C169
20261027,170.0,,,,,,,,,,,COILZ6 C170
20261027,171.0,,,,,,,,,,,COILZ6 C171
20261027,172.0,,,,,,,,,,,COILZ6 C172
20261027,173.0,,,,,,,,,,,COILZ6 C173
20261027,174.0,,,,,,,,,,,COILZ6 C174
20261027,175.0,,,,,,,,,,,COILZ6 C175
20261027,176.0,,,,,,,,,,,COILZ6 C176
20261027,177.0,,,,,,,,,,,COILZ6 C177
20261027,178.0,,,,,,,,,,,COILZ6 C178
20261027,179.0,,,,,,,,,,,COILZ6 C179
20261027,180.0,,,,,,,,,,,COILZ6 C180
20261027,181.0,,,,,,,,,,,COILZ6 C181
20261027,182.0,,,,,,,,,,,COILZ6 C182
20261027,183.0,,,,,,,,,,,COILZ6 C183
20261027,184.0,,,,,,,,,,,COILZ6 C184
20261027,185.0,,,,,,,,,,,COILZ6 C185
20261027,186.0,,,,,,,,,,,COILZ6 C186
20261027,187.0,,,,,,,,,,,COILZ6 C187
20261027,188.0,,,,,,,,,,,COILZ6 C188
20261027,189.0,,,,,,,,,,,COILZ6 C189
20261027,190.0,,,,,,,,,,,COILZ6 C190
20261027,191.0,,,,,,,,,,,COILZ6 C191
20261027,192.0,,,,,,,,,,,COILZ6 C192
20261027,193.0,,,,,,,,,,,COILZ6 C193
20261027,194.0,,,,,,,,,,,COILZ6 C194
20261027,195.0,,,,,,,,,,,COILZ6 C195
20261027,196.0,,,,,,,,,,,COILZ6 C196
20261027,197.0,,,,,,,,,,,COILZ6 C197
20261027,198.0,,,,,,,,,,,COILZ6 C198
20261027,199.0,,,,,,,,,,,COILZ6 C199
20261027,200.0,,,,,,,,,,,COILZ6 C200
20261027,205.0,,,,,,,,,,,COILZ6 C205
20261027,210.0,,,,,,,,,,,COILZ6 C210
20261027,215.0,,,,,,,,,,,COILZ6 C215
20261027,220.0,,,,,,,,,,,COILZ6 C220
20261027,225.0,,,,,,,,,,,COILZ6 C225
20261027,230.0,,,,,,,,,,,COILZ6 C230
20261027,235.0,,,,,,,,,,,COILZ6 C235
20261027,240.0,,,,,,,,,,,COILZ6 C240
20261125,140.0,,,,,,,,,,,COILF7 C140
20261125,145.0,,,,,,,,,,,COILF7 C145
20261125,146.0,,,,,,,,,,,COILF7 C146
20261125,150.0,,,,,,,,,,,COILF7 C150
20261125,200.0,,,,,,,,,,,COILF7 C200
20261223,140.0,,,,,,,,,,,COILG7 C140
20261223,145.0,,,,,,,,,,,COILG7 C145
20261223,146.0,,,,,,,,,,,COILG7 C146
20261223,150.0,,,,,,,,,,,COILG7 C150
20261223,200.0,,,,,,,,,,,COILG7 C200
20270126,140.0,,,,,,,,,,,COILH7 C140
20270126,150.0,,,,,,,,,,,COILH7 C150
20270126,200.0,,,,,,,,,,,COILH7 C200
20270223,140.0,,,,,,,,,,,COILJ7 C140
20270223,150.0,,,,,,,,,,,COILJ7 C150
20270223,200.0,,,,,,,,,,,COILJ7 C200
20270324,140.0,,,,,,,,,,,COILK7 C140
20270324,150.0,,,,,,,,,,,COILK7 C150
20270324,200.0,,,,,,,,,,,COILK7 C200
