,L_over_GDP,M2Gold_over_OilGDP,M2Gold_over_GDP,M2,GDP,Gold,Oil,L
2010-06-30,9.462554446153739,9.462554446153737,709.5023323726073,8628.1,15101.2535,1241.8,74.98,142896.4334489197
2010-07-31,8.604987451502192,8.604987451502192,672.0495199623211,8639.5,15183.57375,1181.1,78.1,130654.46158770808
2010-08-31,9.563891266233544,9.563891266233544,711.8404269457626,8687.9,15225.5405,1247.5,74.43,145615.41381163508
2010-09-30,9.096656077014625,9.096656077014625,746.8354639229008,8718.7,15267.50725,1307.8,82.1,138883.26260657737
2010-10-31,9.360296308927492,9.360296308927492,777.6534173456961,8768.4,15319.9675,1358.7,83.08,143399.43524313913
2010-11-30,9.221223691923617,9.221223691923617,793.3940864531081,8789.0,15330.461,1383.9,86.04,141365.61018131103
2010-12-31,8.584751347986172,8.584751347986172,816.0664631395656,8823.2,15340.9545,1418.9,95.06,131698.27982326952
2011-01-31,7.633283055359676,7.633283055359676,766.1526202664508,8849.0,15402.97075,1333.6,100.37,117575.23562817572
2011-02-28,7.278708197320487,7.278708197320487,813.614002296484,8913.3,15454.4935,1410.7,111.78,112488.74852388618
2011-03-31,7.067884001986022,7.067884001986021,828.9921145929405,8971.5,15506.01625,1432.8,117.29,109594.7241879103
2011-04-30,7.202839026700377,7.202839026700376,906.4052631199753,9035.1,15580.07425,1563.0,125.84,112220.7668467896
2011-05-31,7.683576728720078,7.683576728720077,896.4428969397715,9107.8,15602.6095,1535.7,116.67,119883.8472615068
2011-06-30,7.891000819999564,7.891000819999565,882.7662617333514,9182.1,15625.14475,1502.2,111.87,123298.03003486188
2011-07-31,8.237945763668941,8.237945763668943,961.3682706201655,9344.2,15696.32475,1614.9,116.7,129305.47197943446
2011-08-31,9.640813269676554,9.640813269676554,1105.2228332357201,9531.0,15744.9695,1825.8,114.64,151794.3108862526
2011-09-30,9.585063268288861,9.585063268288861,982.0855824688767,9551.5,15793.61425,1623.9,102.46,151382.79182119854
2011-10-31,9.525998012215537,9.525998012215537,1039.286383132715,9584.4,15898.8955,1724.0,109.1,151452.84692942255
2011-11-30,9.552849746335038,9.552849746335038,1054.6346119953882,9636.5,15955.532,1746.2,110.4,152420.79981884058
2011-12-31,8.76552661382777,8.765526613827772,946.0632874304314,9683.9,16012.1685,1564.3,107.93,140355.0891318447
2012-01-31,9.48049380440818,9.48049380440818,1052.1452024132197,9757.6,16103.3825,1736.4,110.98,152668.0180212651
2012-02-29,8.393869631801198,8.3938696318012,1032.5299034078655,9809.8,16137.96,1698.6,123.01,135459.93236322247
2012-03-31,8.26016967619279,8.26016967619279,1016.248675261999,9853.9,16172.5375,1667.9,123.03,133587.90384459076
2012-04-30,8.515618986724439,8.515618986724439,1016.5094384452964,9907.7,16235.2215,1665.7,119.37,138252.96045907683
2012-05-31,9.376374824165199,9.3763748241652,954.7962483447423,9951.4,16263.328,1560.4,101.83,152491.05921634095
2012-06-30,10.07036701579448,10.07036701579448,983.371339092331,10021.6,16291.4345,1598.6,97.65,164060.72462877622
2012-07-31,9.491066792766102,9.491066792766103,993.9045145384663,10074.5,16344.7605,1612.5,104.72,155129.21361726508
2012-08-31,9.129338243489913,9.129338243489913,1047.4089766755976,10145.6,16369.98,1690.0,114.73,149447.084459165
2012-09-30,9.823408557247747,9.823408557247749,1101.49880152419,10226.1,16395.199500000002,1766.0,112.13,161056.74306608402
2012-10-31,9.907070600200269,9.907070600200269,1073.6292409437033,10292.4,16477.3615,1718.8,108.37,163242.3836855218
2012-11-30,9.666982515069671,9.666982515069671,1074.7751160254463,10361.9,16534.304,1715.0,111.18,159836.82766684654
2012-12-31,9.528580494706825,9.528580494706825,1059.768722621293,10484.1,16591.2465,1677.1,111.22,158091.02778277287
2013-01-31,9.069195900797707,9.069195900797705,1047.764202419159,10508.1,16668.3135,1662.0,115.53,151168.20046741108
2013-02-28,8.968677340202968,8.968677340202968,995.2541244423234,10527.5,16688.438000000002,1577.7,110.97,149673.21573398216
2013-03-31,9.185767559084999,9.185767559084997,1010.7100045261224,10583.8,16708.5625,1595.6,110.03,153480.97137144415
2013-04-30,9.174129289320273,9.174129289320273,932.7337248451922,10611.3,16784.97475,1475.4,101.67,153987.52847447625
2013-05-31,8.760582394521604,8.760582394521602,876.8466918676671,10646.1,16841.2625,1387.1,100.09,147539.2677590169
2013-06-30,7.659265491673916,7.659265491673916,782.0875993548236,10703.3,16897.55025,1234.7,102.11,129422.82352365096
2013-07-31,7.756259430203251,7.75625943020325,836.9003925189306,10742.8,17013.38325,1325.4,107.9,131960.21427247452
2013-08-31,7.724822882708292,7.724822882708292,881.7885320611516,10801.2,17072.9285,1393.8,114.15,131885.34875164257
2013-09-30,7.773018022372895,7.773018022372894,842.2065027241031,10862.0,17132.47375,1328.4,108.35,133171.02722658054
2013-10-31,7.7666906084521985,7.766690608452199,845.9479410726135,10986.3,17193.44875,1323.9,108.92,133536.1969335292
2013-11-30,7.288589383639985,7.288589383639984,800.3600002175066,10995.6,17194.8785,1251.6,109.81,125326.40888807942
2013-12-31,6.946923550712368,6.946923550712367,770.9001064225514,11060.1,17196.308250000002,1198.6,110.97,119461.4387672344
2014-01-31,7.536806396651792,7.5368063966517935,801.5393602839181,11130.8,17277.930500000002,1244.2,106.35,130220.41711330511
2014-02-28,7.838916307579978,7.838916307579979,855.4609366462031,11196.8,17358.123,1326.2,109.13,136068.8734536791
2014-03-31,7.683547557239434,7.683547557239433,827.518071914687,11232.6,17438.3155,1284.7,107.7,133988.12646239556
2014-04-30,7.661842285909216,7.661842285909217,828.5516247982226,11277.7,17589.938000000002,1292.3,108.14,134771.3307749214
2014-05-31,7.330398880547489,7.330398880547489,803.1185013527829,11342.8,17661.368000000002,1250.5,109.56,129464.87221613726
2014-06-30,7.5999543938168355,7.599954393816835,853.8548761453213,11398.1,17732.798,1328.4,112.35,134768.45607476638
2014-07-31,7.806199180638219,7.80619918063822,823.9443235163641,11453.0,17831.19075,1282.8,105.55,139193.8266224538
2014-08-31,8.01526597072293,8.01526597072293,826.3739215815341,11477.3,17858.1535,1285.8,103.1,143137.8500484966
2014-09-30,8.225238316938404,8.225238316938405,778.0252923992037,11519.1,17885.11625,1208.0,94.59,147109.3434823977
2014-10-31,8.816571505674105,8.816571505674105,757.7843209126893,11593.1,17949.9415,1173.3,85.95,158256.9427574171
2014-11-30,10.892733273584115,10.892733273584115,743.8647552530592,11634.2,17987.804,1150.1,68.29,195936.35114950943
2014-12-31,13.506862657927368,13.506862657927366,779.345975362409,11717.6,18025.6665,1198.9,57.7,243470.2017331023
2015-01-31,15.92659511057003,15.926595110570032,835.986977353821,11805.2,18117.59275,1283.0,52.49,288551.564107449
2015-02-28,12.805855301694882,12.80585530169488,796.2680826593877,11922.8,18171.656499999997,1213.6,62.18,232703.6037311032
2015-03-31,14.064236442912312,14.06423644291231,773.6736467246062,11920.5,18225.72025,1182.9,55.01,256330.8389383749
2015-04-30,11.588453876515084,11.588453876515082,772.3704508697303,11954.6,18310.2445,1183.0,66.65,212187.423855964
2015-05-31,11.904037010940366,11.904037010940366,778.6430608856093,11982.6,18340.705,1191.8,65.41,218328.43112673904
2015-06-30,12.117605595878642,12.117605595878643,766.4385539393242,12023.2,18371.1655,1171.1,63.25,222614.53786561263
2015-07-31,13.86786283317759,13.867862833177588,717.6619016169402,12067.0,18410.00375,1094.9,51.75,255307.40676328505
2015-08-31,14.134619101989285,14.134619101989287,745.4598114389149,12112.0,18418.3815,1133.6,52.74,260336.80697762605
2015-09-30,15.208230602001738,15.20823060200174,736.8387726669844,12173.9,18426.75925,1115.3,48.45,280238.4039215686
2015-10-31,15.293219876277531,15.293219876277531,756.249722881924,12225.2,18457.836,1141.8,49.45,282279.74438827095
2015-11-30,15.92083890704214,15.920838907042139,709.2733733087273,12317.0,18480.535,1064.2,44.55,294225.620650954
2015-12-31,19.020026343628228,19.020026343628228,709.0665820904604,12387.9,18503.234,1059.1,37.28,351931.99812231754
2016-01-31,21.014369394862538,21.01436939486254,753.5752864997706,12518.5,18572.37525,1118.0,35.86,390286.7540435025
2016-02-29,23.336611126882783,23.336611126882786,839.8846344565115,12603.9,18618.8175,1240.7,35.99,434500.1036398999
2016-03-31,21.124019779504938,21.124019779504938,835.8774626750104,12661.8,18665.25975,1232.2,39.57,394285.3161485974
2016-04-30,18.303241893129943,18.30324189312994,878.9216757080999,12743.2,18756.93625,1293.7,48.02,343312.7413577676
2016-05-31,16.662134637910516,16.662134637910512,827.6082274650153,12802.0,18802.1705,1215.5,49.67,313284.29635594925
2016-06-30,18.06306632616464,18.063066326164638,901.7082710021389,12852.5,18847.40475,1322.3,49.92,340441.9220753205
2016-07-31,21.26365499215499,21.263654992154997,919.0151687609389,12911.9,18941.824,1348.2,43.22,402772.4104581212
2016-08-31,18.991061541284914,18.991061541284914,893.909266748281,12989.7,18991.009,1306.9,47.07,360659.4206500956
2016-09-30,18.392066384727514,18.392066384727514,902.3147768347318,13054.9,19040.194,1316.0,49.06,350188.51202609047
2016-10-31,18.06188229486459,18.061882294864585,872.9307713108054,13122.8,19137.05525,1273.0,48.33,345651.2393958204
2016-11-30,15.965410304966184,15.965410304966184,805.6146039885937,13208.7,19184.7315,1170.1,50.46,306292.1099881094
2016-12-31,13.910516339860568,13.910516339860566,792.3430107184579,13234.9,19232.40775,1151.4,56.96,267532.722261236
2017-01-31,14.972250337770616,14.972250337770616,834.1040663172009,13315.7,19319.723749999997,1210.2,55.71,289259.74044157244
2017-02-28,15.50628267534983,15.506282675349828,863.0796937099714,13394.8,19359.3635,1247.4,55.66,300191.76284584985
2017-03-31,16.38108005191261,16.381080051912612,865.7400807435814,13463.6,19399.00325,1247.4,52.85,317776.6251655629
2017-04-30,16.937307195723626,16.937307195723623,880.0624818897995,13521.7,19502.131,1269.3,51.96,330313.5837182448
2017-05-31,17.48934464464117,17.48934464464117,879.714035625451,13568.9,19565.619,1268.5,50.3,342189.85387673957
2017-06-30,17.901320499069534,17.901320499069534,857.8312783154121,13580.5,19629.107,1239.9,47.92,351386.93551752926
2017-07-31,16.61020397364644,16.61020397364644,874.0289330932754,13643.1,19778.71825,1267.1,52.62,328528.5444697834
2017-08-31,17.389439681018818,17.389439681018818,910.3371673013351,13697.7,19864.8415,1320.2,52.35,345438.46303724934
2017-09-30,15.38342082851272,15.383420828512723,883.7775265980559,13745.1,19950.96475,1282.8,57.45,306914.0866840731
2017-10-31,14.1901156514602,14.1901156514602,870.279792904054,13800.1,20109.95425,1268.2,61.33,285362.57655307354
2017-11-30,13.75803087997924,13.758030879979241,874.4604427314805,13843.5,20182.8205,1274.9,63.56,277675.86768407805
2017-12-31,13.419031546233581,13.419031546233581,892.6339784554576,13881.7,20255.68675,1302.5,66.52,271811.6994888756
2018-01-31,13.28183361496794,13.28183361496794,916.9777927773866,13900.3,20391.64275,1345.2,69.04,270838.4061413673
2018-02-28,13.681748429699388,13.681748429699388,898.8908718312498,13949.3,20454.7325,1318.1,65.7,279856.504261796
2018-03-31,12.868489642257336,12.868489642257334,904.9121916435356,14012.7,20517.82225,1325.0,70.32,264033.3831058021
2018-04-30,11.883366610714543,11.883366610714543,893.6291691257336,14035.9,20635.3665,1313.8,75.2,245217.6252659574
2018-05-31,11.393081382047226,11.393081382047225,884.1031152468646,14092.4,20689.821,1298.0,77.6,235720.81443298972
2018-06-30,10.738197772392146,10.738197772392144,852.8276670833842,14137.2,20744.2755,1251.4,79.42,222756.13296398896
2018-07-31,11.213070135864882,11.21307013586488,832.5704575879674,14174.6,20828.51425,1223.4,74.25,233551.59111111113
2018-08-31,10.575562220079041,10.57556222007904,818.5485158341177,14223.2,20858.298499999997,1200.4,77.4,220588.2335917313
2018-09-30,9.789921251563804,9.789921251563802,812.6613630923114,14245.5,20888.08275,1191.6,83.01,204492.68521864832
2018-10-31,10.925724541392828,10.92572454139283,825.2199746114004,14256.6,20966.30025,1213.6,75.53,229072.0211836356
2018-11-30,14.150054444832916,14.150054444832914,830.6081959116922,14282.8,21014.7335,1222.1,58.7,297359.62316865416
2018-12-31,16.07206031386775,16.07206031386775,874.9629634869601,14386.8,21063.166749999997,1281.0,54.44,338528.48640705366
2019-01-31,14.561971420791519,14.561971420791519,901.2404112327871,14459.7,21183.1845,1320.3,61.89,308468.92729035387
2019-02-28,13.579553764744361,13.579553764744361,895.5715707848906,14506.3,21254.769,1312.2,65.95,288630.2783927217
2019-03-31,12.974643130908674,12.974643130908676,881.1080150200081,14557.5,21326.353499999997,1290.8,67.91,276701.8259461051
2019-04-30,11.978301790557353,11.978301790557353,871.9005873346699,14594.7,21477.746249999997,1283.1,72.79,257266.92636351145
2019-05-31,13.782403189981148,13.782403189981146,890.4810701046819,14704.4,21557.5545,1305.5,64.61,297114.90790899243
2019-06-30,14.521147432807092,14.521147432807092,954.9106551813944,14802.8,21637.36275,1395.8,65.76,314199.3345498783
2019-07-31,14.817432465901305,14.817432465901303,965.5038994781289,14886.8,21771.1825,1412.0,65.16,322593.02639656235
2019-08-31,17.295284926935217,17.295284926935214,1044.1163510390788,14974.4,21825.194,1521.8,60.37,377472.9488156369
2019-09-30,16.656931146147116,16.656931146147116,1012.4082750628216,15047.0,21879.2055,1472.1,60.78,364440.4195459033
2019-10-31,17.412312761256143,17.412312761256143,1048.2212282276198,15184.1,21887.72225,1511.0,60.2,381115.865448505
2019-11-30,16.39701160899383,16.39701160899383,1024.3213152138444,15296.0,21842.2275,1462.7,62.47,358147.25788378424
2019-12-31,16.146312196806278,16.146312196806274,1068.0785518187351,15347.5,21796.732750000003,1516.9,66.15,351936.85185185185
2020-01-31,19.782492143360574,19.782492143360574,1150.3519181364175,15427.1,21303.00125,1588.5,58.15,421426.45485812554
2020-02-29,23.233050545764797,23.23305054576479,1217.6441791035327,15493.4,20854.7645,1639.0,52.41,484519.7977485213
2020-03-31,54.641413382338676,54.64141338233867,1241.4529120467344,16033.0,20406.52775,1580.1,22.72,1115041.5184859156
2020-04-30,55.896783652022116,55.89678365202214,1412.5117228865995,17065.3,20394.8275,1688.1,25.27,1140005.260387811
2020-05-31,39.80308339192265,39.80308339192265,1498.5860897058876,17932.9,20831.364,1740.8,37.65,829152.5184594954
2020-06-30,36.85043591494584,36.85043591494584,1517.1324466183203,18184.3,21267.900500000003,1774.4,41.17,783731.4044206947
2020-07-31,38.3386732454503,38.338673245450295,1659.6811647955433,18335.4,21800.11775,1973.3,43.29,835787.5911295912
2020-08-31,36.22103649104363,36.22103649104362,1649.5060018021265,18411.2,21895.7985,1961.7,45.54,793088.5164690383
2020-09-30,38.957523404769915,38.957523404769915,1593.7522824891373,18602.5,21991.47925,1884.1,40.91,856733.5675873869
2020-10-31,42.22658180955097,42.226581809550964,1582.6522862219701,18757.6,22235.54325,1876.1,37.48,938930.9861259338
2020-11-30,31.680954565171852,31.680954565171852,1507.6966277565286,18997.0,22383.9265,1776.5,47.59,709144.1584366462
2020-12-31,30.93251602240674,30.932516022406734,1605.7069067231334,19115.7,22532.30975,1892.7,51.91,696981.0323637066
2021-01-31,28.655654605625966,28.655654605625966,1572.0492116646403,19379.0,22866.99725,1855.0,54.86,655268.7750637988
2021-02-28,22.640941872558404,22.640941872558408,1480.038370209143,19641.8,23053.3015,1737.1,65.37,521948.4592320635
2021-03-31,22.964754153718552,22.964754153718552,1460.3287166349628,19873.2,23239.60575,1707.7,63.59,533691.832678094
2021-04-30,22.510893059462784,22.510893059462784,1511.8315778735205,20176.9,23565.02725,1765.7,67.16,530469.8083680763
2021-05-31,23.753933310184394,23.753933310184394,1647.3352750612876,20460.4,23704.1445,1908.5,69.35,563066.6676279742
2021-06-30,20.23085585972615,20.230855859726155,1519.134966506837,20477.8,23843.26175,1768.8,75.09,482369.591689972
2021-07-31,20.238159840426455,20.23815984042646,1545.9930302101773,20633.3,24190.18425,1812.5,76.39,489564.81542086654
2021-08-31,21.144898182667795,21.144898182667795,1542.0974244619624,20840.9,24397.9895,1805.3,72.93,515893.0038392979
2021-09-30,19.0047752381716,19.004775238171604,1495.8658589964868,20981.0,24605.79475,1754.3,78.71,467627.5987803328
2021-10-31,18.14414300592647,18.144143005926473,1509.7741395231415,21160.6,24922.78675,1778.2,83.21,452202.6068982094
2021-11-30,21.5352285124026,21.5352285124026,1512.2037461409107,21335.5,25031.9735,1774.2,70.22,539069.2694389063
2021-12-31,20.119562739914496,20.119562739914496,1562.8876336365583,21498.5,25141.16025,1827.7,77.68,505829.1510041194
2022-01-31,16.787445220010344,16.787445220010344,1531.6865018737437,21650.1,25403.083250000003,1797.2,91.24,426452.8684787374
2022-02-28,16.0747186217209,16.0747186217209,1622.2606033040734,21725.2,25555.8195,1908.3,100.92,410802.60760998813
2022-03-31,15.219046046003532,15.219046046003532,1639.8522114568805,21787.2,25708.55575,1935.0,107.75,391259.6937354989
2022-04-30,14.585299029087723,14.585299029087722,1597.0902436851056,21769.4,25980.045,1906.0,109.5,378926.7251141553
2022-05-31,12.407496812999971,12.407496812999975,1526.1221079989969,21719.9,26098.798000000003,1833.8,123.0,323820.75300813006
2022-06-30,12.983835442560743,12.983835442560743,1495.3483279197208,21651.5,26217.551,1810.7,115.17,340404.36789094383
2022-07-31,13.938358353850697,13.938358353850699,1440.6687194540082,21652.9,26444.8565,1759.5,103.36,368597.8865131579
2022-08-31,14.417999036609979,14.417999036609977,1391.7694470039612,21638.4,26553.409,1707.9,96.53,382847.0253807107
2022-09-30,15.247243971081893,15.247243971081893,1341.300052136074,21536.7,26661.9615,1660.5,87.97,406521.43173809256
2022-10-31,13.670484651833775,13.670484651833776,1301.9769582406486,21461.7,26881.99675,1630.8,95.24,367489.9239815204
2022-11-30,16.451655842725334,16.451655842725334,1403.98430961818,21406.7,26993.4795,1770.4,85.34,444087.4347316616
2022-12-31,16.59994703887325,16.599947038873246,1431.4134331620403,21290.9,27104.96225,1822.3,86.23,449940.9378406587
2023-01-31,17.797965055648856,17.79796505564885,1502.504209997876,21279.9,27294.8475,1927.2,84.42,485792.7420042645
2023-02-28,16.90302297105338,16.90302297105338,1417.6565365822473,21243.7,27373.25,1826.7,83.87,462690.673542387
2023-03-31,18.842745146735833,18.84274514673583,1503.085780355117,20947.4,27451.6525,1969.8,79.77,517264.4919142536
2023-04-30,18.75115918588813,18.751159185888127,1493.3423175641306,20761.4,27666.25275,1990.0,79.64,518774.3093922652
2023-05-31,20.302105938402132,20.30210593840213,1473.5268490092265,20829.6,27802.4505,1966.8,72.58,564448.2953981813
2023-06-30,18.983410023077752,18.983410023077752,1421.857410728524,20799.4,27938.64825,1909.9,74.9,530370.8152202937
2023-07-31,16.968733431357013,16.968733431357013,1450.9963957153382,20791.4,28162.315,1965.4,85.51,477878.816044907
2023-08-31,16.422973963697704,16.4229739636977,1425.6783697885974,20777.5,28249.784,1938.4,86.81,463945.4671120839
2023-09-30,14.186495367154738,14.186495367154734,1352.3986033508609,20747.8,28337.253,1847.1,95.33,402006.3084023917
2023-10-31,16.510024450716074,16.510024450716074,1443.3063374815993,20732.9,28495.58175,1983.7,87.42,470462.7514298787
2023-11-30,17.90200670964059,17.90200670964059,1480.3169348201807,20746.4,28566.4415,2038.3,82.69,511396.6274035555
2023-12-31,19.496449396341095,19.49644939634109,1499.27695857863,20777.8,28637.30125,2066.4,76.9,558325.6946684006
2024-01-31,17.99922710963087,17.99922710963087,1473.7767157365754,20843.7,28817.88175,2037.6,81.88,518699.5984367367
2024-02-29,17.675606629519596,17.675606629519596,1478.387738493019,20926.9,28927.6025,2043.6,83.64,511312.9225251076
2024-03-31,18.64508823649815,18.64508823649815,1620.444618634054,20973.2,29037.32325,2243.5,86.91,541403.4541479693
2024-04-30,18.719296078014658,18.71929607801466,1645.0517393359282,20958.8,29238.199,2294.9,87.88,547318.5038689121
2024-05-31,20.43491466478516,20.434914664785165,1667.0803383531734,21019.9,29329.354,2326.1,81.58,599342.8461632753
2024-06-30,19.54597399835559,19.54597399835559,1665.1215249199124,21067.7,29420.509,2325.3,85.19,575052.5039323865
2024-07-31,21.595002070549672,21.595002070549672,1743.796417196886,21094.4,29590.0435,2446.1,80.75,638997.0506501548
2024-08-31,22.641259142616015,22.64125914261601,1784.357633029568,21185.8,29668.423000000003,2498.8,78.81,671730.4534957493
2024-09-30,26.196307705152226,26.196307705152226,1881.4188193840328,21268.6,29746.8025,2631.4,71.82,779256.3915343916
2024-10-31,26.819436071448333,26.81943607144833,1961.3053599050163,21331.0,29879.41475,2747.3,73.13,801349.0537399154
2024-11-30,26.026528803542984,26.026528803542984,1898.3750109304253,21451.6,29933.6475,2649.0,72.94,779068.9388538525
2024-12-31,25.167308982923274,25.167308982923274,1882.514711922661,21485.3,29987.88025,2627.5,74.8,754714.2479946524
2025-01-31,26.156996085073338,26.156996085073338,2007.5494495293788,21547.6,30153.017,2809.3,76.75,788712.3476221499
2025-02-28,27.784816454019108,27.784816454019108,2033.8485644341988,21613.2,30263.921,2847.9,73.2,840877.4901639344
2025-03-31,29.91837120229118,29.91837120229118,2236.9966147953114,21693.5,30374.825,3132.2,74.77,908765.2895546342
2025-04-30,36.83315031312618,36.83315031312618,2324.5401162613935,21775.5,30638.8035,3270.7,63.11,1128523.6547298366
2025-05-31,36.495643106919296,36.495643106919296,2332.436550963212,21833.8,30791.877999999997,3289.4,63.91,1123769.3900797998
2025-06-30,34.70459789978261,34.70459789978261,2346.7249099833,21938.7,30944.9525,3310.1,67.62,1073932.1335403726
2025-07-31,32.023599561258145,32.023599561258145,2320.750260204378,22019.9,31184.141,3286.6,72.47,998628.444045812
2025-08-31,36.40537500037052,36.40537500037051,2454.814436274984,22086.8,31270.254999999997,3475.5,67.43,1138405.359632211
2025-09-30,40.51193213450346,40.51193213450345,2720.781362153252,22169.8,31356.369,3848.2,67.16,1270307.092912448
2025-10-31,43.4610087926592,43.4610087926592,2827.5732320504076,22250.4,31442.483,3995.7,65.06,1366522.0301260375
