,omega,omega_pred,delta_omega,M2_GDP
2000-08-01,7.933294976994548,7.9768482848510445,-0.043553307856496026,0.4678727386150967
2000-09-01,9.627023437843617,8.01112483505187,1.6158986027917468,0.4684572142410992
2000-10-01,8.786069449302964,8.045487130218813,0.740582319084151,0.4690431519699812
2000-11-01,8.303105013941458,8.253479699452345,0.04962531448911278,0.4725897920604914
2000-12-01,12.04605845881311,8.464641679264677,3.5814167795484337,0.4761904761904761
2001-01-01,9.988717792535375,8.67904606951559,1.309671723019786,0.4798464491362764
2001-02-01,10.604133060133892,8.80110158083312,1.8030314793007722,0.4819277108433734
2001-03-01,10.974467825382314,8.92422049931606,2.0502473260662537,0.484027105517909
2001-04-01,9.70231532524807,9.048416783152756,0.6538985420953143,0.4861448711716091
2001-05-01,9.292468924447242,9.262532302984138,0.029936621463104274,0.489795918367347
2001-06-01,10.324303933747258,9.47988826167461,0.8444156720726479,0.4935022207599934
2001-07-01,10.932238694333932,9.700558781644634,1.231679912689298,0.4972650422675285
2001-08-01,10.238805742406132,9.860950270773724,0.37785547163240807,0.5
2001-09-01,13.369912843917897,10.023115823633749,3.346797020284148,0.5027652086475616
2001-10-01,14.23841059602649,10.187085037850157,4.051325558176334,0.5055611729019212
2001-11-01,14.476743863450547,10.24716328544644,4.229580578004107,0.5065856129685917
2001-12-01,14.403101406048126,10.307485505621791,4.095615900426335,0.5076142131979695
2002-01-01,14.792868699712407,10.368053187527266,4.424815512185141,0.508646998982706
2002-02-01,14.312591037483417,10.347836594278572,3.9647544432048445,0.5083022704168079
2002-03-01,11.941594558149788,10.327647385511085,1.613947172638703,0.5079580088046055
2002-04-01,11.449221419439748,10.307485505621791,1.141735913817957,0.5076142131979695
2002-05-01,13.678257226644323,10.408568750635506,3.2696884760088167,0.5093378607809848
2002-06-01,12.376628503750494,10.510340808221716,1.8662876955287775,0.5110732538330495
2002-07-01,11.537291179871811,10.612808743124752,0.9244824367470592,0.5128205128205129
2002-08-01,11.335268283616996,10.747069184615999,0.5881990990009971,0.5151098901098901
2002-09-01,11.126760353709528,10.882533755627357,0.24422659808217162,0.5174197999310107
2002-10-01,12.465699725597805,11.019218728179357,1.4464809974184476,0.5197505197505198
2002-11-01,12.30769183344867,11.082720288344138,1.2249715451045322,0.5208333333333334
2002-12-01,11.54050485071433,11.146486990722554,0.3940178599917754,0.5219206680584552
2003-01-01,11.666138352643928,11.210520499387066,0.45561785325686266,0.5230125523012552
2003-02-01,10.300000359030332,11.280193163803272,-0.9801928047729405,0.5242005940940067
2003-03-01,11.975044345685715,11.35018307677899,0.6248612689067254,0.5253940455341506
2003-04-01,14.368644326420153,11.420492410105307,2.9481519163148455,0.526592943654555
2003-05-01,13.71331828442438,11.398824616692906,2.3144936677314742,0.5262234695667426
2003-06-01,11.98060941828255,11.37718720756575,0.6034222107167988,0.5258545135845749
2003-07-01,12.343096234309623,11.355580118857763,0.9875161154518608,0.5254860746190226
2003-08-01,12.366689012739672,11.167801765890822,1.1988872468488498,0.5222841225626741
2003-09-01,13.720184901975236,10.982297938742828,2.737886963232407,0.5191209551825575
2003-10-01,13.791248206599713,10.799027559806117,2.992220646793596,0.5159958720330238
2003-11-01,13.706389906492875,10.747069184615999,2.9593207218768764,0.5151098901098901
2003-12-01,13.719472350067038,10.695288932069666,3.0241834179973726,0.5142269454919438
2004-01-01,13.62004782279144,10.643685887779824,2.9763619350116155,0.513347022587269
2004-02-01,12.03400102903717,10.695288932069666,1.3387120969675053,0.5142269454919438
2004-03-01,13.233198754814763,10.747069184615999,2.4861295701987647,0.5151098901098901
2004-04-01,10.98495600340619,10.799027559806117,0.18592844360007277,0.5159958720330238
2004-05-01,10.64864864864865,10.752256991474237,-0.10360834282558784,0.5151983513652756
2004-06-01,11.81818200191197,10.705630776748329,1.1125512251636405,0.51440329218107
2004-07-01,9.428502531950809,10.659148248354391,-1.2306457164035827,0.5136106831022085
2004-08-01,10.31155763559006,10.612808743124752,-0.30125110753469286,0.5128205128205129
2004-09-01,8.766750674351576,10.566611601966464,-1.7998609276148887,0.5120327700972862
2004-10-01,8.897425249169435,10.520556169830144,-1.6231309206607083,0.5112474437627812
2004-11-01,10.20348152369362,10.383233637063366,-0.17975211336974617,0.5089058524173028
2004-12-01,10.8345715700842,10.24716328544644,0.5874082846377604,0.5065856129685917
2005-01-01,9.47652185560478,10.112328065614228,-0.6358062100094486,0.5042864346949066
2005-02-01,8.707360861759424,10.062699171141116,-1.3553383093816915,0.5034401745259272
2005-03-01,8.055242619448164,10.013236565475076,-1.957993946026912,0.5025967498743508
2005-04-01,8.595139300533491,9.963939414251811,-1.3688001137183203,0.5017561465127948
2005-05-01,8.444218819329995,9.939352624842414,-1.4951338055124186,0.5013368983957219
2005-06-01,7.873916074719732,9.91480688867965,-2.0408908139599173,0.5009183503088996
2005-07-01,7.1925714220593,9.890302103027672,-2.6977306809683723,0.5005005005005005
2005-08-01,6.494011793307916,9.885406050941938,-3.3913942576340226,0.5004170141784821
2005-09-01,7.601296596434359,9.880511631962303,-2.279215035527944,0.5003335557038024
2005-10-01,7.954506688960418,9.875618845271813,-1.9211121563113949,0.5002501250625312
2005-11-01,9.288263025418134,9.802422365740409,-0.5141593403222746,0.499001996007984
2005-12-01,8.863558031983844,9.729590229063817,-0.8660321970799725,0.4977600796416128
2006-01-01,9.033074660436284,9.657119721665655,-0.6240450612293706,0.496524329692155
2006-02-01,9.394445894712906,9.65230114647575,-0.2578552517628445,0.4964421644878372
2006-03-01,8.807144834892048,9.647484165784583,-0.8403393308925349,0.4963600264725347
2006-04-01,9.033956864767411,9.642668778800843,-0.6087119140334316,0.4962779156327543
2006-05-01,9.508657688323222,9.700558781644634,-0.19190109332141247,0.4972650422675285
2006-06-01,8.381147540983607,9.758679536866484,-1.3775319958828778,0.4982561036372695
2006-07-01,8.484281099759615,9.817032426906987,-1.3327513271473723,0.4992511233150274
2006-08-01,9.25066545099117,9.860950270773724,-0.6102848197825548,0.5
2006-09-01,10.130309283904849,9.905000066099248,0.22530921780560043,0.5007511266900351
2006-10-01,10.762515153856004,9.94918240845183,0.8133327454041748,0.5015045135406219
2006-11-01,10.051274462617505,9.963939414251811,0.08733504836569317,0.5017561465127948
2006-12-01,10.773405905818032,9.978711236322681,0.7946946694953514,0.5020080321285141
2007-01-01,11.535739561217268,9.9934978969893,1.5422416642279675,0.5022601707684581
2007-02-01,11.271258198586672,10.03300170660929,1.2382564919773813,0.5029337803855826
2007-03-01,9.68307287863298,10.072611620132907,-0.3895387414999263,0.5036091992613732
2007-04-01,10.12196935891715,10.112328065614228,0.009641293302921738,0.5042864346949066
2007-05-01,9.69492519800528,10.152151473412957,-0.45722627540767746,0.5049654940245749
2007-06-01,8.973968091746572,10.192082276209963,-1.2181141844633903,0.5056463846283499
2007-07-01,8.65991461386914,10.23212090902296,-1.572206295153821,0.5063291139240506
2007-08-01,9.309724719878266,10.237133341679943,-0.9274086218016766,0.5064145847400405
2007-09-01,9.17376791148535,10.242147466868627,-1.0683795553832773,0.5065000844166807
2007-10-01,8.812729498164014,10.24716328544644,-1.4344337872824262,0.5065856129685917
2007-11-01,8.817495346714365,10.439027723002827,-1.621532376288462,0.5098572399728076
2007-12-01,8.912254743958822,10.63338646388701,-1.721131719928188,0.5131713992473487
2008-01-01,10.075344094857297,10.830288466532071,-0.7549443716747746,0.5165289256198348
2008-02-01,9.634291135638628,10.893004447106495,-1.2587133114678668,0.5175983436853002
2008-03-01,8.953386223072718,10.955980659965466,-2.002594436892748,0.5186721991701245
2008-04-01,7.764578723838811,11.019218728179357,-3.254640004340546,0.5197505197505198
2008-05-01,6.940164159506991,11.125201860582326,-4.185037701075335,0.521557719054242
2008-06-01,6.692196619993,11.231924582185606,-4.539727962192606,0.5233775296580601
2008-07-01,7.364222598018231,11.339394661783299,-3.9751720637650676,0.5252100840336135
2008-08-01,7.307251632681019,11.854753674313336,-4.547502041632318,0.533997864008544
2008-09-01,9.347733235746698,12.387652059463871,-3.039918823717173,0.5430847212165097
2008-10-01,11.946666463216143,12.939000701779847,-0.9923342385637035,0.5524861878453039
2008-11-01,17.1039399037517,13.411205747839311,3.6927341559123903,0.5605381165919282
2008-12-01,24.667782679674417,13.897378178651401,10.770404501023016,0.5688282138794084
2009-01-01,20.99388697742741,14.398147010388556,6.595739967038856,0.5773672055427251
2009-02-01,21.200180139608197,14.575011255572392,6.625168884035805,0.5803830528148578
2009-03-01,19.999999470755203,14.753732884894674,5.246266585860528,0.5834305717619603
2009-04-01,17.707753721809766,14.934341311476665,2.7734124103331013,0.5865102639296187
2009-05-01,15.06309614947628,14.92089754698091,0.14219860249536964,0.586281024037522
2009-06-01,13.611804075553334,14.907464287477922,-1.295660211924588,0.5860519632740769
2009-07-01,13.60873305089942,14.89404152065957,-1.2853084697601496,0.5858230814294083
2009-08-01,13.788757058925404,14.787035652108813,-0.9982785931834091,0.5839984426708195
2009-09-01,15.314494074749318,14.680694287302217,0.6337997874471011,0.5821851348728896
2009-10-01,13.87932120106628,14.575011255572392,-0.6956900545061124,0.5803830528148578
2009-11-01,15.187089823658706,14.49617734380287,0.6909124798558359,0.5790387955993052
2009-12-01,14.05724491300058,14.41770777131363,-0.36046285831304914,0.5777007510109763
2010-01-01,15.21067415730337,14.339600018178807,0.8710741391245627,0.5763688760806917
2010-02-01,14.645102787167692,14.294203258550326,0.35089952861736684,0.5755947812739831
2010-03-01,13.852184258157584,14.248928276012236,-0.39674401785465285,0.5748227629814141
2010-04-01,13.69184331808722,14.203774581219179,-0.5119312631319595,0.574052812858783
2010-05-01,16.60547878317637,14.190895734726404,2.414583048449966,0.5738332058148432
2010-06-01,16.56174979994665,14.178026738211813,2.3837230617348375,0.5736137667304015
2010-07-01,15.12291933418694,14.165167580379581,0.9577517538073597,0.573394495412844
2010-08-01,16.760714765551523,14.184460005928223,2.5762547596233,0.5737234652897303
2010-09-01,15.929354445797808,14.203774581219179,1.7255798645786289,0.574052812858783
2010-10-01,16.354116514203177,14.22311134441972,2.1310051697834567,0.5743825387708213
2010-11-01,16.084379358437936,14.339600018178807,1.7447793402591287,0.5763688760806917
2010-12-01,14.926362297496318,14.456897173190129,0.4694651243061898,0.578368999421631
2011-01-01,13.286838696821755,14.575011255572392,-1.2881725587506363,0.5803830528148578
2011-02-01,12.62032563964931,14.674069874334002,-2.0537442346846912,0.5820721769499418
2011-03-01,12.215875181174864,14.773706768745114,-2.5578315875702504,0.5837711617046117
2011-04-01,12.420534011443102,14.873927017338971,-2.453393005895869,0.585480093676815
2011-05-01,13.162766778092054,15.260175499397498,-2.0974087213054435,0.5920663114268798
2011-06-01,13.428086171449005,15.655212869071725,-2.2271266976227206,0.5988023952095809
2011-07-01,13.838046272493573,16.059342558580973,-2.2212962860873997,0.6056935190793459
2011-08-01,15.926378227494766,16.109614719714507,-0.18323649221974136,0.6065507480792559
2011-09-01,15.849111848526256,16.160029381406034,-0.3109175328797775,0.6074104069649727
2011-10-01,15.802016498625116,16.210587150409737,-0.40857065178462015,0.6082725060827251
2011-11-01,15.817028985507246,16.254036745173835,-0.43700775966658867,0.6090133982947625
2011-12-01,14.493653293801536,16.29759231455931,-1.803939020757774,0.6097560975609756
2012-01-01,15.64606235357722,16.34125424675159,-0.6951918931743695,0.6105006105006106
2012-02-01,13.80863344443541,16.421578666163036,-2.6129452217276263,0.611870283499898
2012-03-01,13.556856051369586,16.5022643155882,-2.9454082642186137,0.6132461161079313
2012-04-01,13.954092318002848,16.58331363727055,-2.6292213192677014,0.6146281499692686
2012-05-01,15.32357851320829,16.724171726940547,-1.4005932137322574,0.6170300287947347
2012-06-01,16.370711725550432,16.866135042174754,-0.49542331662432204,0.6194507536650836
2012-07-01,15.39820473644003,17.009216642230456,-1.6110119057904253,0.6218905472636815
2012-08-01,14.730236206746271,17.206848867453843,-2.4766126607075716,0.6252605252188411
2012-09-01,15.749576384553643,17.40663467099065,-1.657058286437005,0.6286672254819782
2012-10-01,15.860477992064224,17.60860944666903,-1.7481314546048043,0.6321112515802781
2012-11-01,15.425436229537686,17.624237667409993,-2.198801437872307,0.6323777403035412
2012-12-01,15.07912245998921,17.63987907096054,-2.56075661097133,0.6326444538169549
2013-01-01,14.385873799013243,17.655533674007742,-3.269659874994499,0.6329113924050632
2013-02-01,14.21735604217356,17.73400526771794,-3.5166492255443806,0.6342494714587738
2013-03-01,14.50149959102063,17.81280936818115,-3.3113097771605187,0.635593220338983
2013-04-01,14.511655355562114,17.89194809327477,-3.380292737712656,0.6369426751592356
2013-05-01,13.858527325407133,17.89194809327477,-4.0334207678676375,0.6369426751592356
2013-06-01,12.091861717755362,17.89194809327477,-5.800086375519408,0.6369426751592356
2013-07-01,12.28359592215014,17.89194809327477,-5.608352171124631,0.6369426751592356
2013-08-01,12.210249671484886,17.963460814865442,-5.753211143380556,0.6381620931716656
2013-09-01,12.260267651130595,18.035247881935355,-5.7749802308047595,0.639386189258312
2013-10-01,12.154792508262943,18.107310876232958,-5.952518367970015,0.6406149903907752
2013-11-01,11.397869046534923,18.300839999360576,-6.902970952825653,0.6439150032195751
2013-12-01,10.801117419122283,18.496373307582076,-7.695255888459792,0.6472491909385114
2014-01-01,11.699106723084157,18.693942095915183,-6.994835372831027,0.6506180871828238
2014-02-01,12.152478695134244,18.627857710122882,-6.475379014988638,0.6494912318683699
2014-03-01,11.928505106778088,18.562001841765777,-6.633496734987689,0.6483682731791658
2014-04-01,11.950249676345477,18.496373307582076,-6.546123631236599,0.6472491909385114
2014-05-01,11.413837166849214,18.455470394372483,-7.041633227523269,0.646551724137931
2014-06-01,11.823765020026704,18.414655539103066,-6.590890519076362,0.6458557588805167
2014-07-01,12.15348176219801,18.373928457715948,-6.220446695517937,0.6451612903225806
2014-08-01,12.471387002909797,18.471820976755097,-6.0004339738453005,0.6468305304010349
2014-09-01,12.770906015435036,18.570221368785376,-5.799315353350339,0.648508430609598
2014-10-01,13.650959860383944,18.669133596404883,-5.018173736020939,0.6501950585175552
2014-11-01,16.84141162688534,18.818470399592833,-1.977058772707494,0.6527415143603134
2014-12-01,20.778162911611787,18.96898154199325,1.8091813696185355,0.655307994757536
2015-01-01,24.442751000190512,19.120680930254743,5.322070069935769,0.6578947368421053
2015-02-01,19.51752975233194,19.078422210560134,0.4391075417718042,0.6571741511500547
2015-03-01,21.50336302490457,19.0362559607117,2.46710706419287,0.6564551422319476
2015-04-01,17.749437359339833,18.99418187752959,-1.2447445181897585,0.6557377049180328
2015-05-01,18.220455587830607,19.044681827665435,-0.8242262398348288,0.6565988181221274
2015-06-01,18.515415019762845,19.095314585033726,-0.5798995652708818,0.6574621959237344
2015-07-01,21.157487922705315,19.146080674218645,2.0114072484866696,0.6583278472679395
2015-08-01,21.494122108456576,19.3248196132239,2.1693024952326745,0.6613756613756614
2015-09-01,23.01960784313725,19.505221240033855,3.5143866031033966,0.6644518272425249
2015-10-01,23.08998988877654,19.68730886335605,3.4026810254204882,0.6675567423230975
2015-11-01,23.887766554433224,19.92393717170289,3.963829382730335,0.6715916722632639
2015-12-01,28.409334763948493,20.163443391908004,8.24589137204049,0.6756756756756757
2016-01-01,31.17679866146124,20.40588034764248,10.770918313818761,0.6798096532970768
2016-02-01,34.47346485134759,20.47828427136291,13.995180579984684,0.681044267877412
2016-03-01,31.139752337629517,20.550951661715025,10.588800675914491,0.6822833750284285
2016-04-01,26.940857975843397,20.62388395939127,6.316974016452125,0.683526999316473
2016-05-01,24.471511979061805,20.697082615607307,3.774429363454498,0.6847751654873316
2016-06-01,26.48838141025641,20.77054909219825,5.717832318058157,0.686027898467871
2016-07-01,31.19389171679778,20.844284861715984,10.349606855081795,0.6872852233676976
2016-08-01,27.76503080518377,20.918291407527562,6.846739397656208,0.6885471654808354
2016-09-01,26.82429677945373,20.992570223914676,5.831726555539053,0.6898137502874224
2016-10-01,26.33974756879785,21.067122816174212,5.2726247526236385,0.691085003455425
2016-11-01,23.18866428854538,21.132582107999227,2.056082180546152,0.692201199815413
2016-12-01,20.21418539325843,21.198253193234365,-0.9840677999759357,0.6933210076265311
2017-01-01,21.723209477652127,21.264137101430897,0.4590723762212292,0.6944444444444444
2017-02-01,22.411067193675898,21.320779197748493,1.0902879959274046,0.6954102920723227
2017-03-01,23.602649006622517,21.37757907149315,2.2250699351293655,0.6963788300835655
2017-04-01,24.4284064665127,21.434537382821475,2.9938690836912265,0.697350069735007
2017-05-01,25.21868787276342,21.396547538386976,3.8221403343764457,0.6967022758941013
2017-06-01,25.87437395659433,21.358628208744932,4.515745747849397,0.6960556844547564
2017-07-01,24.080197643481565,21.320779197748493,2.759418445733072,0.6954102920723227
2017-08-01,25.218720152817575,21.235875014510462,3.9828451383071126,0.6939625260235947
2017-09-01,22.328981723237597,21.151323618737422,1.1776581045001748,0.6925207756232687
2017-10-01,20.67829773357248,21.067122816174212,-0.38882508260173054,0.691085003455425
2017-11-01,20.058212712397737,20.97397491231972,-0.915762199921982,0.689496667432774
2017-12-01,19.580577269993988,20.88125419444942,-1.3006769244554306,0.687915615684476
2018-01-01,19.48435689455388,20.788957730607358,-1.3046008360534778,0.6863417982155113
2018-02-01,20.062404870624047,20.74296768503889,-0.680562814414845,0.6855575868372943
2018-03-01,18.84243458475541,20.697082615607307,-1.854648030851898,0.6847751654873316
2018-04-01,17.470744680851062,20.65130216329709,-3.1805574824460265,0.6839945280437757
2018-05-01,16.726804123711343,20.642158595411473,-3.9153544717001303,0.6838386140870755
2018-06-01,15.756736338453791,20.63301919505907,-4.876282856605279,0.6836827711941659
2018-07-01,16.47676767676768,20.62388395939127,-4.1471162826235926,0.683526999316473
2018-08-01,15.50904392764858,20.642158595411466,-5.133114667762886,0.6838386140870754
2018-09-01,14.3548970003614,20.660449901567148,-6.305552901205749,0.6841505131128849
2018-10-01,16.067787634052692,20.678757900678477,-4.610970266625785,0.6844626967830253
2018-11-01,20.819420783645658,20.733782284573742,0.08563849907191567,0.6854009595613434
2018-12-01,23.5304922850845,20.788957730607358,2.7415345544771412,0.6863417982155113
2019-01-01,21.33301017935046,20.844284861715984,0.4887253176344757,0.6872852233676976
2019-02-01,19.896891584533737,20.825825592188785,-0.9289340076550481,0.6869704602702084
2019-03-01,19.007509939625976,20.807383222885463,-1.7998732832594868,0.6866559853513389
2019-04-01,17.62742134908641,20.788957730607358,-3.1615363815209463,0.6863417982155113
2019-05-01,20.20585048754063,20.844284861715984,-0.638434374175354,0.6872852233676976
2019-06-01,21.22566909975669,20.899764304266057,0.3259047954906329,0.6882312456985547
2019-07-01,21.66973603437692,20.955396688077478,0.7143393462994432,0.6891798759476223
2019-08-01,25.20788471094915,21.11385788647759,4.094026824471559,0.6918819188191881
2019-09-01,24.220138203356367,21.27356652195703,2.9465716813993375,0.694605232692753
2019-10-01,25.099667774086377,21.434537382821475,3.6651303912649027,0.697350069735007
2019-11-01,23.41443893068673,21.86684253645506,1.5475963942316717,0.704721634954193
2019-12-01,22.93121693121693,22.308384979696214,0.6228319515207161,0.7122507122507123
2020-01-01,27.31728288907997,22.759463976787053,4.557818912292916,0.7199424046076314
2020-02-01,31.272657889715703,25.58068247840778,5.691975411307922,0.7680491551459293
2020-03-01,69.54665492957747,28.805927333347036,40.740727596230435,0.8230452674897121
2020-04-01,66.80253264740799,32.52868336271839,34.2738492846896,0.8865248226950355
2020-05-01,46.23638778220452,31.801547509380846,14.43484027282367,0.8741258741258742
2020-06-01,43.09934418265728,31.09447057613537,12.004873606521912,0.8620689655172414
2020-07-01,45.58327558327559,30.406633831549634,15.176641751725953,0.8503401360544218
2020-08-01,43.076416337285906,30.591068008440686,12.48534832884522,0.8534850640113798
2020-09-01,46.05475433879247,30.776871485331498,15.277882853460973,0.8566533409480297
2020-10-01,50.05602988260406,30.96405956824099,19.091970314363067,0.8598452278589853
2020-11-01,37.32927085522168,31.065432092087654,6.263838763134025,0.861573808156232
2020-12-01,36.46118281641303,31.167213023224654,5.293969793188374,0.8633093525179857
2021-01-01,33.813343055049216,31.269404834706478,2.5439382203427385,0.8650519031141869
2021-02-01,26.573351690377844,31.37201001959506,-4.798658329217215,0.8668015024559377
2021-03-01,26.854851391728257,31.475031091162393,-4.620179699434136,0.8685581933989578
2021-04-01,26.290946992257297,31.57847058309582,-5.287523590838525,0.8703220191470844
2021-05-01,27.519826964671957,31.548873598036963,-4.029046633365006,0.8698173383589447
2021-06-01,23.55573312025569,31.51931091837949,-7.963577798123797,0.8693132425383946
2021-07-01,23.726927608325695,31.489782484513697,-7.762854876188001,0.8688097306689835
2021-08-01,24.753873577402985,31.313327722139917,-6.559454144736932,0.8658008658008658
2021-09-01,22.2881463600559,31.138090939144035,-8.849944579088135,0.8628127696289905
2021-10-01,21.370027640908543,30.96405956824099,-9.594031927332448,0.8598452278589853
2021-11-01,25.266305895756197,30.949610975198254,-5.683305079442057,0.8595988538681948
2021-12-01,23.52857878475798,30.935170659779722,-7.406591875021743,0.8593526210254941
2022-01-01,19.697501096010523,30.920738614874026,-11.223237518863503,0.859106529209622
2022-02-01,18.909036860879905,30.548385292557214,-11.639348431677309,0.8527572484366118
2022-03-01,17.958236658932716,30.18149539370554,-12.223258734772823,0.8465011286681715
2022-04-01,17.40639269406393,29.819949549402978,-12.41355685533905,0.8403361344537815
2022-05-01,14.908943089430894,29.4364360887001,-14.527492999269205,0.8337965536409115
2022-06-01,15.721976209082229,29.058845615807314,-13.336869406725086,0.8273579702151131
2022-07-01,17.023026315789473,28.68704197008529,-11.664015654295817,0.8210180623973727
2022-08-01,17.692945198383924,28.243156001507728,-10.550210803123804,0.8134490238611713
2022-09-01,18.875753097646925,27.80737971747162,-8.931626619824694,0.8060182697474476
2022-10-01,17.123057538849224,27.37949288692711,-10.256435348077886,0.7987220447284346
2022-11-01,20.745254277009607,26.93479963023872,-6.189545353229114,0.7911392405063291
2022-12-01,21.13301635161777,26.498470510039773,-5.365454158422004,0.7836990595611285
2023-01-01,22.82871357498223,26.070271746117825,-3.241558171135594,0.7763975155279503
2023-02-01,21.780135924645283,25.661548210237804,-3.8814122855925213,0.7694280584765324
2023-03-01,24.69349379465965,25.260097335138568,-0.5666035404789191,0.762582613116421
2023-04-01,24.987443495730787,24.865726722386768,0.1217167733440192,0.7558578987150416
2023-05-01,27.098374207770735,24.566218229999578,2.5321559777711578,0.7507507507507507
2023-06-01,25.499332443257675,24.27072998583236,1.228602457425314,0.7457121551081283
2023-07-01,22.9844462635949,23.979181584920703,-0.9947353213258019,0.7407407407407407
2023-08-01,22.329224743693125,23.765713713982933,-1.4364889702898083,0.7371007371007371
2023-09-01,19.37585230252806,23.5543335483844,-4.178481245856339,0.7334963325183373
2023-10-01,22.69160375200183,23.345010610674912,-0.6534068586730832,0.7299270072992701
2023-11-01,24.649897206433668,23.303390250187213,1.3465069562464542,0.7292173067574136
2023-12-01,26.871261378413525,23.26185074518372,3.6094106332298033,0.7285089849441476
2024-01-01,24.885197850512945,23.220391860277267,1.6648059902356778,0.727802037845706
2024-02-01,24.43328550932568,23.096496585934176,1.3367889233915058,0.7256894049346879
2024-03-01,25.81406052237947,22.973318505653864,2.8407420167256063,0.7235890014471781
2024-04-01,26.114019116977698,22.85085140996391,3.263167707013789,0.7215007215007215
2024-05-01,28.513115959794067,22.789882560452554,5.723233399341513,0.7204610951008646
2024-06-01,27.295457213287943,22.72908916086785,4.566368052420092,0.7194244604316548
2024-07-01,30.292260061919503,22.668470454960115,7.623789606959388,0.7183908045977012
2024-08-01,31.70663621367847,22.658384268556986,9.048251945121482,0.7182188173330142
2024-09-01,36.63881927039822,22.64830291039052,13.990516360007703,0.7180469123982767
2024-10-01,37.56734582250787,22.63822637699466,14.929119445513209,0.7178750897343862
2024-11-01,36.31752125034275,22.64830291039052,13.66921833995223,0.7180469123982767
2024-12-01,35.12700534759358,22.658384268556986,12.468621079036595,0.7182188173330142
2025-01-01,36.60325732899023,22.668470454960115,13.934786874030117,0.7183908045977012
2025-02-01,38.90573770491803,22.648302910390527,16.257434794527505,0.7180469123982768
2025-03-01,41.891132807275646,22.62815466490664,19.262978142369008,0.7177033492822966
2025-04-01,51.8253842497227,22.608025690819687,29.217358558903015,0.7173601147776184
2025-05-01,51.46925363792834,22.487655001716014,28.981598636212325,0.715307582260372
2025-06-01,48.95149364093463,22.36797116390536,26.58352247702927,0.7132667617689016
2025-07-01,45.35117979853732,22.248968315214547,23.102211483322776,0.7112375533428166
2025-08-01,51.542340204656675,22.209451026284057,29.332889178372618,0.7105637138796779
2025-09-01,57.29898749255509,22.170008545283395,35.1289789472717,0.7098911500236631
2025-10-01,61.41561635413464,22.130640659991478,39.284975694143164,0.7092198581560284
