date,max_lifespan,n_bars,total_persistence
2001-08-31,0.04159867763519287,3,0.0713624507188797
2001-09-30,0.04159867763519287,3,0.05183775722980499
2001-10-31,0.04159867763519287,3,0.05183775722980499
2001-11-30,0.04159867763519287,4,0.06536900997161865
2001-12-31,0.04159867763519287,4,0.06081303954124451
2002-01-31,0.04159867763519287,4,0.06081303954124451
2002-02-28,0.04159867763519287,3,0.057006850838661194
2002-03-31,0.04159867763519287,4,0.07481187582015991
2002-04-30,0.07077020406723022,3,0.09755051136016846
2002-05-31,0.0561370849609375,4,0.0927371084690094
2002-06-30,0.0561370849609375,4,0.0927371084690094
2002-07-31,0.0561370849609375,5,0.08539699018001556
2002-08-31,0.0561370849609375,6,0.12856701016426086
2002-09-30,0.0561370849609375,5,0.12487651407718658
2002-10-31,0.04358677566051483,6,0.11035145819187164
2002-11-30,0.04358677566051483,6,0.11035145819187164
2002-12-31,0.04358677566051483,6,0.11035145819187164
2003-01-31,0.05005151033401489,5,0.11879093945026398
2003-02-28,0.04358677566051483,7,0.1358497440814972
2003-03-31,0.04358677566051483,8,0.1555352658033371
2003-04-30,0.04358677566051483,9,0.17105142772197723
2003-05-31,0.026412084698677063,9,0.13748526573181152
2003-06-30,0.026412084698677063,9,0.16114647686481476
2003-07-31,0.026412084698677063,9,0.16114647686481476
2003-08-31,0.026412084698677063,9,0.16114647686481476
2003-09-30,0.037588462233543396,9,0.18975965678691864
2003-10-31,0.037588462233543396,8,0.17367242276668549
2003-11-30,0.037588462233543396,9,0.19974906742572784
2003-12-31,0.03296960890293121,10,0.19988775253295898
2004-01-31,0.03296960890293121,11,0.22087319195270538
2004-02-29,0.03296960890293121,11,0.22087319195270538
2004-03-31,0.03296960890293121,12,0.23089207708835602
2004-04-30,0.03296960890293121,12,0.23089207708835602
2004-05-31,0.03296960890293121,11,0.20447999238967896
2004-06-30,0.03296960890293121,10,0.18506744503974915
2004-07-31,0.03296960890293121,8,0.15536130964756012
2004-08-31,0.03296960890293121,7,0.13407562673091888
2004-09-30,0.03296960890293121,8,0.13457739353179932
2004-10-31,0.03983341157436371,8,0.1739090383052826
2004-11-30,0.03983341157436371,8,0.1739090383052826
2004-12-31,0.03983341157436371,8,0.1739090383052826
2005-01-31,0.03983341157436371,7,0.15839287638664246
2005-02-28,0.03983341157436371,7,0.15839287638664246
2005-03-31,0.03983341157436371,7,0.1280190795660019
2005-04-30,0.03983341157436371,7,0.1280190795660019
2005-05-31,0.03983341157436371,5,0.09428693354129791
2005-06-30,0.03983341157436371,5,0.09428693354129791
2005-07-31,0.03983341157436371,5,0.09428693354129791
2005-08-31,0.049816712737083435,4,0.10226482152938843
2005-09-30,0.05537152290344238,3,0.09780074656009674
2005-10-31,0.03983341157436371,2,0.04242922365665436
2005-11-30,0.03983341157436371,2,0.04242922365665436
2005-12-31,0.03983341157436371,3,0.055016934871673584
2006-01-31,0.03983341157436371,3,0.055016934871673584
2006-02-28,0.03983341157436371,3,0.055016934871673584
2006-03-31,0.03983341157436371,4,0.06670208275318146
2006-04-30,0.04055255651473999,5,0.0762469470500946
2006-05-31,0.01326821744441986,5,0.04086644947528839
2006-06-30,0.02102804183959961,6,0.06118828058242798
2006-07-31,0.02102804183959961,7,0.06470680236816406
2006-08-31,0.02102804183959961,8,0.06671002507209778
2006-09-30,0.02102804183959961,8,0.06517331302165985
2006-10-31,0.02102804183959961,9,0.07085150480270386
2006-11-30,0.02102804183959961,8,0.06517331302165985
2006-12-31,0.02102804183959961,7,0.0625775009393692
2007-01-31,0.026785120368003845,7,0.08889611065387726
2007-02-28,0.02102804183959961,8,0.09927698224782944
2007-03-31,0.02102804183959961,9,0.10439103096723557
2007-04-30,0.02102804183959961,8,0.09927698224782944
2007-05-31,0.024773433804512024,7,0.10299902409315109
2007-06-30,0.020948871970176697,6,0.07822559028863907
2007-07-31,0.020948871970176697,5,0.07470706850290298
2007-08-31,0.07615417242050171,6,0.1508612409234047
2007-09-30,0.07615417242050171,5,0.13827352970838547
2007-10-31,0.07615417242050171,4,0.12357596307992935
2007-11-30,0.07615417242050171,4,0.12652426213026047
2007-12-31,0.07615417242050171,3,0.11332016438245773
2008-01-31,0.07615417242050171,3,0.11332016438245773
2008-02-29,0.07615417242050171,3,0.11332016438245773
2008-03-31,0.07615417242050171,3,0.11332016438245773
2008-04-30,0.07615417242050171,3,0.11688882857561111
2008-05-31,0.2563984990119934,2,0.3325526714324951
2008-06-30,0.20471638441085815,3,0.30156898498535156
2008-07-31,0.19796305894851685,3,0.3180319666862488
2008-08-31,0.15337532758712769,4,0.28167957067489624
2008-09-30,0.12314814329147339,4,0.2531324177980423
2008-10-31,0.10622698068618774,5,0.28019358217716217
2008-11-30,0.10622698068618774,4,0.2869537025690079
2008-12-31,0.10622698068618774,4,0.19781461358070374
2009-01-31,0.10622698068618774,4,0.22465559840202332
2009-02-28,0.10622698068618774,3,0.1693113148212433
2009-03-31,0.10622698068618774,3,0.13120073080062866
2009-04-30,0.10622698068618774,3,0.13120073080062866
2009-05-31,0.02224975824356079,3,0.03746122121810913
2009-06-30,0.02224975824356079,3,0.03746122121810913
2009-07-31,0.028953254222869873,4,0.066414475440979
2009-08-31,0.039823561906814575,5,0.09526723623275757
2009-09-30,0.039823561906814575,5,0.09526723623275757
2009-10-31,0.039823561906814575,5,0.09526723623275757
2009-11-30,0.03818462789058685,4,0.0929265171289444
2009-12-31,0.04372875392436981,4,0.09847064316272736
2010-01-31,0.04372875392436981,5,0.11383120715618134
2010-02-28,0.04372875392436981,5,0.11383120715618134
2010-03-31,0.04372875392436981,5,0.11383120715618134
2010-04-30,0.04372875392436981,5,0.11383120715618134
2010-05-31,0.04372875392436981,5,0.11383120715618134
2010-06-30,0.04372875392436981,4,0.10881291329860687
2010-07-31,0.10494302213191986,4,0.19380047917366028
2010-08-31,0.1111549437046051,5,0.29582834243774414
2010-09-30,0.12217256426811218,5,0.3068459630012512
2010-10-31,0.12217256426811218,5,0.3068459630012512
2010-11-30,0.12217256426811218,5,0.3068459630012512
2010-12-31,0.12217256426811218,5,0.27000872790813446
2011-01-31,0.1239766776561737,7,0.26020844280719757
2011-02-28,0.10392695665359497,8,0.2267042100429535
2011-03-31,0.07993781566619873,7,0.21571961045265198
2011-04-30,0.0812278538942337,7,0.17967531085014343
2011-05-31,0.08285896480083466,8,0.20693624019622803
2011-06-30,0.08285896480083466,7,0.22353622317314148
2011-07-31,0.08285896480083466,8,0.22748608887195587
2011-08-31,0.08285896480083466,8,0.2386859506368637
2011-09-30,0.08285896480083466,9,0.24481487274169922
2011-10-31,0.08285896480083466,8,0.24676361680030823
2011-11-30,0.05117414891719818,9,0.21872011572122574
2011-12-31,0.034953534603118896,7,0.18679232150316238
2012-01-31,0.03989219665527344,6,0.1642599180340767
2012-02-29,0.03230328857898712,7,0.1612473502755165
2012-03-31,0.03230328857898712,7,0.1612473502755165
2012-04-30,0.03230328857898712,7,0.1612473502755165
2012-05-31,0.03230328857898712,7,0.1612473502755165
2012-06-30,0.03230328857898712,6,0.13005568832159042
2012-07-31,0.03230328857898712,5,0.09849820286035538
2012-08-31,0.03230328857898712,4,0.07282423228025436
2012-09-30,0.03230328857898712,4,0.07282423228025436
2012-10-31,0.019466206431388855,3,0.04052094370126724
2012-11-30,0.019466206431388855,3,0.04052094370126724
2012-12-31,0.019466206431388855,3,0.04052094370126724
2013-01-31,0.019466206431388855,4,0.05533675104379654
2013-02-28,0.020215317606925964,3,0.04127005487680435
2013-03-31,0.020215317606925964,3,0.04127005487680435
2013-04-30,0.020215317606925964,2,0.02385663241147995
2013-05-31,0.020215317606925964,2,0.02385663241147995
2013-06-30,0.020215317606925964,2,0.02385663241147995
2013-07-31,0.020215317606925964,2,0.02385663241147995
2013-08-31,0.020215317606925964,1,0.020215317606925964
2013-09-30,0.020215317606925964,1,0.020215317606925964
2013-10-31,0.020215317606925964,1,0.020215317606925964
2013-11-30,0.020215317606925964,1,0.020215317606925964
2013-12-31,0.020215317606925964,1,0.020215317606925964
2014-01-31,0.020215317606925964,1,0.020215317606925964
2014-02-28,0.020215317606925964,1,0.020215317606925964
2014-03-31,0.020215317606925964,1,0.020215317606925964
2014-04-30,0.020215317606925964,2,0.02505628764629364
2014-05-31,0.020215317606925964,2,0.02505628764629364
2014-06-30,0.020215317606925964,2,0.02505628764629364
2014-07-31,0.0312328040599823,2,0.051448121666908264
2014-08-31,0.1285102367401123,3,0.17995835840702057
2014-09-30,0.1285102367401123,4,0.227496936917305
2014-10-31,0.1285102367401123,4,0.2119157314300537
2014-11-30,0.1285102367401123,3,0.20728161931037903
2014-12-31,0.1285102367401123,3,0.20728161931037903
2015-01-31,0.1285102367401123,3,0.20728161931037903
2015-02-28,0.1285102367401123,3,0.20728161931037903
2015-03-31,0.1285102367401123,3,0.20728161931037903
2015-04-30,0.1285102367401123,4,0.3040054142475128
2015-05-31,0.3594737648963928,4,0.5667553842067719
2015-06-30,0.3594737648963928,4,0.5667553842067719
2015-07-31,0.1686972975730896,5,0.41010788083076477
2015-08-31,0.16858434677124023,6,0.5022545754909515
2015-09-30,0.16858434677124023,6,0.4943521320819855
2015-10-31,0.16858434677124023,6,0.4943521320819855
2015-11-30,0.16858434677124023,7,0.5012114942073822
2015-12-31,0.16858434677124023,7,0.5310354232788086
2016-01-31,0.16858434677124023,6,0.48349684476852417
2016-02-29,0.16858434677124023,7,0.427486389875412
2016-03-31,0.16858434677124023,8,0.3980882167816162
2016-04-30,0.16858434677124023,7,0.3924946188926697
2016-05-31,0.16858434677124023,7,0.3924946188926697
2016-06-30,0.16858434677124023,8,0.428900808095932
2016-07-31,0.16858434677124023,8,0.4312598407268524
2016-08-31,0.16858434677124023,7,0.41435134410858154
2016-09-30,0.16858434677124023,6,0.43076393008232117
2016-10-31,0.16858434677124023,5,0.46359625458717346
2016-11-30,0.16858434677124023,5,0.42476555705070496
2016-12-31,0.13700592517852783,4,0.31109699606895447
2017-01-31,0.13700592517852783,3,0.3051615059375763
2017-02-28,0.13700592517852783,2,0.17652574181556702
2017-03-31,0.13700592517852783,2,0.17652574181556702
2017-04-30,0.13700592517852783,2,0.17652574181556702
2017-05-31,0.13700592517852783,1,0.13700592517852783
2017-06-30,0.13700592517852783,1,0.13700592517852783
2017-07-31,0.13700592517852783,1,0.13700592517852783
2017-08-31,0.13700592517852783,1,0.13700592517852783
2017-09-30,0.13700592517852783,1,0.13700592517852783
2017-10-31,0.13700592517852783,1,0.13700592517852783
2017-11-30,0.13700592517852783,2,0.21637731790542603
2017-12-31,0.0793713927268982,2,0.156404048204422
2018-01-31,0.0793713927268982,2,0.11303070187568665
2018-02-28,0.0793713927268982,2,0.11412510275840759
2018-03-31,0.0793713927268982,3,0.11928176879882812
2018-04-30,0.0347537100315094,3,0.04582872986793518
2018-05-31,0.0347537100315094,3,0.04582872986793518
2018-06-30,0.06520944833755493,5,0.13961613178253174
2018-07-31,0.06520944833755493,5,0.13961613178253174
2018-08-31,0.06520944833755493,6,0.1991325318813324
2018-09-30,0.06520944833755493,6,0.1991325318813324
2018-10-31,0.06520944833755493,5,0.164378821849823
2018-11-30,0.06520944833755493,6,0.2234991192817688
2018-12-31,0.06520944833755493,7,0.2850426137447357
2019-01-31,0.06520944833755493,7,0.2850426137447357
2019-02-28,0.06520944833755493,6,0.2798859477043152
2019-03-31,0.06520944833755493,6,0.2798859477043152
2019-04-30,0.06520944833755493,6,0.2798859477043152
2019-05-31,0.06520944833755493,7,0.33490675687789917
2019-06-30,0.06520944833755493,6,0.3318941295146942
2019-07-31,0.06520944833755493,6,0.33494117856025696
2019-08-31,0.06520944833755493,5,0.27396759390830994
2019-09-30,0.06520944833755493,5,0.27396759390830994
2019-10-31,0.06520944833755493,5,0.27396759390830994
2019-11-30,0.06520944833755493,5,0.27396759390830994
2019-12-31,0.09428545832633972,3,0.22103840112686157
2020-01-31,0.06520944833755493,2,0.12675294280052185
2020-02-29,0.06154349446296692,1,0.06154349446296692
2020-03-31,0.06154349446296692,1,0.06154349446296692
2020-04-30,0.06154349446296692,1,0.06154349446296692
2020-05-31,0.06154349446296692,1,0.06154349446296692
2020-06-30,0.06154349446296692,1,0.06154349446296692
2020-07-31,0.0,0,0.0
2020-08-31,0.0,0,0.0
2020-09-30,0.0,0,0.0
2020-10-31,0.0,0,0.0
2020-11-30,0.0,0,0.0
2020-12-31,0.0,0,0.0
2021-01-31,0.0,0,0.0
2021-02-28,0.0,0,0.0
2021-03-31,0.0,0,0.0
2021-04-30,0.0,0,0.0
2021-05-31,0.0,0,0.0
2021-06-30,0.0,0,0.0
2021-07-31,0.0,0,0.0
2021-08-31,0.03887370228767395,1,0.03887370228767395
2021-09-30,0.04545477032661438,1,0.04545477032661438
2021-10-31,0.04545477032661438,1,0.04545477032661438
2021-11-30,0.04545477032661438,1,0.04545477032661438
2021-12-31,0.04545477032661438,1,0.04545477032661438
2022-01-31,0.04545477032661438,2,0.048766881227493286
2022-02-28,0.04545477032661438,2,0.048766881227493286
2022-03-31,0.04545477032661438,2,0.048766881227493286
2022-04-30,0.04545477032661438,2,0.048766881227493286
2022-05-31,0.04545477032661438,2,0.048766881227493286
2022-06-30,0.04545477032661438,2,0.048766881227493286
2022-07-31,0.08128136396408081,4,0.14886218309402466
2022-08-31,0.08444193005561829,4,0.2030797302722931
2022-09-30,0.08444193005561829,5,0.23696857690811157
2022-10-31,0.08444193005561829,6,0.25064247846603394
2022-11-30,0.08444193005561829,5,0.24733036756515503
2022-12-31,0.08045706152915955,6,0.3159559667110443
2023-01-31,0.08045706152915955,7,0.3529525399208069
2023-02-28,0.08045706152915955,7,0.3529525399208069
2023-03-31,0.08045706152915955,7,0.3320930302143097
2023-04-30,0.08045706152915955,6,0.3074977695941925
2023-05-31,0.08045706152915955,6,0.3074977695941925
2023-06-30,0.08045706152915955,6,0.3074977695941925
2023-07-31,0.08045706152915955,6,0.3074977695941925
2023-08-31,0.08045706152915955,6,0.3074977695941925
2023-09-30,0.08045706152915955,6,0.3074977695941925
2023-10-31,0.08045706152915955,6,0.3074977695941925
2023-11-30,0.08045706152915955,6,0.3074977695941925
2023-12-31,0.08045706152915955,6,0.3074977695941925
2024-01-31,0.07729649543762207,5,0.23677104711532593
2024-02-29,0.15061771869659424,3,0.26022475957870483
2024-03-31,0.1701740026473999,3,0.2797810435295105
2024-04-30,0.1701740026473999,2,0.20717057585716248
2024-05-31,0.1701740026473999,1,0.1701740026473999
2024-06-30,0.1701740026473999,1,0.1701740026473999
2024-07-31,0.025926291942596436,1,0.025926291942596436
2024-08-31,0.0,0,0.0
