,M2_over_GDP,omega
2000-08-01,0.4678727386150967,7.933294976994548
2000-09-01,0.46845721424109926,9.627023437843617
2000-10-01,0.4690431519699812,8.786069449302964
2000-11-01,0.47258979206049145,8.303105013941458
2000-12-01,0.47619047619047616,12.04605845881311
2001-01-01,0.4798464491362764,9.988717792535375
2001-02-01,0.48192771084337344,10.604133060133892
2001-03-01,0.48402710551790906,10.974467825382314
2001-04-01,0.48614487117160915,9.70231532524807
2001-05-01,0.489795918367347,9.292468924447242
2001-06-01,0.4935022207599934,10.324303933747258
2001-07-01,0.49726504226752855,10.932238694333932
2001-08-01,0.5,10.238805742406132
2001-09-01,0.5027652086475616,13.369912843917897
2001-10-01,0.5055611729019212,14.23841059602649
2001-11-01,0.5065856129685917,14.476743863450547
2001-12-01,0.5076142131979695,14.403101406048126
2002-01-01,0.508646998982706,14.792868699712407
2002-02-01,0.5083022704168079,14.312591037483417
2002-03-01,0.5079580088046055,11.941594558149788
2002-04-01,0.5076142131979695,11.449221419439748
2002-05-01,0.5093378607809848,13.678257226644323
2002-06-01,0.5110732538330495,12.376628503750494
2002-07-01,0.5128205128205129,11.537291179871811
2002-08-01,0.5151098901098901,11.335268283616996
2002-09-01,0.5174197999310107,11.126760353709528
2002-10-01,0.5197505197505198,12.465699725597805
2002-11-01,0.5208333333333334,12.30769183344867
2002-12-01,0.5219206680584552,11.54050485071433
2003-01-01,0.5230125523012552,11.666138352643928
2003-02-01,0.5242005940940067,10.300000359030332
2003-03-01,0.5253940455341506,11.975044345685715
2003-04-01,0.526592943654555,14.368644326420153
2003-05-01,0.5262234695667426,13.71331828442438
2003-06-01,0.5258545135845749,11.98060941828255
2003-07-01,0.5254860746190226,12.343096234309623
2003-08-01,0.5222841225626741,12.366689012739672
2003-09-01,0.5191209551825575,13.720184901975236
2003-10-01,0.5159958720330238,13.791248206599713
2003-11-01,0.5151098901098901,13.706389906492875
2003-12-01,0.5142269454919438,13.719472350067038
2004-01-01,0.513347022587269,13.62004782279144
2004-02-01,0.5142269454919438,12.03400102903717
2004-03-01,0.5151098901098901,13.233198754814763
2004-04-01,0.5159958720330238,10.98495600340619
2004-05-01,0.5151983513652756,10.64864864864865
2004-06-01,0.51440329218107,11.81818200191197
2004-07-01,0.5136106831022085,9.428502531950809
2004-08-01,0.5128205128205129,10.31155763559006
2004-09-01,0.5120327700972862,8.766750674351576
2004-10-01,0.5112474437627812,8.897425249169435
2004-11-01,0.5089058524173028,10.20348152369362
2004-12-01,0.5065856129685917,10.8345715700842
2005-01-01,0.5042864346949066,9.47652185560478
2005-02-01,0.5034401745259272,8.707360861759424
2005-03-01,0.5025967498743508,8.055242619448164
2005-04-01,0.5017561465127948,8.595139300533491
2005-05-01,0.5013368983957219,8.444218819329995
2005-06-01,0.5009183503088996,7.873916074719732
2005-07-01,0.5005005005005005,7.1925714220593
2005-08-01,0.5004170141784821,6.494011793307916
2005-09-01,0.5003335557038024,7.601296596434359
2005-10-01,0.5002501250625312,7.954506688960418
2005-11-01,0.499001996007984,9.288263025418134
2005-12-01,0.4977600796416128,8.863558031983844
2006-01-01,0.496524329692155,9.033074660436284
2006-02-01,0.49644216448783723,9.394445894712906
2006-03-01,0.4963600264725347,8.807144834892048
2006-04-01,0.4962779156327543,9.033956864767411
2006-05-01,0.49726504226752855,9.508657688323222
2006-06-01,0.4982561036372695,8.381147540983607
2006-07-01,0.4992511233150274,8.484281099759615
2006-08-01,0.5,9.25066545099117
2006-09-01,0.5007511266900351,10.130309283904849
2006-10-01,0.5015045135406219,10.762515153856004
2006-11-01,0.5017561465127948,10.051274462617505
2006-12-01,0.5020080321285141,10.773405905818032
2007-01-01,0.5022601707684581,11.535739561217268
2007-02-01,0.5029337803855826,11.271258198586672
2007-03-01,0.5036091992613732,9.68307287863298
2007-04-01,0.5042864346949066,10.12196935891715
2007-05-01,0.5049654940245749,9.69492519800528
2007-06-01,0.5056463846283499,8.973968091746572
2007-07-01,0.5063291139240506,8.65991461386914
2007-08-01,0.5064145847400405,9.309724719878266
2007-09-01,0.5065000844166807,9.17376791148535
2007-10-01,0.5065856129685917,8.812729498164014
2007-11-01,0.5098572399728076,8.817495346714365
2007-12-01,0.5131713992473487,8.912254743958822
2008-01-01,0.5165289256198348,10.075344094857297
2008-02-01,0.5175983436853002,9.634291135638628
2008-03-01,0.5186721991701245,8.953386223072718
2008-04-01,0.5197505197505198,7.764578723838811
2008-05-01,0.521557719054242,6.940164159506991
2008-06-01,0.5233775296580601,6.692196619993
2008-07-01,0.5252100840336135,7.364222598018231
2008-08-01,0.533997864008544,7.307251632681019
2008-09-01,0.5430847212165097,9.347733235746698
2008-10-01,0.5524861878453039,11.946666463216143
2008-11-01,0.5605381165919282,17.1039399037517
2008-12-01,0.5688282138794084,24.667782679674417
2009-01-01,0.5773672055427251,20.99388697742741
2009-02-01,0.5803830528148578,21.200180139608197
2009-03-01,0.5834305717619603,19.999999470755203
2009-04-01,0.5865102639296187,17.707753721809766
2009-05-01,0.586281024037522,15.06309614947628
2009-06-01,0.5860519632740769,13.611804075553334
2009-07-01,0.5858230814294083,13.60873305089942
2009-08-01,0.5839984426708195,13.788757058925404
2009-09-01,0.5821851348728896,15.314494074749318
2009-10-01,0.5803830528148578,13.87932120106628
2009-11-01,0.5790387955993052,15.187089823658706
2009-12-01,0.5777007510109763,14.05724491300058
2010-01-01,0.5763688760806917,15.21067415730337
2010-02-01,0.5755947812739831,14.645102787167692
2010-03-01,0.5748227629814141,13.852184258157584
2010-04-01,0.574052812858783,13.69184331808722
2010-05-01,0.5738332058148432,16.60547878317637
2010-06-01,0.5736137667304015,16.56174979994665
2010-07-01,0.573394495412844,15.12291933418694
2010-08-01,0.5737234652897303,16.760714765551523
2010-09-01,0.574052812858783,15.929354445797808
2010-10-01,0.5743825387708213,16.354116514203177
2010-11-01,0.5763688760806917,16.084379358437936
2010-12-01,0.578368999421631,14.926362297496318
2011-01-01,0.5803830528148578,13.286838696821755
2011-02-01,0.5820721769499418,12.62032563964931
2011-03-01,0.5837711617046117,12.215875181174864
2011-04-01,0.585480093676815,12.420534011443102
2011-05-01,0.5920663114268798,13.162766778092054
2011-06-01,0.5988023952095809,13.428086171449005
2011-07-01,0.6056935190793459,13.838046272493573
2011-08-01,0.6065507480792559,15.926378227494766
2011-09-01,0.6074104069649727,15.849111848526256
2011-10-01,0.6082725060827251,15.802016498625116
2011-11-01,0.6090133982947625,15.817028985507246
2011-12-01,0.6097560975609756,14.493653293801536
2012-01-01,0.6105006105006106,15.64606235357722
2012-02-01,0.611870283499898,13.80863344443541
2012-03-01,0.6132461161079313,13.556856051369586
2012-04-01,0.6146281499692686,13.954092318002848
2012-05-01,0.6170300287947347,15.32357851320829
2012-06-01,0.6194507536650836,16.370711725550432
2012-07-01,0.6218905472636815,15.39820473644003
2012-08-01,0.6252605252188411,14.730236206746271
2012-09-01,0.6286672254819782,15.749576384553643
2012-10-01,0.6321112515802781,15.860477992064224
2012-11-01,0.6323777403035412,15.425436229537686
2012-12-01,0.6326444538169549,15.07912245998921
2013-01-01,0.6329113924050632,14.385873799013243
2013-02-01,0.6342494714587738,14.21735604217356
2013-03-01,0.635593220338983,14.50149959102063
2013-04-01,0.6369426751592356,14.511655355562114
2013-05-01,0.6369426751592356,13.858527325407133
2013-06-01,0.6369426751592356,12.091861717755362
2013-07-01,0.6369426751592356,12.28359592215014
2013-08-01,0.6381620931716656,12.210249671484886
2013-09-01,0.639386189258312,12.260267651130595
2013-10-01,0.6406149903907752,12.154792508262943
2013-11-01,0.6439150032195751,11.397869046534923
2013-12-01,0.6472491909385114,10.801117419122283
2014-01-01,0.6506180871828238,11.699106723084157
2014-02-01,0.6494912318683699,12.152478695134244
2014-03-01,0.6483682731791658,11.928505106778088
2014-04-01,0.6472491909385114,11.950249676345477
2014-05-01,0.646551724137931,11.413837166849214
2014-06-01,0.6458557588805167,11.823765020026704
2014-07-01,0.6451612903225806,12.15348176219801
2014-08-01,0.6468305304010349,12.471387002909797
2014-09-01,0.648508430609598,12.770906015435036
2014-10-01,0.6501950585175552,13.650959860383944
2014-11-01,0.6527415143603134,16.84141162688534
2014-12-01,0.655307994757536,20.778162911611787
2015-01-01,0.6578947368421053,24.442751000190512
2015-02-01,0.6571741511500547,19.51752975233194
2015-03-01,0.6564551422319476,21.50336302490457
2015-04-01,0.6557377049180328,17.749437359339833
2015-05-01,0.6565988181221274,18.220455587830607
2015-06-01,0.6574621959237344,18.515415019762845
2015-07-01,0.6583278472679395,21.157487922705315
2015-08-01,0.6613756613756614,21.494122108456576
2015-09-01,0.6644518272425249,23.01960784313725
2015-10-01,0.6675567423230975,23.08998988877654
2015-11-01,0.6715916722632639,23.887766554433224
2015-12-01,0.6756756756756757,28.409334763948493
2016-01-01,0.6798096532970768,31.17679866146124
2016-02-01,0.681044267877412,34.47346485134759
2016-03-01,0.6822833750284285,31.139752337629517
2016-04-01,0.683526999316473,26.940857975843397
2016-05-01,0.6847751654873316,24.471511979061805
2016-06-01,0.686027898467871,26.48838141025641
2016-07-01,0.6872852233676976,31.19389171679778
2016-08-01,0.6885471654808354,27.76503080518377
2016-09-01,0.6898137502874224,26.82429677945373
2016-10-01,0.691085003455425,26.33974756879785
2016-11-01,0.692201199815413,23.18866428854538
2016-12-01,0.6933210076265311,20.21418539325843
2017-01-01,0.6944444444444444,21.723209477652127
2017-02-01,0.6954102920723227,22.411067193675898
2017-03-01,0.6963788300835655,23.602649006622517
2017-04-01,0.697350069735007,24.4284064665127
2017-05-01,0.6967022758941013,25.21868787276342
2017-06-01,0.6960556844547564,25.87437395659433
2017-07-01,0.6954102920723227,24.080197643481565
2017-08-01,0.6939625260235947,25.218720152817575
2017-09-01,0.6925207756232687,22.328981723237597
2017-10-01,0.691085003455425,20.67829773357248
2017-11-01,0.689496667432774,20.058212712397737
2017-12-01,0.687915615684476,19.580577269993988
2018-01-01,0.6863417982155113,19.48435689455388
2018-02-01,0.6855575868372943,20.062404870624047
2018-03-01,0.6847751654873316,18.84243458475541
2018-04-01,0.6839945280437757,17.470744680851062
2018-05-01,0.6838386140870755,16.726804123711343
2018-06-01,0.6836827711941659,15.756736338453791
2018-07-01,0.683526999316473,16.47676767676768
2018-08-01,0.6838386140870754,15.50904392764858
2018-09-01,0.6841505131128849,14.3548970003614
2018-10-01,0.6844626967830253,16.067787634052692
2018-11-01,0.6854009595613434,20.819420783645658
2018-12-01,0.6863417982155113,23.5304922850845
2019-01-01,0.6872852233676976,21.33301017935046
2019-02-01,0.6869704602702084,19.896891584533737
2019-03-01,0.6866559853513389,19.007509939625976
2019-04-01,0.6863417982155113,17.62742134908641
2019-05-01,0.6872852233676976,20.20585048754063
2019-06-01,0.6882312456985547,21.22566909975669
2019-07-01,0.6891798759476223,21.66973603437692
2019-08-01,0.6918819188191881,25.20788471094915
2019-09-01,0.694605232692753,24.220138203356367
2019-10-01,0.697350069735007,25.099667774086377
2019-11-01,0.704721634954193,23.41443893068673
2019-12-01,0.7122507122507123,22.93121693121693
2020-01-01,0.7199424046076314,27.31728288907997
2020-02-01,0.7680491551459293,31.272657889715703
2020-03-01,0.8230452674897121,69.54665492957747
2020-04-01,0.8865248226950355,66.80253264740799
2020-05-01,0.8741258741258742,46.23638778220452
2020-06-01,0.8620689655172414,43.09934418265728
2020-07-01,0.8503401360544218,45.58327558327559
2020-08-01,0.8534850640113798,43.076416337285906
2020-09-01,0.8566533409480297,46.05475433879247
2020-10-01,0.8598452278589853,50.05602988260406
2020-11-01,0.861573808156232,37.32927085522168
2020-12-01,0.8633093525179857,36.46118281641303
2021-01-01,0.8650519031141869,33.813343055049216
2021-02-01,0.8668015024559377,26.573351690377844
2021-03-01,0.8685581933989578,26.854851391728257
2021-04-01,0.8703220191470844,26.290946992257297
2021-05-01,0.8698173383589447,27.519826964671957
2021-06-01,0.8693132425383946,23.55573312025569
2021-07-01,0.8688097306689835,23.726927608325695
2021-08-01,0.8658008658008658,24.753873577402985
2021-09-01,0.8628127696289905,22.2881463600559
2021-10-01,0.8598452278589853,21.370027640908543
2021-11-01,0.8595988538681948,25.266305895756197
2021-12-01,0.8593526210254941,23.52857878475798
2022-01-01,0.859106529209622,19.697501096010523
2022-02-01,0.8527572484366118,18.909036860879905
2022-03-01,0.8465011286681715,17.958236658932716
2022-04-01,0.8403361344537815,17.40639269406393
2022-05-01,0.8337965536409115,14.908943089430894
2022-06-01,0.8273579702151131,15.721976209082229
2022-07-01,0.8210180623973727,17.023026315789473
2022-08-01,0.8134490238611713,17.692945198383924
2022-09-01,0.8060182697474476,18.875753097646925
2022-10-01,0.7987220447284346,17.123057538849224
2022-11-01,0.7911392405063291,20.745254277009607
2022-12-01,0.7836990595611285,21.13301635161777
2023-01-01,0.7763975155279503,22.82871357498223
2023-02-01,0.7694280584765324,21.780135924645283
2023-03-01,0.762582613116421,24.69349379465965
2023-04-01,0.7558578987150416,24.987443495730787
2023-05-01,0.7507507507507507,27.098374207770735
2023-06-01,0.7457121551081283,25.499332443257675
2023-07-01,0.7407407407407407,22.9844462635949
2023-08-01,0.7371007371007371,22.329224743693125
2023-09-01,0.7334963325183373,19.37585230252806
2023-10-01,0.7299270072992701,22.69160375200183
2023-11-01,0.7292173067574136,24.649897206433668
2023-12-01,0.7285089849441476,26.871261378413525
2024-01-01,0.727802037845706,24.885197850512945
2024-02-01,0.7256894049346879,24.43328550932568
2024-03-01,0.7235890014471781,25.81406052237947
2024-04-01,0.7215007215007215,26.114019116977698
2024-05-01,0.7204610951008646,28.513115959794067
2024-06-01,0.7194244604316548,27.295457213287943
2024-07-01,0.7183908045977012,30.292260061919503
2024-08-01,0.7182188173330142,31.70663621367847
2024-09-01,0.7180469123982767,36.63881927039822
2024-10-01,0.7178750897343862,37.56734582250787
2024-11-01,0.7180469123982767,36.31752125034275
2024-12-01,0.7182188173330142,35.12700534759358
2025-01-01,0.7183908045977012,36.60325732899023
2025-02-01,0.7180469123982768,38.90573770491803
2025-03-01,0.7177033492822966,41.891132807275646
2025-04-01,0.7173601147776184,51.8253842497227
2025-05-01,0.715307582260372,51.46925363792834
2025-06-01,0.7132667617689016,48.95149364093463
2025-07-01,0.7112375533428166,45.35117979853732
2025-08-01,0.7105637138796779,51.542340204656675
2025-09-01,0.7098911500236631,57.29898749255509
2025-10-01,0.7092198581560284,61.41561635413464
