,L,GDP,L_over_GDP,omega,M2
2000-08-31,38234.51514162523,10376.9545,3.684560353582087,7.933294976994548,4819.5
2000-09-30,46741.12419541833,10406.349250000001,4.491596723550127,9.627023437843617,4855.2
2000-10-31,42799.58010838953,10444.36575,4.097863013691332,8.786069449302964,4871.3
2000-11-30,40541.57085157196,10452.9875,3.8784673617539447,8.303105013941458,4882.7
2000-12-31,59358.157661647485,10461.60925,5.673903148470919,12.04605845881311,4927.6
2001-01-31,49726.83378657886,10502.42325,4.734796208730101,9.988717792535375,4978.3
2001-02-28,53200.935562691746,10534.6155,5.050107007957884,10.604133060133893,5017.0
2001-03-31,55693.22932025017,10566.80775,5.270582245640853,10.974467825382314,5074.8
2001-04-30,49861.16868798236,10598.755000000001,4.704436387857098,9.70231532524807,5139.1
2001-05-31,47737.27135867037,10598.51,4.504149296332255,9.292468924447242,5137.2
2001-06-30,53480.926807204174,10598.265,5.0461964111299515,10.324303933747258,5180.1
2001-07-31,56956.963597479786,10613.63125,5.366397442673523,10.932238694333932,5210.0
2001-08-31,53690.24955202928,10629.2425,5.051183050158962,10.238805742406132,5243.8
2001-09-30,71597.22027046472,10644.85375,6.725993794932572,13.369912843917895,5355.1
2001-10-31,76087.21854304636,10691.223750000001,7.116792270206331,14.23841059602649,5343.8
2001-11-30,77993.45756433983,10721.9825,7.274163855829817,14.476743863450547,5387.5
2001-12-31,78360.07319960483,10752.74125,7.287450834884066,14.403101406048126,5440.5
2002-01-31,80782.37668225948,10809.49,7.473282891446265,14.792868699712407,5460.9
2002-02-28,78578.98731399146,10835.48,7.252007969558474,14.312591037483417,5490.2
2002-03-31,65702.65325894013,10861.47,6.049149264228519,11.941594558149788,5502.0
2002-04-30,62994.76117189943,10911.605,5.773189294507951,11.449221419439747,5502.1
2002-05-31,75617.50942605782,10935.75,6.914707214965395,13.678257226644323,5528.3
2002-06-30,68731.13106987762,10959.895,6.271148680701559,12.376628503750494,5553.3
2002-07-31,64562.681442562665,11003.38825,5.867527344821506,11.537291179871813,5596.0
2002-08-31,63911.64316351771,11022.7365,5.798164835339909,11.335268283616996,5638.3
2002-09-30,63003.055150809465,11042.084750000002,5.705721027979744,11.126760353709528,5662.3
2002-10-31,71142.99490395923,11089.607,6.415285492439835,12.465699725597805,5707.1
2002-11-30,70868.92034618079,11117.781,6.374376356773063,12.30769183344867,5758.1
2002-12-31,66697.1937342184,11145.955000000002,5.983981967827646,11.54050485071433,5779.4
2003-01-31,67804.76271940177,11208.788250000001,6.049250035515816,11.666138352643927,5812.1
2003-02-28,60236.46209968119,11243.4475,5.357472616800246,10.300000359030332,5848.2
2003-03-31,70274.35023822206,11278.106749999999,6.231041414661381,11.975044345685717,5868.4
2003-04-30,84854.02906967422,11376.24175,7.458880615795126,14.368644326420153,5905.5
2003-05-31,81804.05756207676,11439.717499999999,7.150880916602772,13.71331828442438,5965.3
2003-06-30,71910.01385041552,11503.19325,6.25130885725279,11.98060941828255,6002.2
2003-07-31,74664.62343096235,11618.06025,6.426599778647417,12.343096234309623,6049.1
2003-08-31,75524.60646970247,11669.4515,6.471992832713901,12.366689012739673,6107.1
2003-09-30,83414.60814853884,11720.84275,7.11677563872605,13.720184901975236,6079.7
2003-10-31,83712.87661406025,11810.037250000001,7.088282182518962,13.791248206599713,6070.0
2003-11-30,83273.17187689747,11847.8405,7.0285527457005745,13.706389906492875,6075.5
2003-12-31,83329.33115983718,11885.64375,7.010922833677998,13.719472350067038,6073.8
2004-01-31,82838.49286299982,11970.789,6.920052877299885,13.62004782279144,6082.1
2004-02-29,73669.74749955976,12018.131000000001,6.129883881242412,12.03400102903717,6121.8
2004-03-31,81488.71461227383,12065.473,6.753876504657035,13.233198754814765,6157.9
2004-04-30,68094.64376951463,12160.938,5.599456536125308,10.98495600340619,6198.9
2004-05-31,66827.72432432433,12209.061000000002,5.473617039371359,10.64864864864865,6275.7
2004-06-30,74193.36478980315,12257.184000000001,6.053051401513034,11.81818200191197,6277.9
2004-07-31,59315.65227875573,12360.78375,4.798696707136854,9.428502531950809,6291.1
2004-08-31,65146.35883013089,12416.2605,5.246858249319986,10.311557635590061,6317.8
2004-09-30,55688.15363361608,12471.73725,4.465148079800677,8.766750674351576,6352.2
2004-10-31,56763.79360465117,12587.232,4.509632745678412,8.897425249169435,6379.8
2004-11-30,65366.56368523844,12647.25,5.168440861470947,10.20348152369362,6406.3
2004-12-31,69606.70505200594,12707.268,5.477708115702442,10.834571570084199,6424.5
2005-01-31,60941.61674902322,12806.1285,4.758785354139092,9.47652185560478,6430.8
2005-02-28,56065.82585278276,12844.971000000001,4.3648075073725545,8.707360861759424,6438.9
2005-03-31,51942.620982987595,12883.8135,4.031618509767127,8.055242619448164,6448.3
2005-04-30,55540.07113218732,12977.6525,4.279670081487181,8.595139300533491,6461.8
2005-05-31,54710.09373043904,13032.649000000001,4.197925819258927,8.444218819329995,6479.0
2005-06-30,51272.57930375248,13087.6455,3.9176320373097266,7.873916074719732,6511.7
2005-07-31,47064.59110024503,13188.0325,3.5687348435215815,7.1925714220593,6543.5
2005-08-31,42706.56975633085,13233.422999999999,3.2271748402760836,6.494011793307916,6576.3
2005-09-30,50245.33063209076,13278.8135,3.7838720027275596,7.601296596434359,6610.1
2005-10-31,52848.94699078412,13392.943,3.9460294119659975,7.954506688960418,6643.9
2005-11-30,61866.33353340256,13461.682,4.595735773093033,9.288263025418134,6660.7
2005-12-31,59277.70340630155,13530.421,4.381068660487471,8.863558031983844,6687.8
2006-01-31,60793.49577220224,13637.726,4.457744331584476,9.033074660436284,6730.1
2006-02-28,63456.663685017265,13676.292000000001,4.63990266404207,9.394445894712906,6754.7
2006-03-31,59618.20553083474,13714.858,4.346979424127814,8.807144834892048,6769.3
2006-04-30,61493.24098278529,13782.615000000002,4.461652667711119,9.033956864767411,6806.9
2006-05-31,64789.140890927934,13811.806,4.690852223882086,9.508657688323222,6813.7
2006-06-30,57425.94672131148,13840.997,4.148974724964646,8.381147540983607,6851.8
2006-07-31,58487.24018930289,13912.530999999999,4.2039252375648175,8.484281099759615,6893.6
2006-08-31,64061.78331465895,13954.874,4.5906386051682695,9.25066545099117,6925.1
2006-09-30,70429.96226542006,13997.217,5.031711822815925,10.130309283904849,6952.4
2006-10-31,75355.90235275358,14083.58275,5.350620200158485,10.762515153856004,7001.7
2006-11-30,70732.8286483319,14127.6055,5.006710347930645,10.051274462617503,7037.2
2006-12-31,76276.79115378225,14171.62825,5.382359021009618,10.773405905818032,7080.1
2007-01-31,82114.85491861288,14262.25875,5.757493000091088,11.535739561217268,7118.3
2007-02-28,80412.5373661769,14308.8665,5.619769907433052,11.271258198586672,7134.3
2007-03-31,69410.20300861691,14355.47425,4.835103445545654,9.683072878632979,7168.2
2007-04-30,73290.1435371114,14442.59075,5.074584249166751,10.12196935891715,7240.7
2007-05-31,70332.8043414491,14483.0995,4.8561983808403095,9.69492519800528,7254.6
2007-06-30,65400.48465903067,14523.608250000001,4.5030465937437185,8.973968091746572,7287.8
2007-07-31,63379.31708452407,14601.85225,4.340498451799091,8.65991461386914,7318.7
2007-08-31,68843.55235855581,14639.587500000001,4.702560940228391,9.309724719878266,7394.8
2007-09-30,68005.1415278409,14677.322750000001,4.633347830948317,9.17376791148535,7413.0
2007-10-31,65461.835985312115,14712.928,4.4492731824224325,8.812729498164014,7428.1
2007-11-30,65722.08331627019,14710.798,4.4676083048839486,8.817495346714365,7453.6
2007-12-31,66698.42327831342,14708.668000000001,4.534633814449644,8.912254743958822,7483.9
2008-01-31,75741.39923308973,14746.32875,5.136288531007403,10.075344094857297,7517.5
2008-02-29,73259.14979539612,14786.1195,4.954589322465311,9.634291135638627,7604.0
2008-03-31,68672.47233096775,14825.910249999999,4.631922841362658,8.953386223072718,7670.0
2008-04-30,59884.31340760683,14874.0255,4.026099955765629,7.764578723838811,7712.5
2008-05-31,53614.15616502341,14882.349999999999,3.6025329443954357,6.940164159506991,7725.2
2008-06-30,51823.70140556379,14890.6745,3.4802789763192927,6.692196619993,7743.9
2008-07-31,57376.13110567964,14826.3015,3.8698883268817674,7.364222598018231,7791.2
2008-08-31,57038.944794381496,14753.604,3.866102465159123,7.307251632681019,7805.8
2008-09-30,73589.09512509231,14680.906500000001,5.0125716096000135,9.347733235746698,7872.4
2008-10-31,95273.47037750242,14563.88225,6.541763297866709,11.946666463216145,7974.9
2008-11-30,137293.3256074149,14519.5555,9.455752664564345,17.1039399037517,8027.0
2008-12-31,202391.7565519247,14475.22875,13.98193838918951,24.667782679674414,8204.7
2009-01-31,174018.32915589583,14418.4855,12.06911288677967,20.99388697742741,8289.0
2009-02-28,176370.65863544247,14406.069,12.242802574070863,21.200180139608197,8319.3
2009-03-31,167727.99556154144,14393.6525,11.652914057883601,19.999999470755203,8386.4
2009-04-30,148587.53225507794,14398.147500000001,10.319906241763249,17.707753721809766,8391.1
2009-05-31,127271.111986155,14415.059000000001,8.82903857598883,15.06309614947628,8449.2
2009-06-30,115146.33421632831,14431.9705,7.978559422382987,13.611804075553334,8459.3
2009-07-31,115177.51217628723,14499.47375,7.943564998439149,13.608733050899419,8463.5
2009-08-31,116694.2509896857,14550.0655,8.02018733109385,13.788757058925404,8463.0
2009-09-30,129585.12306289883,14600.65725,8.8752938202764,15.314494074749318,8461.6
2009-10-31,117806.29042253048,14679.58925,8.025176210058499,13.879321201066281,8487.9
2009-11-30,129348.44402810119,14707.9295,8.794469950926892,15.187089823658706,8517.0
2009-12-31,119658.08014844354,14736.26975,8.119970805260506,14.057244913000579,8512.2
2010-01-31,128951.53230337078,14818.50575,8.702060415461983,15.21067415730337,8477.7
2010-02-28,124883.18499701505,14872.4015,8.39697509491087,14.645102787167692,8527.3
2010-03-31,118069.09252440617,14926.29725,7.910139436919372,13.852184258157584,8523.5
2010-04-30,117130.98121757255,15020.5465,7.798050571433772,13.691843318087221,8554.8
2010-05-31,142956.56684436536,15060.9,9.491900672892415,16.60547878317637,8609.0
2010-06-30,142896.4334489197,15101.253499999999,9.462554446153739,16.56174979994665,8628.1
2010-07-31,130654.46158770807,15183.57375,8.604987451502192,15.122919334186939,8639.5
2010-08-31,145615.41381163508,15225.5405,9.563891266233544,16.760714765551523,8687.9
2010-09-30,138883.26260657737,15267.50725,9.096656077014625,15.929354445797808,8718.7
2010-10-31,143399.43524313913,15319.9675,9.360296308927492,16.354116514203177,8768.4
2010-11-30,141365.61018131103,15330.461,9.221223691923617,16.084379358437936,8789.0
2010-12-31,131698.27982326952,15340.9545,8.584751347986172,14.926362297496318,8823.2
2011-01-31,117575.23562817572,15402.97075,7.633283055359676,13.286838696821757,8849.0
2011-02-28,112488.74852388618,15454.4935,7.278708197320487,12.62032563964931,8913.3
2011-03-31,109594.7241879103,15506.01625,7.067884001986022,12.215875181174864,8971.5
2011-04-30,112220.76684678959,15580.074250000001,7.202839026700375,12.420534011443102,9035.1
2011-05-31,119883.8472615068,15602.6095,7.683576728720078,13.162766778092054,9107.8
2011-06-30,123298.03003486189,15625.14475,7.891000819999565,13.428086171449003,9182.1
2011-07-31,129305.47197943446,15696.32475,8.237945763668941,13.838046272493573,9344.2
2011-08-31,151794.3108862526,15744.9695,9.640813269676554,15.926378227494766,9531.0
2011-09-30,151382.79182119854,15793.61425,9.585063268288861,15.849111848526256,9551.5
2011-10-31,151452.84692942255,15898.8955,9.525998012215537,15.802016498625115,9584.4
2011-11-30,152420.79981884058,15955.532,9.552849746335038,15.817028985507246,9636.5
2011-12-31,140355.0891318447,16012.1685,8.76552661382777,14.493653293801536,9683.9
2012-01-31,152668.0180212651,16103.3825,9.48049380440818,15.646062353577221,9757.6
2012-02-29,135459.93236322247,16137.96,8.393869631801198,13.80863344443541,9809.8
2012-03-31,133587.90384459076,16172.5375,8.26016967619279,13.556856051369586,9853.9
2012-04-30,138252.96045907683,16235.2215,8.515618986724439,13.954092318002848,9907.7
2012-05-31,152491.05921634097,16263.328,9.3763748241652,15.32357851320829,9951.4
2012-06-30,164060.72462877622,16291.4345,10.07036701579448,16.370711725550432,10021.6
2012-07-31,155129.21361726508,16344.7605,9.491066792766102,15.39820473644003,10074.5
2012-08-31,149447.084459165,16369.98,9.129338243489913,14.730236206746273,10145.6
2012-09-30,161056.74306608402,16395.199500000002,9.823408557247747,15.749576384553643,10226.1
2012-10-31,163242.3836855218,16477.3615,9.907070600200269,15.860477992064224,10292.4
2012-11-30,159836.82766684654,16534.304,9.666982515069671,15.425436229537686,10361.9
2012-12-31,158091.02778277287,16591.2465,9.528580494706825,15.07912245998921,10484.1
2013-01-31,151168.20046741108,16668.3135,9.069195900797707,14.385873799013243,10508.1
2013-02-28,149673.21573398216,16688.438000000002,8.968677340202968,14.217356042173561,10527.5
2013-03-31,153480.97137144415,16708.5625,9.185767559084999,14.50149959102063,10583.8
2013-04-30,153987.52847447625,16784.97475,9.174129289320273,14.511655355562114,10611.3
2013-05-31,147539.2677590169,16841.2625,8.760582394521604,13.858527325407133,10646.1
2013-06-30,129422.82352365096,16897.55025,7.659265491673916,12.091861717755362,10703.3
2013-07-31,131960.21427247452,17013.38325,7.756259430203251,12.28359592215014,10742.8
2013-08-31,131885.34875164257,17072.9285,7.724822882708292,12.210249671484886,10801.2
2013-09-30,133171.02722658054,17132.47375,7.773018022372895,12.260267651130597,10862.0
2013-10-31,133536.1969335292,17193.44875,7.7666906084521985,12.154792508262945,10986.3
2013-11-30,125326.40888807942,17194.8785,7.288589383639985,11.397869046534923,10995.6
2013-12-31,119461.43876723439,17196.308250000002,6.946923550712367,10.801117419122285,11060.1
2014-01-31,130220.41711330513,17277.930500000002,7.536806396651793,11.699106723084157,11130.8
2014-02-28,136068.8734536791,17358.123,7.838916307579978,12.152478695134244,11196.8
2014-03-31,133988.12646239556,17438.3155,7.683547557239434,11.928505106778088,11232.6
2014-04-30,134771.3307749214,17589.938000000002,7.661842285909216,11.950249676345477,11277.7
2014-05-31,129464.87221613726,17661.368000000002,7.330398880547489,11.413837166849214,11342.8
2014-06-30,134768.45607476638,17732.798,7.5999543938168355,11.823765020026704,11398.1
2014-07-31,139193.8266224538,17831.19075,7.806199180638219,12.15348176219801,11453.0
2014-08-31,143137.8500484966,17858.1535,8.01526597072293,12.471387002909797,11477.3
2014-09-30,147109.3434823977,17885.11625,8.225238316938404,12.770906015435035,11519.1
2014-10-31,158256.9427574171,17949.9415,8.816571505674105,13.650959860383944,11593.1
2014-11-30,195936.35114950943,17987.804,10.892733273584115,16.84141162688534,11634.2
2014-12-31,243470.2017331023,18025.6665,13.506862657927368,20.778162911611787,11717.6
2015-01-31,288551.564107449,18117.59275,15.92659511057003,24.442751000190512,11805.2
2015-02-28,232703.6037311032,18171.656499999997,12.805855301694882,19.51752975233194,11922.8
2015-03-31,256330.8389383749,18225.72025,14.064236442912312,21.503363024904566,11920.5
2015-04-30,212187.42385596398,18310.2445,11.588453876515082,17.749437359339833,11954.6
2015-05-31,218328.43112673904,18340.705,11.904037010940366,18.220455587830607,11982.6
2015-06-30,222614.53786561266,18371.1655,12.117605595878643,18.515415019762845,12023.2
2015-07-31,255307.40676328502,18410.00375,13.867862833177588,21.157487922705315,12067.0
2015-08-31,260336.80697762605,18418.3815,14.134619101989285,21.494122108456576,12112.0
2015-09-30,280238.4039215686,18426.75925,15.208230602001738,23.01960784313725,12173.9
2015-10-31,282279.74438827095,18457.836,15.293219876277531,23.08998988877654,12225.2
2015-11-30,294225.620650954,18480.535,15.92083890704214,23.887766554433224,12317.0
2015-12-31,351931.99812231754,18503.234,19.020026343628228,28.409334763948493,12387.9
2016-01-31,390286.7540435025,18572.37525,21.014369394862538,31.176798661461238,12518.5
2016-02-29,434500.1036398999,18618.8175,23.336611126882783,34.47346485134759,12603.9
2016-03-31,394285.3161485974,18665.25975,21.124019779504938,31.139752337629517,12661.8
2016-04-30,343312.7413577676,18756.93625,18.303241893129943,26.940857975843397,12743.2
2016-05-31,313284.29635594925,18802.1705,16.662134637910516,24.471511979061805,12802.0
2016-06-30,340441.9220753205,18847.40475,18.06306632616464,26.48838141025641,12852.5
2016-07-31,402772.4104581212,18941.824,21.26365499215499,31.19389171679778,12911.9
2016-08-31,360659.4206500956,18991.009,18.991061541284914,27.76503080518377,12989.7
2016-09-30,350188.51202609047,19040.194,18.392066384727514,26.82429677945373,13054.9
2016-10-31,345651.2393958204,19137.05525,18.06188229486459,26.33974756879785,13122.8
2016-11-30,306292.1099881094,19184.7315,15.965410304966184,23.18866428854538,13208.7
2016-12-31,267532.722261236,19232.40775,13.910516339860568,20.21418539325843,13234.9
2017-01-31,289259.74044157244,19319.723749999997,14.972250337770616,21.723209477652127,13315.7
2017-02-28,300191.76284584985,19359.3635,15.50628267534983,22.411067193675894,13394.8
2017-03-31,317776.6251655629,19399.00325,16.38108005191261,23.602649006622517,13463.6
2017-04-30,330313.5837182448,19502.131,16.937307195723626,24.4284064665127,13521.7
2017-05-31,342189.85387673957,19565.619,17.48934464464117,25.21868787276342,13568.9
2017-06-30,351386.93551752926,19629.107,17.901320499069534,25.874373956594326,13580.5
2017-07-31,328528.5444697834,19778.71825,16.61020397364644,24.080197643481565,13643.1
2017-08-31,345438.46303724934,19864.841500000002,17.389439681018814,25.218720152817575,13697.7
2017-09-30,306914.0866840731,19950.96475,15.38342082851272,22.328981723237597,13745.1
2017-10-31,285362.57655307354,20109.95425,14.1901156514602,20.678297733572478,13800.1
2017-11-30,277675.86768407805,20182.8205,13.75803087997924,20.058212712397737,13843.5
2017-12-31,271811.6994888756,20255.68675,13.419031546233581,19.580577269993988,13881.7
2018-01-31,270838.4061413673,20391.64275,13.28183361496794,19.48435689455388,13900.3
2018-02-28,279856.504261796,20454.7325,13.681748429699388,20.062404870624047,13949.3
2018-03-31,264033.3831058021,20517.82225,12.868489642257336,18.842434584755406,14012.7
2018-04-30,245217.6252659574,20635.3665,11.883366610714543,17.470744680851062,14035.9
2018-05-31,235720.81443298972,20689.821,11.393081382047226,16.726804123711343,14092.4
2018-06-30,222756.13296398896,20744.2755,10.738197772392146,15.756736338453791,14137.2
2018-07-31,233551.59111111113,20828.51425,11.213070135864882,16.47676767676768,14174.6
2018-08-31,220588.23359173126,20858.298499999997,10.57556222007904,15.509043927648579,14223.2
2018-09-30,204492.68521864834,20888.082749999998,9.789921251563808,14.354897000361401,14245.5
2018-10-31,229072.0211836356,20966.30025,10.925724541392828,16.067787634052692,14256.6
2018-11-30,297359.62316865416,21014.7335,14.150054444832916,20.819420783645654,14282.8
2018-12-31,338528.48640705366,21063.166749999997,16.07206031386775,23.5304922850845,14386.8
2019-01-31,308468.92729035387,21183.1845,14.561971420791519,21.33301017935046,14459.7
2019-02-28,288630.2783927217,21254.769,13.579553764744361,19.896891584533737,14506.3
2019-03-31,276701.8259461051,21326.353499999997,12.974643130908674,19.007509939625976,14557.5
2019-04-30,257266.92636351145,21477.746249999997,11.978301790557353,17.62742134908641,14594.7
2019-05-31,297114.90790899243,21557.5545,13.782403189981148,20.20585048754063,14704.4
2019-06-30,314199.3345498783,21637.36275,14.521147432807092,21.22566909975669,14802.8
2019-07-31,322593.02639656235,21771.1825,14.817432465901305,21.66973603437692,14886.8
2019-08-31,377472.9488156369,21825.194,17.295284926935217,25.20788471094915,14974.4
2019-09-30,364440.4195459033,21879.2055,16.656931146147116,24.220138203356367,15047.0
2019-10-31,381115.865448505,21887.72225,17.412312761256143,25.099667774086377,15184.1
2019-11-30,358147.25788378424,21842.2275,16.39701160899383,23.41443893068673,15296.0
2019-12-31,351936.85185185185,21796.732750000003,16.146312196806278,22.93121693121693,15347.5
2020-01-31,421426.45485812554,21303.00125,19.782492143360574,27.317282889079966,15427.1
2020-02-29,484519.7977485213,20854.7645,23.233050545764797,31.272657889715706,15493.4
2020-03-31,1115041.5184859156,20406.52775,54.641413382338676,69.54665492957747,16033.0
2020-04-30,1140005.2603878113,20394.8275,55.89678365202213,66.80253264740799,17065.3
2020-05-31,829152.5184594954,20831.364,39.80308339192265,46.23638778220452,17932.9
2020-06-30,783731.4044206947,21267.900500000003,36.85043591494584,43.099344182657276,18184.3
2020-07-31,835787.5911295912,21800.11775,38.3386732454503,45.58327558327559,18335.4
2020-08-31,793088.5164690383,21895.7985,36.22103649104363,43.076416337285906,18411.2
2020-09-30,856733.5675873869,21991.47925,38.957523404769915,46.05475433879247,18602.5
2020-10-31,938930.9861259338,22235.54325,42.22658180955097,50.05602988260406,18757.6
2020-11-30,709144.1584366462,22383.9265,31.680954565171852,37.32927085522168,18997.0
2020-12-31,696981.0323637066,22532.30975,30.93251602240674,36.46118281641303,19115.7
2021-01-31,655268.7750637988,22866.99725,28.655654605625966,33.813343055049216,19379.0
2021-02-28,521948.4592320635,23053.3015,22.640941872558404,26.573351690377844,19641.8
2021-03-31,533691.832678094,23239.60575,22.964754153718552,26.854851391728257,19873.2
2021-04-30,530469.8083680763,23565.02725,22.510893059462784,26.290946992257297,20176.9
2021-05-31,563066.6676279742,23704.144500000002,23.75393331018439,27.519826964671957,20460.4
2021-06-30,482369.591689972,23843.26175,20.23085585972615,23.55573312025569,20477.8
2021-07-31,489564.81542086654,24190.18425,20.238159840426455,23.726927608325695,20633.3
2021-08-31,515893.0038392979,24397.9895,21.144898182667795,24.753873577402985,20840.9
2021-09-30,467627.59878033283,24605.79475,19.004775238171604,22.2881463600559,20981.0
2021-10-31,452202.6068982094,24922.78675,18.14414300592647,21.370027640908546,21160.6
2021-11-30,539069.2694389063,25031.9735,21.5352285124026,25.266305895756197,21335.5
2021-12-31,505829.1510041194,25141.16025,20.119562739914496,23.52857878475798,21498.5
2022-01-31,426452.8684787374,25403.083250000003,16.787445220010344,19.697501096010523,21650.1
2022-02-28,410802.60760998813,25555.8195,16.0747186217209,18.909036860879905,21725.2
2022-03-31,391259.6937354989,25708.55575,15.219046046003532,17.958236658932716,21787.2
2022-04-30,378926.7251141553,25980.045000000002,14.585299029087722,17.40639269406393,21769.4
2022-05-31,323820.75300813006,26098.798000000003,12.407496812999971,14.908943089430894,21719.9
2022-06-30,340404.36789094383,26217.551,12.983835442560743,15.721976209082227,21651.5
2022-07-31,368597.8865131579,26444.8565,13.938358353850697,17.023026315789473,21652.9
2022-08-31,382847.0253807107,26553.409,14.417999036609979,17.692945198383924,21638.4
2022-09-30,406521.43173809256,26661.961499999998,15.247243971081895,18.875753097646925,21536.7
2022-10-31,367489.9239815204,26881.99675,13.670484651833775,17.123057538849224,21461.7
2022-11-30,444087.4347316616,26993.4795,16.451655842725334,20.745254277009607,21406.7
2022-12-31,449940.9378406587,27104.96225,16.59994703887325,21.133016351617766,21290.9
2023-01-31,485792.74200426444,27294.8475,17.797965055648852,22.82871357498223,21279.9
2023-02-28,462690.673542387,27373.25,16.90302297105338,21.780135924645283,21243.7
2023-03-31,517264.49191425357,27451.6525,18.842745146735833,24.69349379465965,20947.4
2023-04-30,518774.3093922652,27666.25275,18.75115918588813,24.987443495730787,20761.4
2023-05-31,564448.2953981813,27802.4505,20.302105938402132,27.098374207770735,20829.6
2023-06-30,530370.8152202937,27938.648250000002,18.983410023077752,25.499332443257675,20799.4
2023-07-31,477878.816044907,28162.315000000002,16.96873343135701,22.9844462635949,20791.4
2023-08-31,463945.4671120839,28249.784,16.422973963697704,22.329224743693125,20777.5
2023-09-30,402006.3084023917,28337.253,14.186495367154738,19.37585230252806,20747.8
2023-10-31,470462.75142987876,28495.58175,16.510024450716074,22.69160375200183,20732.9
2023-11-30,511396.6274035555,28566.4415,17.90200670964059,24.649897206433668,20746.4
2023-12-31,558325.6946684006,28637.30125,19.496449396341095,26.871261378413525,20777.8
2024-01-31,518699.5984367367,28817.88175,17.99922710963087,24.885197850512945,20843.7
2024-02-29,511312.9225251076,28927.6025,17.675606629519596,24.43328550932568,20926.9
2024-03-31,541403.4541479693,29037.32325,18.64508823649815,25.814060522379474,20973.2
2024-04-30,547318.5038689121,29238.199,18.719296078014658,26.114019116977698,20958.8
2024-05-31,599342.8461632753,29329.354,20.43491466478516,28.513115959794067,21019.9
2024-06-30,575052.5039323865,29420.509000000002,19.545973998355585,27.295457213287946,21067.7
2024-07-31,638997.0506501548,29590.0435,21.595002070549672,30.292260061919503,21094.4
2024-08-31,671730.4534957493,29668.423000000003,22.641259142616015,31.70663621367847,21185.8
2024-09-30,779256.3915343916,29746.8025,26.196307705152226,36.63881927039822,21268.6
2024-10-31,801349.0537399154,29879.41475,26.819436071448333,37.56734582250787,21331.0
2024-11-30,779068.9388538525,29933.6475,26.026528803542984,36.31752125034275,21451.6
2024-12-31,754714.2479946524,29987.880250000002,25.16730898292327,35.12700534759358,21485.3
2025-01-31,788712.3476221499,30153.017,26.156996085073338,36.60325732899023,21547.6
2025-02-28,840877.4901639344,30263.921000000002,27.784816454019108,38.90573770491803,21613.2
2025-03-31,908765.2895546342,30374.825,29.91837120229118,41.891132807275646,21693.5
2025-04-30,1128523.6547298366,30638.803499999998,36.83315031312618,51.8253842497227,21775.5
2025-05-31,1123769.3900797998,30791.877999999997,36.495643106919296,51.46925363792834,21833.8
2025-06-30,1073932.1335403726,30944.9525,34.70459789978261,48.95149364093463,21938.7
2025-07-31,998628.4440458121,31184.141,32.023599561258145,45.35117979853732,22019.9
2025-08-31,1138405.359632211,31270.254999999997,36.40537500037052,51.542340204656675,22086.8
2025-09-30,1270307.0929124479,31356.369,40.51193213450345,57.29898749255509,22169.8
2025-10-31,1366522.0301260375,31442.483,43.4610087926592,61.41561635413464,22250.4
