date,window,USD/Equity_vol,USD/Equity_z,USD/Equity_ratio,USD/Equity_state,USD/Commodity_vol,USD/Commodity_z,USD/Commodity_ratio,USD/Commodity_state,Equity/Commodity_vol,Equity/Commodity_z,Equity/Commodity_ratio,Equity/Commodity_state
1986-10-07,baseline,0.015906,3.62,1.71,riot,0.030708,1.27,1.358,normal,0.032118,1.42,1.304,normal
1986-10-08,baseline,0.016129,3.74,1.734,riot,0.030944,1.31,1.368,normal,0.032789,1.55,1.331,normal
1986-10-09,baseline,0.008534,-0.42,0.917,normal,0.031361,1.38,1.387,normal,0.030295,1.07,1.23,normal
1986-10-10,baseline,0.008245,-0.58,0.886,normal,0.03126,1.36,1.382,normal,0.029924,1.0,1.215,normal
1986-10-14,baseline,0.008018,-0.71,0.862,normal,0.029915,1.15,1.323,normal,0.027785,0.6,1.128,normal
1986-10-15,baseline,0.008352,-0.52,0.898,normal,0.028454,0.92,1.258,normal,0.02651,0.35,1.076,normal
1986-10-16,baseline,0.008216,-0.6,0.883,normal,0.02858,0.94,1.264,normal,0.026865,0.42,1.09,normal
1986-10-17,baseline,0.007674,-0.89,0.825,normal,0.026809,0.66,1.185,normal,0.026342,0.32,1.069,normal
1986-10-20,baseline,0.008575,-0.4,0.922,normal,0.027026,0.69,1.195,normal,0.027366,0.52,1.111,normal
1986-10-21,baseline,0.008497,-0.44,0.913,normal,0.023649,0.16,1.046,normal,0.024648,0.0,1.0,normal
1986-10-22,baseline,0.008403,-0.49,0.903,normal,0.024331,0.27,1.076,normal,0.025152,0.1,1.021,normal
1986-10-23,baseline,0.008392,-0.5,0.902,normal,0.024148,0.24,1.068,normal,0.025104,0.09,1.019,normal
1986-10-24,baseline,0.007976,-0.73,0.857,normal,0.023766,0.18,1.051,normal,0.025154,0.1,1.021,normal
1986-10-27,baseline,0.007989,-0.72,0.859,normal,0.025389,0.44,1.123,normal,0.026538,0.36,1.077,normal
1986-10-28,baseline,0.008114,-0.65,0.872,normal,0.023172,0.09,1.025,normal,0.02446,-0.03,0.993,normal
1986-10-29,baseline,0.008244,-0.58,0.886,normal,0.023794,0.19,1.052,normal,0.025405,0.15,1.031,normal
1986-10-30,baseline,0.00792,-0.76,0.851,normal,0.029845,1.14,1.32,normal,0.031495,1.3,1.278,normal
1986-10-31,baseline,0.007991,-0.72,0.859,normal,0.029686,1.11,1.313,normal,0.031528,1.31,1.28,normal
1986-11-03,baseline,0.008099,-0.66,0.871,normal,0.029887,1.14,1.321,normal,0.032164,1.43,1.305,normal
1986-11-04,baseline,0.007853,-0.8,0.844,normal,0.030514,1.24,1.349,normal,0.032627,1.52,1.324,normal
1986-11-05,baseline,0.007676,-0.89,0.825,normal,0.028479,0.92,1.259,normal,0.030087,1.03,1.221,normal
1986-11-06,baseline,0.007412,-1.04,0.797,freeze,0.028498,0.93,1.26,normal,0.029904,1.0,1.214,normal
1986-11-07,baseline,0.007324,-1.09,0.787,freeze,0.028215,0.88,1.247,normal,0.029779,0.98,1.209,normal
1986-11-10,baseline,0.007449,-1.02,0.801,freeze,0.028462,0.92,1.258,normal,0.029862,0.99,1.212,normal
1986-11-11,baseline,0.00754,-0.97,0.81,normal,0.027919,0.83,1.234,normal,0.029155,0.86,1.183,normal
1986-11-12,baseline,0.006915,-1.31,0.743,freeze,0.027616,0.79,1.221,normal,0.029142,0.85,1.183,normal
1986-11-13,baseline,0.007626,-0.92,0.82,normal,0.02728,0.73,1.206,normal,0.029276,0.88,1.188,normal
1986-11-14,baseline,0.007842,-0.8,0.843,normal,0.026992,0.69,1.193,normal,0.028815,0.79,1.17,normal
1986-11-17,baseline,0.007314,-1.09,0.786,freeze,0.026828,0.66,1.186,normal,0.027824,0.6,1.129,normal
1986-11-18,baseline,0.009486,0.1,1.02,normal,0.026825,0.66,1.186,normal,0.028554,0.74,1.159,normal
1986-11-19,pre,0.009575,0.15,1.029,normal,0.026225,0.57,1.16,normal,0.028009,0.64,1.137,normal
1986-11-20,pre,0.01023,0.51,1.099,normal,0.027086,0.7,1.198,normal,0.029873,0.99,1.212,normal
1986-11-21,pre,0.009669,0.2,1.039,normal,0.027,0.69,1.194,normal,0.029972,1.01,1.216,normal
1986-11-24,pre,0.009742,0.24,1.047,normal,0.025443,0.44,1.125,normal,0.028916,0.81,1.174,normal
1986-11-25,pre,0.010096,0.43,1.085,normal,0.025468,0.45,1.126,normal,0.028617,0.75,1.161,normal
1986-11-26,pre,0.009989,0.38,1.074,normal,0.024249,0.26,1.072,normal,0.027067,0.46,1.099,normal
1986-11-28,pre,0.010078,0.42,1.083,normal,0.015202,-1.17,0.672,freeze,0.01955,-0.97,0.793,normal
1986-12-01,pre,0.00993,0.34,1.067,normal,0.015823,-1.07,0.7,freeze,0.019967,-0.89,0.81,normal
1986-12-02,pre,0.010349,0.57,1.112,normal,0.013137,-1.49,0.581,freeze,0.018107,-1.24,0.735,freeze
1986-12-03,pre,0.010358,0.58,1.113,normal,0.012101,-1.66,0.535,freeze,0.017391,-1.37,0.706,freeze
1986-12-04,pre,0.01101,0.93,1.183,normal,0.012,-1.67,0.531,freeze,0.017389,-1.38,0.706,freeze
1986-12-05,pre,0.011251,1.07,1.209,normal,0.011919,-1.68,0.527,freeze,0.017136,-1.42,0.696,freeze
1986-12-08,pre,0.01127,1.08,1.211,normal,0.012106,-1.65,0.535,freeze,0.01716,-1.42,0.696,freeze
1986-12-09,pre,0.011533,1.22,1.24,normal,0.011689,-1.72,0.517,freeze,0.017026,-1.44,0.691,freeze
1986-12-10,pre,0.01167,1.3,1.254,normal,0.012155,-1.65,0.537,freeze,0.017095,-1.43,0.694,freeze
1986-12-11,pre,0.012048,1.5,1.295,normal,0.0132,-1.48,0.584,freeze,0.018991,-1.07,0.771,freeze
1986-12-12,pre,0.011601,1.26,1.247,normal,0.015781,-1.08,0.698,freeze,0.020405,-0.8,0.828,normal
1986-12-15,pre,0.011456,1.18,1.231,normal,0.015867,-1.06,0.702,freeze,0.020551,-0.78,0.834,normal
1986-12-16,pre,0.011241,1.06,1.208,normal,0.016308,-0.99,0.721,normal,0.021321,-0.63,0.865,normal
1986-12-17,pre,0.009542,0.13,1.026,normal,0.016796,-0.92,0.743,normal,0.020282,-0.83,0.823,normal
1986-12-18,pre,0.009515,0.12,1.023,normal,0.018076,-0.72,0.799,normal,0.02139,-0.62,0.868,normal
1986-12-19,pre,0.00944,0.07,1.015,normal,0.016757,-0.92,0.741,normal,0.018416,-1.18,0.747,freeze
1986-12-22,pre,0.009187,-0.06,0.987,normal,0.017644,-0.78,0.78,normal,0.018772,-1.11,0.762,freeze
1986-12-23,pre,0.009154,-0.08,0.984,normal,0.017293,-0.84,0.765,normal,0.018084,-1.24,0.734,freeze
1986-12-24,pre,0.00855,-0.41,0.919,normal,0.017414,-0.82,0.77,normal,0.01822,-1.22,0.74,freeze
1986-12-29,pre,0.008538,-0.42,0.918,normal,0.017984,-0.73,0.795,normal,0.018688,-1.13,0.758,freeze
1986-12-30,pre,0.008485,-0.45,0.912,normal,0.018038,-0.72,0.798,normal,0.018515,-1.16,0.751,freeze
1986-12-31,pre,0.008636,-0.37,0.928,normal,0.018113,-0.71,0.801,normal,0.018426,-1.18,0.748,freeze
1987-01-02,pre,0.008744,-0.31,0.94,normal,0.017662,-0.78,0.781,normal,0.017095,-1.43,0.694,freeze
1987-01-05,pre,0.00965,0.19,1.037,normal,0.018154,-0.7,0.803,normal,0.019202,-1.03,0.779,freeze
1987-01-06,regime,0.009125,-0.1,0.981,normal,0.017851,-0.75,0.789,normal,0.019202,-1.03,0.779,freeze
1987-01-07,regime,0.008839,-0.25,0.95,normal,0.017627,-0.79,0.779,normal,0.019471,-0.98,0.79,normal
1987-01-08,regime,0.009085,-0.12,0.976,normal,0.017147,-0.86,0.758,normal,0.01905,-1.06,0.773,freeze
1987-01-09,regime,0.008479,-0.45,0.911,normal,0.01648,-0.97,0.729,normal,0.019046,-1.06,0.773,freeze
1987-01-12,regime,0.008822,-0.26,0.948,normal,0.016583,-0.95,0.733,normal,0.019049,-1.06,0.773,freeze
1987-01-13,regime,0.007889,-0.78,0.848,normal,0.016677,-0.94,0.737,normal,0.018339,-1.2,0.744,freeze
1987-01-14,regime,0.00901,-0.16,0.968,normal,0.015841,-1.07,0.7,freeze,0.016235,-1.59,0.659,freeze
1987-01-15,regime,0.008956,-0.19,0.963,normal,0.016203,-1.01,0.716,freeze,0.016663,-1.51,0.676,freeze
1987-01-16,regime,0.009005,-0.16,0.968,normal,0.014907,-1.21,0.659,freeze,0.01535,-1.76,0.623,freeze
1987-01-19,regime,0.009021,-0.16,0.97,normal,0.014288,-1.31,0.632,freeze,0.017533,-1.35,0.712,freeze
1987-01-20,regime,0.010003,0.38,1.075,normal,0.014347,-1.3,0.634,freeze,0.016335,-1.58,0.663,freeze
1987-01-21,regime,0.010238,0.51,1.1,normal,0.014713,-1.24,0.651,freeze,0.016368,-1.57,0.664,freeze
1987-01-22,regime,0.011771,1.35,1.265,normal,0.014001,-1.36,0.619,freeze,0.015588,-1.72,0.633,freeze
1987-01-23,regime,0.012653,1.84,1.36,normal,0.014636,-1.26,0.647,freeze,0.015507,-1.73,0.629,freeze
1987-01-26,regime,0.012832,1.93,1.379,normal,0.014401,-1.29,0.637,freeze,0.014984,-1.83,0.608,freeze
1987-01-27,regime,0.013445,2.27,1.445,riot,0.013218,-1.48,0.584,freeze,0.013856,-2.05,0.562,freeze
1987-01-28,regime,0.012902,1.97,1.387,normal,0.013243,-1.48,0.586,freeze,0.013515,-2.11,0.549,freeze
1987-01-29,regime,0.013501,2.3,1.451,riot,0.012635,-1.57,0.559,freeze,0.013137,-2.18,0.533,freeze
1987-01-30,regime,0.014698,2.96,1.58,riot,0.013335,-1.46,0.59,freeze,0.013227,-2.16,0.537,freeze
1987-02-02,regime,0.014708,2.96,1.581,riot,0.01274,-1.56,0.563,freeze,0.011927,-2.41,0.484,freeze
1987-02-03,regime,0.014748,2.98,1.585,riot,0.012625,-1.57,0.558,freeze,0.011588,-2.48,0.47,freeze
1987-02-04,regime,0.014756,2.99,1.586,riot,0.012973,-1.52,0.574,freeze,0.012109,-2.38,0.491,freeze
1987-02-05,post,0.014893,3.06,1.601,riot,0.012012,-1.67,0.531,freeze,0.012075,-2.38,0.49,freeze
1987-02-06,post,0.015557,3.43,1.672,riot,0.012601,-1.58,0.557,freeze,0.011975,-2.4,0.486,freeze
1987-02-09,post,0.015514,3.4,1.667,riot,0.012279,-1.63,0.543,freeze,0.011867,-2.42,0.482,freeze
1987-02-10,post,0.016234,3.8,1.745,riot,0.012287,-1.63,0.543,freeze,0.012631,-2.28,0.513,freeze
1987-02-11,post,0.015399,3.34,1.655,riot,0.011151,-1.81,0.493,freeze,0.013826,-2.05,0.561,freeze
1987-02-12,post,0.015642,3.47,1.681,riot,0.01115,-1.81,0.493,freeze,0.014046,-2.01,0.57,freeze
1987-02-13,post,0.016043,3.69,1.724,riot,0.011189,-1.8,0.495,freeze,0.014862,-1.85,0.603,freeze
1987-02-17,post,0.015924,3.63,1.712,riot,0.011079,-1.82,0.49,freeze,0.013948,-2.03,0.566,freeze
1987-02-18,post,0.015625,3.46,1.679,riot,0.011942,-1.68,0.528,freeze,0.014127,-1.99,0.573,freeze
1987-02-19,post,0.015517,3.41,1.668,riot,0.011967,-1.68,0.529,freeze,0.014223,-1.98,0.577,freeze
1987-02-20,post,0.01387,2.5,1.491,riot,0.012119,-1.65,0.536,freeze,0.015267,-1.78,0.62,freeze
1987-02-23,post,0.013773,2.45,1.48,riot,0.014944,-1.21,0.661,freeze,0.015943,-1.65,0.647,freeze
1987-02-24,post,0.013723,2.42,1.475,riot,0.015433,-1.13,0.682,freeze,0.016299,-1.58,0.662,freeze
1987-02-25,post,0.012482,1.74,1.342,normal,0.015452,-1.13,0.683,freeze,0.016295,-1.58,0.661,freeze
1987-02-26,post,0.012235,1.61,1.315,normal,0.017612,-0.79,0.779,normal,0.019055,-1.06,0.773,freeze
1987-02-27,post,0.012075,1.52,1.298,normal,0.018507,-0.65,0.818,normal,0.019782,-0.92,0.803,normal
1987-03-02,post,0.011303,1.1,1.215,normal,0.018403,-0.66,0.814,normal,0.019775,-0.92,0.803,normal
1987-03-03,post,0.01069,0.76,1.149,normal,0.023577,0.15,1.042,normal,0.023968,-0.13,0.973,normal
1987-03-04,post,0.011012,0.94,1.184,normal,0.023559,0.15,1.042,normal,0.024072,-0.11,0.977,normal
1987-03-05,post,0.011084,0.98,1.191,normal,0.025241,0.41,1.116,normal,0.024844,0.04,1.008,normal
1987-03-06,post,0.011084,0.98,1.191,normal,0.025191,0.41,1.114,normal,0.024742,0.02,1.004,normal
1987-03-09,post,0.011055,0.96,1.188,normal,0.024957,0.37,1.103,normal,0.024864,0.04,1.009,normal
1987-03-10,post,0.010814,0.83,1.162,normal,0.024693,0.33,1.092,normal,0.024835,0.04,1.008,normal
1987-03-11,post,0.010025,0.4,1.078,normal,0.024706,0.33,1.092,normal,0.024588,-0.01,0.998,normal
1987-03-12,post,0.009946,0.35,1.069,normal,0.024139,0.24,1.067,normal,0.023705,-0.18,0.962,normal
1987-03-13,post,0.009494,0.1,1.02,normal,0.024125,0.24,1.067,normal,0.023626,-0.19,0.959,normal
1987-03-16,post,0.008757,-0.3,0.941,normal,0.024372,0.28,1.078,normal,0.023207,-0.27,0.942,normal
1987-03-17,post,0.008009,-0.71,0.861,normal,0.024627,0.32,1.089,normal,0.022514,-0.4,0.914,normal
1987-03-18,post,0.007897,-0.77,0.849,normal,0.02405,0.23,1.063,normal,0.022192,-0.46,0.901,normal
1987-03-19,post,0.007924,-0.76,0.852,normal,0.024179,0.25,1.069,normal,0.022421,-0.42,0.91,normal
