date,window,Au/USD_vol,Au/USD_z,Au/USD_ratio,Au/USD_state,Au/Equity_vol,Au/Equity_z,Au/Equity_ratio,Au/Equity_state,Au/Commodity_vol,Au/Commodity_z,Au/Commodity_ratio,Au/Commodity_state,USD/Equity_vol,USD/Equity_z,USD/Equity_ratio,USD/Equity_state,USD/Commodity_vol,USD/Commodity_z,USD/Commodity_ratio,USD/Commodity_state,Equity/Commodity_vol,Equity/Commodity_z,Equity/Commodity_ratio,Equity/Commodity_state
2019-11-19,baseline,0.00889,1.93,1.247,normal,0.008787,-0.55,0.929,normal,0.020474,0.95,1.236,normal,0.004031,-0.71,0.81,normal,0.016649,0.24,1.034,normal,0.015849,-0.04,0.994,normal
2019-11-20,baseline,0.008878,1.92,1.245,normal,0.008809,-0.53,0.931,normal,0.02128,1.15,1.285,normal,0.00393,-0.79,0.789,normal,0.017701,0.71,1.1,normal,0.017178,0.56,1.077,normal
2019-11-21,baseline,0.008869,1.91,1.244,normal,0.008761,-0.57,0.926,normal,0.021981,1.32,1.328,normal,0.003995,-0.74,0.803,normal,0.017432,0.59,1.083,normal,0.017388,0.66,1.09,normal
2019-11-22,baseline,0.008777,1.81,1.231,normal,0.008622,-0.68,0.912,normal,0.022202,1.38,1.341,normal,0.004014,-0.73,0.806,normal,0.017815,0.76,1.107,normal,0.017679,0.79,1.109,normal
2019-11-25,baseline,0.008811,1.85,1.235,normal,0.008859,-0.49,0.937,normal,0.022197,1.38,1.341,normal,0.004209,-0.58,0.845,normal,0.017789,0.75,1.105,normal,0.017697,0.8,1.11,normal
2019-11-26,baseline,0.008817,1.85,1.236,normal,0.008644,-0.67,0.914,normal,0.022005,1.33,1.329,normal,0.004075,-0.68,0.819,normal,0.017425,0.59,1.083,normal,0.017015,0.49,1.067,normal
2019-11-27,baseline,0.008881,1.92,1.245,normal,0.008734,-0.59,0.923,normal,0.021962,1.32,1.326,normal,0.004066,-0.69,0.817,normal,0.017423,0.58,1.082,normal,0.01706,0.51,1.07,normal
2019-11-29,baseline,0.009141,2.21,1.282,riot,0.00936,-0.08,0.99,normal,0.021799,1.28,1.317,normal,0.004133,-0.64,0.83,normal,0.017247,0.51,1.072,normal,0.016808,0.39,1.054,normal
2019-12-02,baseline,0.008331,1.32,1.168,normal,0.008675,-0.64,0.917,normal,0.022472,1.44,1.357,normal,0.00432,-0.5,0.868,normal,0.018798,1.19,1.168,normal,0.017907,0.89,1.123,normal
2019-12-03,baseline,0.008897,1.94,1.248,normal,0.009517,0.05,1.006,normal,0.020957,1.07,1.266,normal,0.003888,-0.82,0.781,normal,0.016775,0.3,1.042,normal,0.016951,0.46,1.063,normal
2019-12-04,baseline,0.008892,1.94,1.247,normal,0.009663,0.17,1.022,normal,0.022971,1.56,1.387,normal,0.004196,-0.59,0.843,normal,0.019165,1.35,1.191,normal,0.018613,1.21,1.167,normal
2019-12-05,baseline,0.007331,0.22,1.028,normal,0.00897,-0.4,0.948,normal,0.022044,1.34,1.331,normal,0.003971,-0.76,0.798,normal,0.019114,1.33,1.188,normal,0.018393,1.11,1.153,normal
2019-12-06,baseline,0.007909,0.85,1.109,normal,0.009913,0.37,1.048,normal,0.021948,1.31,1.325,normal,0.004134,-0.64,0.83,normal,0.018779,1.18,1.167,normal,0.017967,0.92,1.127,normal
2019-12-09,baseline,0.006586,-0.6,0.924,normal,0.009001,-0.37,0.952,normal,0.021025,1.09,1.27,normal,0.00422,-0.57,0.848,normal,0.018703,1.15,1.162,normal,0.017839,0.86,1.119,normal
2019-12-10,baseline,0.006582,-0.6,0.923,normal,0.00901,-0.37,0.953,normal,0.02102,1.09,1.269,normal,0.004217,-0.57,0.847,normal,0.018717,1.15,1.163,normal,0.017857,0.87,1.12,normal
2019-12-11,baseline,0.006561,-0.63,0.92,normal,0.008934,-0.43,0.945,normal,0.021272,1.15,1.285,normal,0.004318,-0.5,0.867,normal,0.018713,1.15,1.163,normal,0.018005,0.94,1.129,normal
2019-12-12,baseline,0.006568,-0.62,0.921,normal,0.009089,-0.3,0.961,normal,0.021323,1.16,1.288,normal,0.004429,-0.41,0.89,normal,0.018722,1.16,1.163,normal,0.018004,0.94,1.129,normal
2019-12-13,baseline,0.006529,-0.66,0.915,normal,0.009087,-0.3,0.961,normal,0.021119,1.11,1.275,normal,0.004422,-0.42,0.888,normal,0.018978,1.27,1.179,normal,0.018211,1.03,1.142,normal
2019-12-16,baseline,0.006511,-0.68,0.913,normal,0.008934,-0.43,0.945,normal,0.020729,1.02,1.252,normal,0.004324,-0.49,0.869,normal,0.018642,1.12,1.158,normal,0.018193,1.02,1.141,normal
2019-12-17,baseline,0.006467,-0.73,0.907,normal,0.008909,-0.45,0.942,normal,0.020424,0.94,1.233,normal,0.004358,-0.47,0.875,normal,0.018434,1.03,1.145,normal,0.017991,0.93,1.128,normal
2019-12-18,baseline,0.006522,-0.67,0.914,normal,0.008877,-0.47,0.939,normal,0.018285,0.42,1.104,normal,0.004405,-0.43,0.885,normal,0.016156,0.03,1.004,normal,0.015938,-0.0,0.999,normal
2019-12-19,baseline,0.006563,-0.63,0.92,normal,0.008803,-0.53,0.931,normal,0.017176,0.15,1.037,normal,0.004228,-0.56,0.849,normal,0.014981,-0.49,0.931,normal,0.014097,-0.84,0.884,normal
2019-12-20,baseline,0.006439,-0.76,0.903,normal,0.00886,-0.49,0.937,normal,0.01576,-0.19,0.952,normal,0.004122,-0.64,0.828,normal,0.014597,-0.66,0.907,normal,0.01326,-1.22,0.831,freeze
2019-12-23,baseline,0.006489,-0.71,0.91,normal,0.008954,-0.41,0.947,normal,0.015515,-0.25,0.937,normal,0.004077,-0.68,0.819,normal,0.014075,-0.89,0.874,normal,0.012857,-1.41,0.806,freeze
2019-12-24,baseline,0.006716,-0.46,0.942,normal,0.008989,-0.38,0.95,normal,0.015482,-0.26,0.935,normal,0.003937,-0.78,0.791,normal,0.01419,-0.84,0.882,normal,0.012974,-1.35,0.814,freeze
2019-12-26,baseline,0.00683,-0.33,0.958,normal,0.008997,-0.38,0.951,normal,0.01545,-0.27,0.933,normal,0.00403,-0.71,0.81,normal,0.01421,-0.83,0.883,normal,0.012947,-1.36,0.812,freeze
2019-12-27,baseline,0.006771,-0.4,0.949,normal,0.008778,-0.56,0.928,normal,0.015468,-0.27,0.934,normal,0.004183,-0.6,0.84,normal,0.014139,-0.86,0.878,normal,0.012821,-1.42,0.804,freeze
2019-12-30,baseline,0.006569,-0.62,0.921,normal,0.00845,-0.82,0.893,normal,0.015331,-0.3,0.926,normal,0.004273,-0.53,0.858,normal,0.014152,-0.86,0.879,normal,0.012823,-1.42,0.804,freeze
2019-12-31,baseline,0.006643,-0.54,0.931,normal,0.00833,-0.92,0.881,normal,0.013095,-0.84,0.791,normal,0.004094,-0.67,0.822,normal,0.011355,-2.09,0.705,freeze,0.011089,-2.21,0.695,freeze
2020-01-02,baseline,0.00632,-0.89,0.886,normal,0.007315,-1.75,0.773,freeze,0.012943,-0.88,0.782,normal,0.003634,-1.01,0.73,freeze,0.01155,-2.0,0.718,freeze,0.011184,-2.17,0.701,freeze
2020-01-03,baseline,0.006989,-0.16,0.98,normal,0.00884,-0.5,0.935,normal,0.009229,-1.79,0.557,freeze,0.004129,-0.64,0.83,normal,0.009769,-2.78,0.607,freeze,0.011579,-1.99,0.726,freeze
2020-01-06,baseline,0.007319,0.21,1.026,normal,0.008971,-0.4,0.949,normal,0.00936,-1.76,0.565,freeze,0.004167,-0.61,0.837,normal,0.00976,-2.79,0.606,freeze,0.011544,-2.0,0.724,freeze
2020-01-07,baseline,0.005962,-1.29,0.836,freeze,0.007366,-1.71,0.779,freeze,0.007904,-2.11,0.477,freeze,0.00447,-0.38,0.898,normal,0.010326,-2.54,0.642,freeze,0.011674,-1.94,0.732,freeze
2020-01-08,baseline,0.006999,-0.15,0.981,normal,0.008218,-1.01,0.869,freeze,0.011912,-1.13,0.719,freeze,0.004352,-0.47,0.874,normal,0.016291,0.09,1.012,normal,0.017162,0.55,1.076,normal
2020-01-09,baseline,0.007251,0.13,1.017,normal,0.008607,-0.7,0.91,normal,0.011922,-1.13,0.72,freeze,0.004401,-0.43,0.884,normal,0.016258,0.07,1.01,normal,0.017161,0.55,1.076,normal
2020-01-10,baseline,0.007194,0.07,1.009,normal,0.008705,-0.62,0.92,normal,0.011925,-1.13,0.72,freeze,0.004423,-0.42,0.888,normal,0.016318,0.1,1.014,normal,0.017061,0.51,1.07,normal
2020-01-13,baseline,0.007276,0.16,1.02,normal,0.008887,-0.47,0.94,normal,0.011648,-1.2,0.703,freeze,0.004478,-0.38,0.899,normal,0.016588,0.22,1.031,normal,0.017621,0.76,1.105,normal
2020-01-14,baseline,0.0073,0.18,1.024,normal,0.00883,-0.51,0.934,normal,0.011501,-1.23,0.695,freeze,0.004546,-0.32,0.913,normal,0.01602,-0.03,0.995,normal,0.017187,0.56,1.078,normal
2020-01-15,baseline,0.007395,0.29,1.037,normal,0.008664,-0.65,0.916,normal,0.01166,-1.19,0.704,freeze,0.004305,-0.51,0.865,normal,0.016027,-0.03,0.996,normal,0.01725,0.59,1.082,normal
2020-01-16,baseline,0.007436,0.33,1.043,normal,0.009027,-0.35,0.954,normal,0.011811,-1.16,0.713,freeze,0.00446,-0.39,0.896,normal,0.016058,-0.02,0.998,normal,0.016999,0.48,1.066,normal
2020-01-17,baseline,0.00731,0.2,1.025,normal,0.009029,-0.35,0.955,normal,0.01171,-1.18,0.707,freeze,0.00435,-0.47,0.874,normal,0.016058,-0.02,0.998,normal,0.016957,0.46,1.063,normal
2020-01-21,baseline,0.007346,0.24,1.03,normal,0.009024,-0.35,0.954,normal,0.011596,-1.21,0.7,freeze,0.004395,-0.44,0.883,normal,0.015951,-0.06,0.991,normal,0.016909,0.44,1.06,normal
2020-01-22,baseline,0.007156,0.03,1.003,normal,0.008834,-0.51,0.934,normal,0.012361,-1.02,0.747,freeze,0.004406,-0.43,0.885,normal,0.016477,0.17,1.024,normal,0.0173,0.62,1.085,normal
2020-01-23,baseline,0.007131,-0.0,1.0,normal,0.008842,-0.5,0.935,normal,0.013325,-0.79,0.805,normal,0.004431,-0.41,0.89,normal,0.017071,0.43,1.061,normal,0.017745,0.82,1.113,normal
2020-01-24,baseline,0.006841,-0.32,0.959,normal,0.008967,-0.4,0.948,normal,0.014171,-0.58,0.856,normal,0.005206,0.17,1.046,normal,0.017425,0.58,1.083,normal,0.017439,0.68,1.094,normal
2020-01-27,baseline,0.006733,-0.44,0.944,normal,0.009852,0.32,1.042,normal,0.014257,-0.56,0.861,normal,0.006449,1.11,1.296,normal,0.017257,0.51,1.072,normal,0.017279,0.61,1.084,normal
2020-01-28,baseline,0.006662,-0.52,0.934,normal,0.010552,0.89,1.116,normal,0.014804,-0.43,0.894,normal,0.006613,1.23,1.328,normal,0.017107,0.44,1.063,normal,0.01718,0.56,1.077,normal
2020-01-29,baseline,0.006658,-0.52,0.933,normal,0.010486,0.84,1.109,normal,0.014829,-0.42,0.896,normal,0.00655,1.18,1.316,normal,0.01709,0.44,1.062,normal,0.017054,0.5,1.069,normal
2020-01-30,baseline,0.006826,-0.34,0.957,normal,0.010534,0.88,1.114,normal,0.015515,-0.25,0.937,normal,0.006454,1.11,1.297,normal,0.017268,0.52,1.073,normal,0.017411,0.67,1.092,normal
2020-01-31,baseline,0.006829,-0.33,0.958,normal,0.011018,1.28,1.165,normal,0.015425,-0.28,0.932,normal,0.007012,1.53,1.409,normal,0.017243,0.51,1.071,normal,0.017724,0.81,1.111,normal
2020-02-03,baseline,0.006214,-1.01,0.871,freeze,0.010238,0.64,1.083,normal,0.014739,-0.44,0.89,normal,0.006902,1.45,1.387,normal,0.015583,-0.23,0.968,normal,0.015486,-0.21,0.971,normal
2020-02-04,baseline,0.006887,-0.27,0.966,normal,0.012434,2.43,1.315,riot,0.015369,-0.29,0.928,normal,0.007447,1.86,1.496,normal,0.015,-0.48,0.932,normal,0.015438,-0.23,0.968,normal
2020-02-05,baseline,0.006907,-0.25,0.969,normal,0.012348,2.36,1.306,riot,0.016984,0.1,1.026,normal,0.0075,1.9,1.507,normal,0.016939,0.37,1.052,normal,0.016552,0.28,1.038,normal
2020-02-06,baseline,0.006398,-0.81,0.897,normal,0.012026,2.1,1.272,riot,0.015418,-0.28,0.931,normal,0.007498,1.9,1.506,normal,0.013862,-0.98,0.861,normal,0.013243,-1.23,0.83,freeze
2020-02-07,baseline,0.006296,-0.92,0.883,normal,0.011977,2.06,1.266,riot,0.015274,-0.31,0.922,normal,0.007632,2.0,1.533,normal,0.013845,-0.99,0.86,normal,0.013257,-1.22,0.831,freeze
2020-02-10,baseline,0.006226,-1.0,0.873,normal,0.011885,1.98,1.257,normal,0.015414,-0.28,0.931,normal,0.007714,2.06,1.55,riot,0.013943,-0.95,0.866,normal,0.013551,-1.09,0.85,freeze
2020-02-11,baseline,0.00618,-1.05,0.867,freeze,0.011658,1.8,1.233,normal,0.016271,-0.07,0.983,normal,0.007583,1.96,1.523,normal,0.0145,-0.7,0.901,normal,0.013752,-1.0,0.862,normal
2020-02-12,baseline,0.006131,-1.1,0.86,freeze,0.011701,1.83,1.237,normal,0.017255,0.17,1.042,normal,0.007591,1.97,1.525,normal,0.015568,-0.23,0.967,normal,0.014541,-0.64,0.912,normal
2020-02-13,baseline,0.005965,-1.28,0.836,freeze,0.011759,1.88,1.243,normal,0.017257,0.17,1.042,normal,0.007581,1.96,1.523,normal,0.015826,-0.12,0.983,normal,0.014916,-0.47,0.935,normal
2020-02-14,baseline,0.00601,-1.23,0.843,freeze,0.01155,1.71,1.221,normal,0.016933,0.09,1.023,normal,0.007402,1.82,1.487,normal,0.015889,-0.09,0.987,normal,0.015254,-0.32,0.957,normal
2020-02-18,baseline,0.006192,-1.03,0.868,freeze,0.011942,2.03,1.263,riot,0.01694,0.09,1.023,normal,0.007534,1.92,1.513,normal,0.015895,-0.09,0.988,normal,0.015439,-0.23,0.968,normal
2020-02-19,baseline,0.00622,-1.0,0.872,freeze,0.011942,2.03,1.263,riot,0.017862,0.32,1.079,normal,0.007567,1.95,1.52,normal,0.017111,0.45,1.063,normal,0.016387,0.2,1.028,normal
2020-02-20,baseline,0.006234,-0.99,0.874,normal,0.012095,2.16,1.279,riot,0.017376,0.2,1.049,normal,0.007702,2.05,1.547,riot,0.016582,0.21,1.03,normal,0.01608,0.06,1.008,normal
2020-02-21,pre,0.008,0.96,1.122,normal,0.013468,3.28,1.424,riot,0.017147,0.14,1.036,normal,0.007755,2.09,1.558,riot,0.015901,-0.09,0.988,normal,0.015427,-0.24,0.967,normal
2020-02-24,pre,0.008656,1.68,1.214,normal,0.017187,6.32,1.817,riot,0.019802,0.79,1.196,normal,0.010646,4.27,2.139,riot,0.016953,0.38,1.053,normal,0.015048,-0.41,0.944,normal
2020-02-25,pre,0.009246,2.33,1.296,riot,0.017019,6.18,1.8,riot,0.019571,0.73,1.182,normal,0.01165,5.02,2.34,riot,0.017467,0.6,1.085,normal,0.015046,-0.41,0.944,normal
2020-02-26,pre,0.00921,2.29,1.291,riot,0.016477,5.74,1.742,riot,0.019453,0.71,1.175,normal,0.011322,4.78,2.274,riot,0.017871,0.78,1.11,normal,0.015521,-0.19,0.973,normal
2020-02-27,pre,0.009248,2.33,1.297,riot,0.01876,7.6,1.984,riot,0.020149,0.88,1.217,normal,0.013928,6.74,2.798,riot,0.018408,1.02,1.144,normal,0.015922,-0.01,0.998,normal
2020-02-28,pre,0.013666,7.19,1.916,riot,0.021402,9.76,2.263,riot,0.019535,0.73,1.18,normal,0.013755,6.61,2.763,riot,0.020436,1.91,1.27,normal,0.017753,0.82,1.113,normal
2020-03-02,pre,0.014868,8.51,2.085,riot,0.022303,10.5,2.358,riot,0.020738,1.02,1.252,normal,0.018808,10.41,3.778,riot,0.024232,3.58,1.505,riot,0.017642,0.77,1.106,normal
2020-03-03,pre,0.016411,10.21,2.301,riot,0.025405,13.03,2.686,riot,0.02046,0.95,1.236,normal,0.019518,10.95,3.921,riot,0.023504,3.26,1.46,riot,0.018031,0.95,1.131,normal
2020-03-04,pre,0.015697,9.43,2.201,riot,0.026269,13.74,2.778,riot,0.020267,0.9,1.224,normal,0.021482,12.42,4.315,riot,0.023531,3.27,1.462,riot,0.020883,2.24,1.31,riot
2020-03-05,pre,0.016169,9.95,2.267,riot,0.02789,15.07,2.949,riot,0.020217,0.89,1.221,normal,0.022141,12.92,4.448,riot,0.022891,2.99,1.422,riot,0.02093,2.27,1.312,riot
2020-03-06,pre,0.016249,10.03,2.278,riot,0.027956,15.12,2.956,riot,0.030678,3.44,1.853,riot,0.022124,12.91,4.444,riot,0.031353,6.71,1.948,riot,0.029364,6.1,1.841,riot
2020-03-09,pre,0.016328,10.12,2.289,riot,0.032253,18.63,3.41,riot,0.067651,12.46,4.086,riot,0.026286,16.04,5.28,riot,0.066288,22.09,4.118,riot,0.053068,16.88,3.328,riot
2020-03-10,pre,0.017674,11.6,2.478,riot,0.035761,21.5,3.781,riot,0.074668,14.17,4.509,riot,0.027643,17.06,5.553,riot,0.070786,24.07,4.398,riot,0.055326,17.91,3.469,riot
2020-03-11,pre,0.017923,11.88,2.513,riot,0.036078,21.76,3.815,riot,0.07423,14.07,4.483,riot,0.029289,18.3,5.884,riot,0.070692,24.03,4.392,riot,0.055396,17.94,3.474,riot
2020-03-12,pre,0.020615,14.84,2.891,riot,0.037832,23.19,4.0,riot,0.073526,13.89,4.441,riot,0.036765,23.93,7.386,riot,0.070596,23.99,4.386,riot,0.056834,18.59,3.564,riot
2020-03-13,pre,0.024806,19.45,3.478,riot,0.050939,33.9,5.386,riot,0.075363,14.34,4.551,riot,0.041922,27.81,8.421,riot,0.070376,23.89,4.372,riot,0.059094,19.62,3.706,riot
2020-03-16,pre,0.024888,19.54,3.49,riot,0.055475,37.61,5.866,riot,0.07579,14.45,4.577,riot,0.048469,32.74,9.737,riot,0.071092,24.2,4.417,riot,0.059935,20.0,3.758,riot
2020-03-17,pre,0.024972,19.63,3.501,riot,0.056445,38.4,5.968,riot,0.077311,14.82,4.669,riot,0.050266,34.09,10.098,riot,0.07193,24.57,4.469,riot,0.065291,22.44,4.094,riot
2020-03-18,pre,0.026863,21.72,3.767,riot,0.05641,38.38,5.965,riot,0.089732,17.85,5.419,riot,0.051508,35.03,10.347,riot,0.090855,32.9,5.645,riot,0.078809,28.59,4.942,riot
2020-03-19,pre,0.02688,21.73,3.769,riot,0.056532,38.48,5.977,riot,0.104937,21.55,6.338,riot,0.051465,34.99,10.338,riot,0.104602,38.95,6.499,riot,0.093704,35.36,5.876,riot
2020-03-20,pre,0.026093,20.87,3.659,riot,0.057001,38.86,6.027,riot,0.116126,24.28,7.013,riot,0.051688,35.16,10.383,riot,0.114505,43.31,7.114,riot,0.102378,39.31,6.42,riot
2020-03-23,pre,0.029443,24.55,4.128,riot,0.058617,40.18,6.198,riot,0.122215,25.77,7.381,riot,0.051605,35.1,10.367,riot,0.126079,48.41,7.833,riot,0.115763,45.39,7.259,riot
2020-03-24,pre,0.033256,28.75,4.663,riot,0.059549,40.94,6.296,riot,0.125244,26.51,7.564,riot,0.05778,39.75,11.607,riot,0.126634,48.65,7.868,riot,0.121834,48.15,7.64,riot
2020-03-25,pre,0.033312,28.81,4.671,riot,0.060199,41.47,6.365,riot,0.12557,26.59,7.584,riot,0.05819,40.06,11.689,riot,0.126832,48.74,7.88,riot,0.121809,48.14,7.638,riot
2020-03-26,pre,0.033886,29.44,4.751,riot,0.061118,42.22,6.462,riot,0.13261,28.3,8.009,riot,0.061093,42.24,12.272,riot,0.131853,50.95,8.192,riot,0.133625,53.52,8.379,riot
2020-03-27,pre,0.032305,27.7,4.53,riot,0.060202,41.47,6.365,riot,0.132107,28.18,7.978,riot,0.061208,42.33,12.296,riot,0.131855,50.95,8.192,riot,0.133643,53.52,8.38,riot
2020-03-30,pre,0.031884,27.24,4.471,riot,0.060446,41.67,6.391,riot,0.130974,27.9,7.91,riot,0.060056,41.46,12.064,riot,0.129928,50.1,8.072,riot,0.134405,53.87,8.428,riot
2020-03-31,pre,0.031282,26.58,4.386,riot,0.059364,40.79,6.277,riot,0.166518,36.57,10.057,riot,0.059936,41.37,12.04,riot,0.162166,64.29,10.075,riot,0.166195,68.33,10.422,riot
2020-04-01,pre,0.031318,26.62,4.391,riot,0.058779,40.31,6.215,riot,0.166536,36.58,10.058,riot,0.059557,41.09,11.964,riot,0.162119,64.27,10.072,riot,0.166822,68.61,10.461,riot
2020-04-02,pre,0.031485,26.8,4.415,riot,0.058023,39.69,6.135,riot,0.174088,38.42,10.514,riot,0.059804,41.27,12.014,riot,0.171777,68.52,10.672,riot,0.173992,71.87,10.911,riot
2020-04-03,regime,0.031314,26.61,4.391,riot,0.058027,39.7,6.135,riot,0.175726,38.82,10.613,riot,0.059831,41.29,12.019,riot,0.173979,69.49,10.809,riot,0.176463,73.0,11.066,riot
2020-04-06,regime,0.031756,27.1,4.453,riot,0.056325,38.31,5.956,riot,0.165746,36.38,10.01,riot,0.060691,41.94,12.192,riot,0.164567,65.34,10.224,riot,0.173686,71.73,10.891,riot
2020-04-07,regime,0.031327,26.63,4.393,riot,0.054632,36.92,5.777,riot,0.164335,36.04,9.925,riot,0.060124,41.51,12.078,riot,0.163941,65.07,10.185,riot,0.174362,72.04,10.934,riot
2020-04-08,regime,0.031237,26.53,4.38,riot,0.05458,36.88,5.771,riot,0.165227,36.26,9.979,riot,0.059703,41.2,11.993,riot,0.164786,65.44,10.238,riot,0.17451,72.11,10.943,riot
2020-04-09,regime,0.031479,26.8,4.414,riot,0.052679,35.33,5.57,riot,0.16716,36.73,10.095,riot,0.054126,37.0,10.873,riot,0.165159,65.61,10.261,riot,0.174815,72.25,10.962,riot
2020-04-13,regime,0.027661,22.59,3.878,riot,0.04211,26.69,4.452,riot,0.166279,36.51,10.042,riot,0.051532,35.04,10.352,riot,0.165149,65.6,10.26,riot,0.174212,71.97,10.924,riot
2020-04-14,regime,0.027274,22.17,3.824,riot,0.035063,20.93,3.707,riot,0.1671,36.71,10.092,riot,0.043304,28.85,8.699,riot,0.165503,65.76,10.282,riot,0.175554,72.58,11.009,riot
2020-04-15,regime,0.028106,23.08,3.941,riot,0.034264,20.27,3.623,riot,0.166401,36.54,10.049,riot,0.043223,28.79,8.683,riot,0.164725,65.41,10.234,riot,0.174046,71.9,10.914,riot
2020-04-16,regime,0.025447,20.16,3.568,riot,0.034012,20.07,3.596,riot,0.157996,34.49,9.542,riot,0.039624,26.08,7.96,riot,0.151432,59.56,9.408,riot,0.167437,68.89,10.5,riot
2020-04-17,regime,0.025495,20.21,3.575,riot,0.035447,21.24,3.748,riot,0.15023,32.6,9.073,riot,0.039607,26.07,7.956,riot,0.145538,56.97,9.042,riot,0.161275,66.09,10.113,riot
2020-04-22,regime,0.025855,20.61,3.625,riot,0.033528,19.67,3.545,riot,0.166672,36.61,10.066,riot,0.037459,24.45,7.525,riot,0.164589,65.35,10.226,riot,0.181297,75.2,11.369,riot
2020-04-23,regime,0.023251,17.74,3.26,riot,0.026434,13.87,2.795,riot,0.165721,36.38,10.008,riot,0.03644,23.68,7.32,riot,0.161197,63.86,10.015,riot,0.176367,72.95,11.06,riot
2020-04-24,regime,0.018837,12.88,2.641,riot,0.025991,13.51,2.748,riot,0.161154,35.26,9.733,riot,0.0309,19.51,6.207,riot,0.159274,63.02,9.895,riot,0.170539,70.3,10.694,riot
2020-04-27,regime,0.018646,12.67,2.614,riot,0.025741,13.31,2.722,riot,0.173437,38.26,10.474,riot,0.030896,19.51,6.207,riot,0.172199,68.7,10.698,riot,0.183214,76.07,11.489,riot
2020-04-28,regime,0.017797,11.74,2.495,riot,0.023822,11.74,2.519,riot,0.16393,35.94,9.9,riot,0.026807,16.43,5.385,riot,0.164453,65.29,10.217,riot,0.170688,70.37,10.703,riot
2020-04-29,regime,0.017728,11.66,2.486,riot,0.023851,11.76,2.522,riot,0.167603,36.84,10.122,riot,0.026257,16.02,5.274,riot,0.167734,66.74,10.421,riot,0.173524,71.66,10.881,riot
2020-04-30,regime,0.017621,11.54,2.471,riot,0.022994,11.06,2.431,riot,0.172133,37.94,10.396,riot,0.02615,15.94,5.253,riot,0.171223,68.27,10.638,riot,0.176956,73.22,11.097,riot
2020-05-01,regime,0.016614,10.44,2.33,riot,0.024652,12.42,2.607,riot,0.151226,32.84,9.133,riot,0.026789,16.42,5.381,riot,0.153287,60.38,9.523,riot,0.157107,64.19,9.852,riot
2020-05-04,regime,0.016332,10.12,2.29,riot,0.022329,10.52,2.361,riot,0.150957,32.78,9.117,riot,0.023128,13.66,4.646,riot,0.152806,60.17,9.494,riot,0.157105,64.19,9.852,riot
2020-05-05,regime,0.015726,9.46,2.205,riot,0.022164,10.39,2.344,riot,0.15079,32.74,9.107,riot,0.023066,13.62,4.634,riot,0.151067,59.4,9.386,riot,0.156014,63.7,9.783,riot
2020-05-06,regime,0.016282,10.07,2.283,riot,0.021292,9.67,2.251,riot,0.149873,32.51,9.051,riot,0.02259,13.26,4.538,riot,0.150557,59.18,9.354,riot,0.154198,62.87,9.669,riot
2020-05-07,regime,0.016211,9.99,2.273,riot,0.020018,8.63,2.117,riot,0.147362,31.9,8.9,riot,0.018206,9.96,3.657,riot,0.148671,58.35,9.237,riot,0.149592,60.78,9.381,riot
2020-05-08,regime,0.016292,10.08,2.284,riot,0.020462,8.99,2.164,riot,0.144214,31.13,8.71,riot,0.018374,10.08,3.691,riot,0.145399,56.91,9.033,riot,0.146413,59.33,9.181,riot
2020-05-11,regime,0.016658,10.48,2.336,riot,0.019438,8.16,2.055,riot,0.14467,31.24,8.737,riot,0.017635,9.53,3.543,riot,0.146223,57.27,9.085,riot,0.147036,59.61,9.22,riot
2020-05-12,regime,0.012787,6.22,1.793,riot,0.019338,8.08,2.045,riot,0.139713,30.04,8.438,riot,0.018025,9.82,3.621,riot,0.143892,56.25,8.94,riot,0.144381,58.41,9.054,riot
2020-05-13,regime,0.012696,6.12,1.78,riot,0.019846,8.49,2.098,riot,0.13951,29.99,8.425,riot,0.018665,10.3,3.75,riot,0.143805,56.21,8.934,riot,0.144123,58.29,9.038,riot
2020-05-14,regime,0.012711,6.14,1.782,riot,0.019363,8.1,2.047,riot,0.13476,28.83,8.139,riot,0.017216,9.21,3.458,riot,0.140005,54.53,8.698,riot,0.138306,55.64,8.673,riot
2020-05-15,regime,0.011792,5.13,1.653,riot,0.019352,8.09,2.046,riot,0.134375,28.73,8.115,riot,0.015699,8.07,3.154,riot,0.139199,54.18,8.648,riot,0.1381,55.55,8.66,riot
2020-05-18,regime,0.011621,4.94,1.629,riot,0.021349,9.72,2.257,riot,0.133897,28.62,8.086,riot,0.017469,9.4,3.509,riot,0.138404,53.83,8.599,riot,0.137276,55.18,8.608,riot
2020-05-19,regime,0.011073,4.34,1.553,riot,0.019649,8.33,2.078,riot,0.131522,28.04,7.943,riot,0.01679,8.89,3.373,riot,0.13506,52.36,8.391,riot,0.132264,52.9,8.294,riot
2020-05-20,regime,0.009304,2.39,1.305,riot,0.019706,8.38,2.084,riot,0.105515,21.7,6.372,riot,0.016668,8.8,3.348,riot,0.105236,39.23,6.538,riot,0.105044,40.52,6.587,riot
2020-05-21,regime,0.010427,3.63,1.462,riot,0.019723,8.39,2.085,riot,0.104804,21.52,6.329,riot,0.016933,9.0,3.402,riot,0.104627,38.96,6.5,riot,0.104188,40.13,6.533,riot
2020-05-22,regime,0.01037,3.56,1.454,riot,0.019418,8.14,2.053,riot,0.105893,21.79,6.395,riot,0.016768,8.87,3.368,riot,0.105683,39.43,6.566,riot,0.105163,40.57,6.595,riot
2020-05-26,regime,0.010505,3.71,1.473,riot,0.019933,8.56,2.108,riot,0.0783,15.06,4.729,riot,0.016973,9.03,3.41,riot,0.077181,26.88,4.795,riot,0.073059,25.97,4.581,riot
2020-05-27,regime,0.010508,3.72,1.473,riot,0.019975,8.6,2.112,riot,0.081968,15.95,4.95,riot,0.017072,9.1,3.43,riot,0.080815,28.48,5.021,riot,0.077806,28.13,4.879,riot
2020-05-28,regime,0.010659,3.88,1.495,riot,0.018938,7.75,2.002,riot,0.074229,14.06,4.483,riot,0.015958,8.27,3.206,riot,0.073059,25.07,4.539,riot,0.072441,25.69,4.543,riot
2020-05-29,regime,0.010927,4.18,1.532,riot,0.01907,7.86,2.016,riot,0.053916,9.11,3.256,riot,0.015911,8.23,3.196,riot,0.054014,16.69,3.356,riot,0.051799,16.3,3.248,riot
2020-06-01,regime,0.010861,4.1,1.523,riot,0.017173,6.31,1.816,riot,0.054351,9.22,3.282,riot,0.014437,7.12,2.9,riot,0.054378,16.85,3.378,riot,0.051995,16.39,3.26,riot
2020-06-02,regime,0.010984,4.24,1.54,riot,0.017352,6.45,1.835,riot,0.054493,9.25,3.291,riot,0.01439,7.09,2.891,riot,0.054425,16.87,3.381,riot,0.051977,16.39,3.259,riot
2020-06-03,regime,0.011339,4.63,1.59,riot,0.018259,7.19,1.931,riot,0.04057,5.86,2.45,riot,0.014662,7.29,2.945,riot,0.041545,11.2,2.581,riot,0.038864,10.42,2.437,riot
2020-06-04,regime,0.011261,4.54,1.579,riot,0.018806,7.64,1.988,riot,0.040293,5.79,2.433,riot,0.014174,6.92,2.847,riot,0.039719,10.4,2.468,riot,0.037944,10.0,2.379,riot
2020-06-05,regime,0.012043,5.4,1.689,riot,0.021274,9.66,2.249,riot,0.040304,5.79,2.434,riot,0.014598,7.24,2.933,riot,0.03947,10.29,2.452,riot,0.036925,9.54,2.315,riot
2020-06-08,regime,0.012494,5.9,1.752,riot,0.020941,9.39,2.214,riot,0.043115,6.48,2.604,riot,0.014485,7.16,2.91,riot,0.041249,11.07,2.563,riot,0.039742,10.82,2.492,riot
2020-06-09,regime,0.012226,5.61,1.714,riot,0.021522,9.86,2.276,riot,0.042032,6.21,2.538,riot,0.014475,7.15,2.908,riot,0.038967,10.07,2.421,riot,0.038296,10.16,2.401,riot
2020-06-10,regime,0.012148,5.52,1.703,riot,0.020453,8.99,2.163,riot,0.040937,5.95,2.472,riot,0.013478,6.4,2.708,riot,0.037398,9.38,2.323,riot,0.034472,8.42,2.162,riot
2020-06-11,regime,0.012149,5.52,1.703,riot,0.026065,13.57,2.756,riot,0.047463,7.54,2.866,riot,0.020945,12.02,4.208,riot,0.044379,12.45,2.757,riot,0.035357,8.83,2.217,riot
2020-06-12,regime,0.012131,5.5,1.701,riot,0.026167,13.66,2.767,riot,0.046437,7.29,2.804,riot,0.020927,12.01,4.204,riot,0.042932,11.81,2.667,riot,0.033986,8.2,2.131,riot
2020-06-15,regime,0.011979,5.33,1.68,riot,0.026182,13.67,2.768,riot,0.045139,6.97,2.726,riot,0.021048,12.1,4.228,riot,0.040956,10.94,2.545,riot,0.031249,6.96,1.96,riot
2020-06-16,regime,0.011898,5.25,1.668,riot,0.024641,12.41,2.605,riot,0.041431,6.07,2.502,riot,0.019755,11.12,3.968,riot,0.037535,9.44,2.332,riot,0.029913,6.35,1.876,riot
2020-06-17,regime,0.011736,5.07,1.646,riot,0.024218,12.06,2.561,riot,0.041631,6.11,2.514,riot,0.019701,11.08,3.958,riot,0.037804,9.55,2.349,riot,0.029685,6.25,1.861,riot
2020-06-18,regime,0.011732,5.06,1.645,riot,0.024119,11.98,2.55,riot,0.041379,6.05,2.499,riot,0.019433,10.88,3.904,riot,0.037173,9.28,2.309,riot,0.029703,6.26,1.863,riot
2020-06-19,regime,0.010932,4.18,1.533,riot,0.024508,12.3,2.591,riot,0.04074,5.9,2.46,riot,0.019346,10.82,3.886,riot,0.037213,9.29,2.312,riot,0.029692,6.25,1.862,riot
2020-06-22,regime,0.011179,4.45,1.567,riot,0.024447,12.25,2.585,riot,0.039742,5.65,2.4,riot,0.019395,10.85,3.896,riot,0.036394,8.93,2.261,riot,0.028844,5.87,1.809,riot
2020-06-23,regime,0.011152,4.42,1.564,riot,0.023601,11.56,2.495,riot,0.038649,5.39,2.334,riot,0.018974,10.54,3.811,riot,0.035582,8.58,2.211,riot,0.028792,5.84,1.805,riot
2020-06-24,regime,0.011438,4.74,1.604,riot,0.023983,11.87,2.536,riot,0.038695,5.4,2.337,riot,0.020296,11.53,4.077,riot,0.03668,9.06,2.279,riot,0.024805,4.03,1.555,riot
2020-06-25,regime,0.011463,4.77,1.607,riot,0.024186,12.04,2.557,riot,0.03863,5.38,2.333,riot,0.020339,11.56,4.086,riot,0.036277,8.88,2.254,riot,0.024302,3.8,1.524,riot
2020-06-26,regime,0.011132,4.4,1.561,riot,0.025042,12.74,2.648,riot,0.037814,5.18,2.284,riot,0.02116,12.18,4.251,riot,0.034538,8.12,2.146,riot,0.022321,2.9,1.4,riot
2020-06-29,regime,0.011087,4.35,1.555,riot,0.025244,12.9,2.669,riot,0.038188,5.28,2.306,riot,0.02131,12.29,4.281,riot,0.034959,8.3,2.172,riot,0.022282,2.88,1.397,riot
2020-06-30,regime,0.011203,4.48,1.571,riot,0.024991,12.7,2.642,riot,0.037283,5.05,2.252,riot,0.021535,12.46,4.326,riot,0.034127,7.94,2.12,riot,0.022519,2.99,1.412,riot
2020-07-01,regime,0.011031,4.29,1.547,riot,0.024279,12.11,2.567,riot,0.037224,5.04,2.248,riot,0.02122,12.23,4.263,riot,0.034153,7.95,2.122,riot,0.022557,3.01,1.414,riot
2020-07-02,regime,0.010369,3.56,1.454,riot,0.024072,11.94,2.545,riot,0.037191,5.03,2.246,riot,0.021224,12.23,4.264,riot,0.034251,7.99,2.128,riot,0.022646,3.05,1.42,riot
2020-07-06,regime,0.007806,0.74,1.095,normal,0.021014,9.45,2.222,riot,0.032504,3.89,1.963,riot,0.021115,12.15,4.242,riot,0.032385,7.17,2.012,riot,0.022357,2.91,1.402,riot
2020-07-07,regime,0.007266,0.15,1.019,normal,0.021311,9.69,2.253,riot,0.030761,3.46,1.858,riot,0.020941,12.02,4.207,riot,0.031498,6.78,1.957,riot,0.019466,1.6,1.221,normal
2020-07-08,regime,0.007147,0.02,1.002,normal,0.021121,9.53,2.233,riot,0.030649,3.44,1.851,riot,0.021153,12.18,4.249,riot,0.031193,6.64,1.938,riot,0.018613,1.21,1.167,normal
2020-07-09,regime,0.007858,0.8,1.102,normal,0.021173,9.58,2.239,riot,0.0308,3.47,1.86,riot,0.021225,12.23,4.264,riot,0.031996,7.0,1.988,riot,0.019246,1.5,1.207,normal
2020-07-10,regime,0.007869,0.81,1.103,normal,0.013903,3.63,1.47,riot,0.022748,1.51,1.374,normal,0.014128,6.89,2.838,riot,0.024423,3.66,1.517,riot,0.018696,1.25,1.172,normal
2020-07-13,regime,0.007685,0.61,1.078,normal,0.014053,3.76,1.486,riot,0.02328,1.64,1.406,normal,0.014283,7.0,2.869,riot,0.024392,3.65,1.515,riot,0.018113,0.99,1.136,normal
2020-07-14,regime,0.007681,0.6,1.077,normal,0.014056,3.76,1.486,riot,0.02254,1.46,1.361,normal,0.014308,7.02,2.874,riot,0.023757,3.37,1.476,riot,0.018057,0.96,1.132,normal
2020-07-15,regime,0.007682,0.61,1.077,normal,0.013846,3.59,1.464,riot,0.0223,1.4,1.347,normal,0.014101,6.87,2.833,riot,0.023523,3.27,1.461,riot,0.018065,0.96,1.133,normal
2020-07-16,regime,0.008117,1.08,1.138,normal,0.013864,3.6,1.466,riot,0.022208,1.38,1.341,normal,0.014117,6.88,2.836,riot,0.023627,3.31,1.468,riot,0.018122,0.99,1.136,normal
2020-07-17,regime,0.008061,1.02,1.13,normal,0.013846,3.59,1.464,riot,0.021611,1.23,1.305,normal,0.014126,6.89,2.838,riot,0.023329,3.18,1.449,riot,0.017577,0.74,1.102,normal
2020-07-20,regime,0.007913,0.86,1.11,normal,0.013271,3.12,1.403,riot,0.021449,1.19,1.295,normal,0.013995,6.79,2.811,riot,0.022952,3.02,1.426,riot,0.016212,0.12,1.017,normal
2020-07-21,regime,0.008772,1.8,1.23,normal,0.013599,3.38,1.438,riot,0.021208,1.13,1.281,normal,0.013901,6.72,2.793,riot,0.023078,3.07,1.434,riot,0.016543,0.27,1.037,normal
2020-07-22,regime,0.008825,1.86,1.237,normal,0.013629,3.41,1.441,riot,0.021083,1.1,1.273,normal,0.013891,6.71,2.79,riot,0.023065,3.07,1.433,riot,0.016432,0.22,1.03,normal
2020-07-23,regime,0.008816,1.85,1.236,normal,0.013909,3.64,1.471,riot,0.017852,0.32,1.078,normal,0.011786,5.12,2.368,riot,0.016836,0.33,1.046,normal,0.014139,-0.82,0.887,normal
2020-07-24,regime,0.008529,1.54,1.196,normal,0.013708,3.47,1.449,riot,0.01715,0.14,1.036,normal,0.011874,5.19,2.385,riot,0.016639,0.24,1.034,normal,0.014255,-0.77,0.894,normal
2020-07-27,regime,0.009687,2.81,1.358,riot,0.012128,2.18,1.282,riot,0.017236,0.17,1.041,normal,0.010007,3.79,2.01,riot,0.016617,0.23,1.032,normal,0.01346,-1.13,0.844,freeze
2020-07-28,regime,0.009604,2.72,1.347,riot,0.011997,2.08,1.268,riot,0.016426,-0.03,0.992,normal,0.010209,3.94,2.051,riot,0.016283,0.08,1.012,normal,0.013096,-1.3,0.821,freeze
2020-07-29,regime,0.009559,2.67,1.34,riot,0.012097,2.16,1.279,riot,0.015934,-0.15,0.962,normal,0.010265,3.98,2.062,riot,0.016111,0.01,1.001,normal,0.011874,-1.85,0.745,freeze
2020-07-30,regime,0.009129,2.2,1.28,riot,0.011387,1.58,1.204,normal,0.015297,-0.31,0.924,normal,0.01033,4.03,2.075,riot,0.017444,0.59,1.084,normal,0.013099,-1.3,0.821,freeze
2020-07-31,regime,0.009123,2.19,1.279,riot,0.011385,1.58,1.204,normal,0.014848,-0.42,0.897,normal,0.010334,4.03,2.076,riot,0.01714,0.46,1.065,normal,0.012637,-1.51,0.792,freeze
2020-08-03,regime,0.009193,2.27,1.289,riot,0.010944,1.21,1.157,normal,0.015627,-0.23,0.944,normal,0.009564,3.45,1.921,riot,0.017529,0.63,1.089,normal,0.012509,-1.56,0.784,freeze
2020-08-04,regime,0.009612,2.73,1.348,riot,0.010567,0.91,1.117,normal,0.015691,-0.21,0.948,normal,0.00886,2.92,1.78,riot,0.01806,0.86,1.122,normal,0.012771,-1.44,0.801,freeze
2020-08-05,regime,0.010063,3.23,1.411,riot,0.010592,0.93,1.12,normal,0.015654,-0.22,0.945,normal,0.008854,2.92,1.779,riot,0.018327,0.98,1.139,normal,0.012913,-1.38,0.81,freeze
2020-08-06,regime,0.008985,2.04,1.26,riot,0.010479,0.84,1.108,normal,0.015384,-0.29,0.929,normal,0.008337,2.53,1.675,riot,0.016266,0.07,1.011,normal,0.011937,-1.82,0.749,freeze
2020-08-07,regime,0.011958,5.31,1.677,riot,0.011411,1.6,1.207,normal,0.014071,-0.61,0.85,normal,0.008592,2.72,1.726,riot,0.01699,0.39,1.056,normal,0.012255,-1.68,0.768,freeze
2020-08-10,regime,0.011956,5.31,1.676,riot,0.010971,1.24,1.16,normal,0.014088,-0.6,0.851,normal,0.00818,2.41,1.643,riot,0.017016,0.41,1.057,normal,0.01288,-1.39,0.808,freeze
2020-08-11,regime,0.016996,10.86,2.383,riot,0.013894,3.63,1.469,riot,0.016582,0.01,1.001,normal,0.008278,2.48,1.663,riot,0.017271,0.52,1.073,normal,0.012793,-1.43,0.802,freeze
2020-08-12,regime,0.016991,10.85,2.382,riot,0.014076,3.77,1.488,riot,0.016784,0.06,1.014,normal,0.008586,2.72,1.725,riot,0.017512,0.62,1.088,normal,0.012713,-1.47,0.797,freeze
2020-08-13,regime,0.016713,10.54,2.343,riot,0.01429,3.95,1.511,riot,0.017235,0.17,1.041,normal,0.008343,2.53,1.676,riot,0.017217,0.49,1.07,normal,0.012664,-1.49,0.794,freeze
2020-08-14,regime,0.016945,10.8,2.376,riot,0.014528,4.14,1.536,riot,0.017215,0.16,1.04,normal,0.008317,2.51,1.671,riot,0.017246,0.51,1.071,normal,0.0126,-1.52,0.79,freeze
2020-08-17,regime,0.01766,11.59,2.476,riot,0.015168,4.67,1.604,riot,0.017197,0.16,1.039,normal,0.008217,2.44,1.651,riot,0.017749,0.73,1.103,normal,0.013188,-1.25,0.827,freeze
2020-08-18,regime,0.017359,11.26,2.434,riot,0.014987,4.52,1.585,riot,0.017067,0.12,1.031,normal,0.008198,2.42,1.647,riot,0.016687,0.26,1.037,normal,0.012294,-1.66,0.771,freeze
2020-08-19,regime,0.018729,12.76,2.626,riot,0.015493,4.93,1.638,riot,0.017798,0.3,1.075,normal,0.008765,2.85,1.761,riot,0.016804,0.31,1.044,normal,0.012343,-1.64,0.774,freeze
2020-08-20,regime,0.018777,12.82,2.633,riot,0.014778,4.35,1.563,riot,0.015998,-0.14,0.966,normal,0.008297,2.5,1.667,riot,0.0162,0.05,1.006,normal,0.012376,-1.62,0.776,freeze
2020-08-21,regime,0.018798,12.84,2.636,riot,0.014525,4.14,1.536,riot,0.016103,-0.11,0.972,normal,0.00822,2.44,1.651,riot,0.016478,0.17,1.024,normal,0.012217,-1.7,0.766,freeze
2020-08-24,regime,0.017943,11.9,2.516,riot,0.014464,4.09,1.529,riot,0.015883,-0.16,0.959,normal,0.00785,2.16,1.577,riot,0.016244,0.07,1.009,normal,0.012284,-1.67,0.77,freeze
2020-08-25,regime,0.017924,11.88,2.513,riot,0.014047,3.75,1.485,riot,0.015853,-0.17,0.957,normal,0.007477,1.88,1.502,normal,0.016288,0.08,1.012,normal,0.012657,-1.5,0.794,freeze
2020-08-26,regime,0.01812,12.09,2.541,riot,0.014162,3.84,1.497,riot,0.016334,-0.05,0.986,normal,0.006912,1.46,1.388,normal,0.01618,0.04,1.005,normal,0.012737,-1.46,0.799,freeze
2020-08-27,regime,0.01824,12.22,2.557,riot,0.014266,3.93,1.508,riot,0.014884,-0.41,0.899,normal,0.006841,1.4,1.374,normal,0.01461,-0.65,0.908,normal,0.011254,-2.13,0.706,freeze
2020-08-28,regime,0.019374,13.47,2.717,riot,0.014852,4.41,1.57,riot,0.015767,-0.19,0.952,normal,0.007195,1.67,1.445,normal,0.014641,-0.64,0.91,normal,0.011304,-2.11,0.709,freeze
2020-08-31,regime,0.019388,13.49,2.718,riot,0.014927,4.47,1.578,riot,0.015714,-0.21,0.949,normal,0.007208,1.68,1.448,normal,0.014413,-0.74,0.895,normal,0.011072,-2.22,0.694,freeze
2020-09-01,regime,0.018909,12.96,2.651,riot,0.014392,4.03,1.522,riot,0.015716,-0.21,0.949,normal,0.007212,1.68,1.449,normal,0.013719,-1.05,0.852,freeze,0.010274,-2.58,0.644,freeze
2020-09-02,regime,0.018871,12.92,2.646,riot,0.015405,4.86,1.629,riot,0.016054,-0.12,0.97,normal,0.007073,1.58,1.421,normal,0.013136,-1.3,0.816,freeze,0.010438,-2.51,0.655,freeze
2020-09-03,regime,0.018627,12.65,2.612,riot,0.017538,6.6,1.854,riot,0.017004,0.11,1.027,normal,0.011041,4.56,2.218,riot,0.014887,-0.53,0.925,normal,0.010195,-2.62,0.639,freeze
2020-09-04,regime,0.017729,11.66,2.486,riot,0.017258,6.38,1.825,riot,0.019481,0.71,1.177,normal,0.011107,4.61,2.231,riot,0.01665,0.24,1.034,normal,0.011861,-1.86,0.744,freeze
2020-09-08,regime,0.017645,11.57,2.474,riot,0.019012,7.81,2.01,riot,0.026042,2.31,1.573,riot,0.013961,6.76,2.805,riot,0.023947,3.46,1.488,riot,0.0144,-0.7,0.903,normal
2020-09-09,regime,0.014289,7.88,2.004,riot,0.017242,6.36,1.823,riot,0.025233,2.12,1.524,riot,0.014696,7.32,2.952,riot,0.025549,4.16,1.587,riot,0.014906,-0.47,0.935,normal
2020-09-10,regime,0.014298,7.89,2.005,riot,0.017745,6.77,1.876,riot,0.024701,1.99,1.492,normal,0.014897,7.47,2.993,riot,0.024708,3.79,1.535,riot,0.01438,-0.71,0.902,normal
2020-09-11,regime,0.01415,7.72,1.984,riot,0.017639,6.69,1.865,riot,0.024837,2.02,1.5,riot,0.014899,7.47,2.993,riot,0.024787,3.83,1.54,riot,0.014483,-0.67,0.908,normal
2020-09-14,regime,0.014257,7.84,1.999,riot,0.017524,6.59,1.853,riot,0.024723,1.99,1.493,normal,0.015312,7.78,3.076,riot,0.024814,3.84,1.542,riot,0.014639,-0.59,0.918,normal
2020-09-15,regime,0.012808,6.25,1.796,riot,0.016787,5.99,1.775,riot,0.0258,2.25,1.558,riot,0.015312,7.78,3.076,riot,0.025197,4.01,1.565,riot,0.015172,-0.35,0.951,normal
2020-09-16,regime,0.012363,5.76,1.733,riot,0.016823,6.02,1.779,riot,0.028181,2.83,1.702,riot,0.015245,7.73,3.062,riot,0.027665,5.09,1.719,riot,0.020045,1.86,1.257,normal
2020-09-17,regime,0.010908,4.16,1.529,riot,0.016441,5.71,1.738,riot,0.028673,2.95,1.732,riot,0.015099,7.62,3.033,riot,0.028284,5.36,1.757,riot,0.021221,2.4,1.331,riot
2020-09-18,regime,0.010687,3.91,1.498,riot,0.016456,5.72,1.74,riot,0.028616,2.94,1.728,riot,0.015235,7.72,3.06,riot,0.028295,5.37,1.758,riot,0.021414,2.49,1.343,riot
2020-09-21,regime,0.013014,6.47,1.825,riot,0.01683,6.03,1.78,riot,0.028845,3.0,1.742,riot,0.015709,8.08,3.156,riot,0.030391,6.29,1.888,riot,0.022578,3.02,1.416,riot
2020-09-22,regime,0.013048,6.51,1.83,riot,0.016756,5.97,1.772,riot,0.028889,3.01,1.745,riot,0.015588,7.99,3.131,riot,0.030394,6.29,1.888,riot,0.022548,3.0,1.414,riot
2020-09-23,regime,0.014069,7.63,1.973,riot,0.016487,5.75,1.743,riot,0.02914,3.07,1.76,riot,0.016488,8.66,3.312,riot,0.029954,6.1,1.861,riot,0.023665,3.51,1.484,riot
2020-09-24,regime,0.013589,7.11,1.905,riot,0.01647,5.73,1.741,riot,0.029017,3.04,1.752,riot,0.01625,8.49,3.264,riot,0.030009,6.12,1.864,riot,0.023587,3.47,1.479,riot
2020-09-25,regime,0.013545,7.06,1.899,riot,0.01703,6.19,1.801,riot,0.029037,3.04,1.754,riot,0.016678,8.81,3.35,riot,0.03,6.12,1.864,riot,0.023807,3.57,1.493,riot
2020-09-28,regime,0.011856,5.2,1.662,riot,0.016791,5.99,1.775,riot,0.028714,2.96,1.734,riot,0.017037,9.08,3.422,riot,0.030129,6.18,1.872,riot,0.023817,3.58,1.493,riot
2020-09-29,regime,0.012483,5.89,1.75,riot,0.01717,6.3,1.815,riot,0.030543,3.41,1.845,riot,0.017026,9.07,3.42,riot,0.030787,6.47,1.913,riot,0.024773,4.01,1.553,riot
2020-09-30,regime,0.012482,5.89,1.75,riot,0.01731,6.42,1.83,riot,0.03135,3.61,1.893,riot,0.017115,9.14,3.438,riot,0.031543,6.8,1.96,riot,0.025147,4.18,1.577,riot
2020-10-01,regime,0.012034,5.39,1.687,riot,0.015509,4.95,1.64,riot,0.032854,3.97,1.984,riot,0.017023,9.07,3.42,riot,0.032406,7.18,2.013,riot,0.02682,4.94,1.682,riot
2020-10-02,regime,0.012075,5.44,1.693,riot,0.013844,3.58,1.464,riot,0.033285,4.08,2.01,riot,0.015494,7.92,3.113,riot,0.033055,7.46,2.054,riot,0.027638,5.32,1.733,riot
2020-10-05,regime,0.012334,5.73,1.729,riot,0.014041,3.75,1.485,riot,0.034528,4.38,2.085,riot,0.016282,8.51,3.271,riot,0.035267,8.44,2.191,riot,0.028439,5.68,1.783,riot
2020-10-06,regime,0.012474,5.88,1.749,riot,0.011919,2.01,1.26,riot,0.030419,3.38,1.837,riot,0.014568,7.22,2.927,riot,0.030394,6.29,1.888,riot,0.028426,5.67,1.783,riot
2020-10-07,regime,0.01234,5.73,1.73,riot,0.012912,2.82,1.365,riot,0.030189,3.32,1.823,riot,0.014349,7.05,2.882,riot,0.029881,6.07,1.856,riot,0.029656,6.23,1.86,riot
2020-10-08,regime,0.012314,5.7,1.727,riot,0.011561,1.72,1.222,normal,0.029764,3.22,1.798,riot,0.013749,6.6,2.762,riot,0.029951,6.1,1.861,riot,0.029962,6.37,1.879,riot
2020-10-09,regime,0.013313,6.8,1.867,riot,0.01172,1.85,1.239,normal,0.030896,3.5,1.866,riot,0.014059,6.84,2.824,riot,0.030101,6.16,1.87,riot,0.030554,6.64,1.916,riot
2020-10-12,regime,0.01307,6.54,1.833,riot,0.01203,2.1,1.272,riot,0.031816,3.72,1.921,riot,0.014096,6.86,2.832,riot,0.031092,6.6,1.932,riot,0.032265,7.42,2.023,riot
2020-10-13,regime,0.013939,7.49,1.954,riot,0.012181,2.23,1.288,riot,0.032373,3.86,1.955,riot,0.014385,7.08,2.89,riot,0.030665,6.41,1.905,riot,0.032419,7.49,2.033,riot
2020-10-14,regime,0.014125,7.7,1.981,riot,0.012562,2.54,1.328,riot,0.030946,3.51,1.869,riot,0.014351,7.06,2.883,riot,0.029278,5.8,1.819,riot,0.030731,6.72,1.927,riot
2020-10-15,regime,0.014065,7.63,1.972,riot,0.012622,2.59,1.335,riot,0.030231,3.33,1.826,riot,0.014373,7.07,2.887,riot,0.028839,5.61,1.792,riot,0.029956,6.37,1.878,riot
2020-10-16,regime,0.013947,7.5,1.956,riot,0.011699,1.83,1.237,normal,0.030221,3.33,1.825,riot,0.014084,6.85,2.829,riot,0.028827,5.6,1.791,riot,0.029727,6.27,1.864,riot
2020-10-19,regime,0.011921,5.27,1.672,riot,0.012473,2.46,1.319,riot,0.029874,3.25,1.804,riot,0.013783,6.63,2.769,riot,0.026185,4.44,1.627,riot,0.02908,5.97,1.824,riot
2020-10-20,regime,0.011889,5.24,1.667,riot,0.012261,2.29,1.296,riot,0.029973,3.27,1.81,riot,0.013837,6.67,2.78,riot,0.026514,4.59,1.647,riot,0.029199,6.03,1.831,riot
2020-10-21,regime,0.010494,3.7,1.471,riot,0.01247,2.46,1.319,riot,0.030892,3.5,1.866,riot,0.011813,5.15,2.373,riot,0.027598,5.06,1.715,riot,0.029107,5.98,1.825,riot
2020-10-22,regime,0.011267,4.55,1.58,riot,0.012961,2.86,1.37,riot,0.031543,3.65,1.905,riot,0.011825,5.15,2.375,riot,0.027672,5.09,1.719,riot,0.029219,6.04,1.832,riot
2020-10-23,regime,0.011031,4.29,1.547,riot,0.012144,2.2,1.284,riot,0.031777,3.71,1.919,riot,0.011617,5.0,2.334,riot,0.02793,5.21,1.735,riot,0.029355,6.1,1.841,riot
2020-10-26,regime,0.010853,4.09,1.522,riot,0.012853,2.78,1.359,riot,0.032606,3.91,1.969,riot,0.012271,5.49,2.465,riot,0.02898,5.67,1.801,riot,0.029486,6.16,1.849,riot
2020-10-27,regime,0.01038,3.57,1.455,riot,0.012376,2.39,1.309,riot,0.031302,3.6,1.89,riot,0.012282,5.5,2.467,riot,0.028685,5.54,1.782,riot,0.029479,6.15,1.849,riot
2020-10-28,regime,0.011575,4.89,1.623,riot,0.012774,2.71,1.351,riot,0.031532,3.65,1.904,riot,0.015368,7.82,3.087,riot,0.030996,6.56,1.926,riot,0.029413,6.12,1.844,riot
2020-10-29,regime,0.011424,4.72,1.602,riot,0.013375,3.2,1.414,riot,0.030279,3.35,1.829,riot,0.015336,7.8,3.081,riot,0.031297,6.69,1.944,riot,0.029705,6.26,1.863,riot
2020-10-30,regime,0.011469,4.77,1.608,riot,0.013967,3.69,1.477,riot,0.029238,3.09,1.766,riot,0.015411,7.85,3.096,riot,0.029861,6.06,1.855,riot,0.028832,5.86,1.808,riot
2020-11-02,regime,0.011334,4.62,1.589,riot,0.01376,3.52,1.455,riot,0.026954,2.54,1.628,riot,0.014827,7.41,2.978,riot,0.026765,4.7,1.663,riot,0.027422,5.22,1.72,riot
2020-11-03,regime,0.011666,4.99,1.636,riot,0.01379,3.54,1.458,riot,0.025227,2.11,1.524,riot,0.015319,7.78,3.077,riot,0.026518,4.59,1.648,riot,0.024736,4.0,1.551,riot
2020-11-04,regime,0.011626,4.95,1.63,riot,0.014065,3.77,1.487,riot,0.027696,2.72,1.673,riot,0.015599,8.0,3.134,riot,0.028214,5.33,1.753,riot,0.024114,3.71,1.512,riot
2020-11-05,regime,0.014078,7.64,1.974,riot,0.014096,3.79,1.49,riot,0.027909,2.77,1.686,riot,0.016767,8.87,3.368,riot,0.027234,4.9,1.692,riot,0.024238,3.77,1.52,riot
2020-11-06,regime,0.013306,6.79,1.866,riot,0.014014,3.72,1.482,riot,0.028747,2.97,1.736,riot,0.016486,8.66,3.312,riot,0.028402,5.42,1.765,riot,0.025334,4.27,1.589,riot
2020-11-09,regime,0.018535,12.55,2.599,riot,0.019686,8.36,2.081,riot,0.041194,6.01,2.488,riot,0.016148,8.41,3.244,riot,0.032642,7.28,2.028,riot,0.028235,5.59,1.771,riot
2020-11-10,regime,0.018064,12.03,2.533,riot,0.019841,8.49,2.098,riot,0.040479,5.83,2.445,riot,0.015923,8.24,3.199,riot,0.033031,7.45,2.052,riot,0.028359,5.64,1.778,riot
2020-11-11,regime,0.018115,12.09,2.54,riot,0.019802,8.45,2.094,riot,0.04042,5.82,2.441,riot,0.015879,8.21,3.19,riot,0.032689,7.3,2.031,riot,0.027711,5.35,1.738,riot
2020-11-12,regime,0.018186,12.17,2.55,riot,0.020218,8.79,2.138,riot,0.040574,5.86,2.45,riot,0.015956,8.26,3.205,riot,0.032707,7.31,2.032,riot,0.027715,5.35,1.738,riot
2020-11-13,regime,0.018309,12.3,2.567,riot,0.020248,8.82,2.141,riot,0.041194,6.01,2.488,riot,0.016279,8.51,3.27,riot,0.033088,7.48,2.056,riot,0.028914,5.9,1.813,riot
2020-11-16,regime,0.018276,12.26,2.563,riot,0.019699,8.37,2.083,riot,0.041712,6.13,2.519,riot,0.016039,8.33,3.222,riot,0.033871,7.82,2.104,riot,0.028988,5.93,1.818,riot
2020-11-17,regime,0.018221,12.2,2.555,riot,0.019755,8.42,2.089,riot,0.041599,6.11,2.512,riot,0.016051,8.34,3.224,riot,0.033573,7.69,2.086,riot,0.028887,5.88,1.811,riot
2020-11-18,regime,0.017995,11.95,2.523,riot,0.019644,8.33,2.077,riot,0.040351,5.8,2.437,riot,0.016322,8.54,3.279,riot,0.032782,7.34,2.037,riot,0.028325,5.63,1.776,riot
2020-11-19,regime,0.017705,11.64,2.483,riot,0.01944,8.16,2.055,riot,0.039984,5.71,2.415,riot,0.016329,8.54,3.28,riot,0.032729,7.32,2.033,riot,0.028272,5.61,1.773,riot
2020-11-20,regime,0.01774,11.67,2.487,riot,0.01976,8.42,2.089,riot,0.039674,5.64,2.396,riot,0.016461,8.64,3.307,riot,0.032485,7.21,2.018,riot,0.028065,5.51,1.76,riot
2020-11-23,regime,0.018266,12.25,2.561,riot,0.019696,8.37,2.083,riot,0.03942,5.58,2.381,riot,0.015525,7.94,3.119,riot,0.031257,6.67,1.942,riot,0.027947,5.46,1.752,riot
2020-11-24,regime,0.018457,12.46,2.588,riot,0.020612,9.12,2.179,riot,0.041009,5.96,2.477,riot,0.015894,8.22,3.193,riot,0.032134,7.06,1.996,riot,0.027841,5.41,1.746,riot
2020-11-25,regime,0.017884,11.83,2.508,riot,0.019873,8.51,2.101,riot,0.039585,5.62,2.391,riot,0.011941,5.24,2.399,riot,0.028265,5.36,1.756,riot,0.027654,5.32,1.734,riot
2020-11-30,regime,0.018025,11.99,2.527,riot,0.019802,8.45,2.094,riot,0.038313,5.31,2.314,riot,0.01204,5.32,2.419,riot,0.025777,4.26,1.602,riot,0.024864,4.06,1.559,riot
2020-12-01,regime,0.019105,13.18,2.679,riot,0.01932,8.06,2.043,riot,0.039437,5.58,2.382,riot,0.011462,4.88,2.303,riot,0.025749,4.25,1.6,riot,0.025929,4.54,1.626,riot
2020-12-02,regime,0.019141,13.22,2.684,riot,0.019502,8.21,2.062,riot,0.039413,5.57,2.38,riot,0.011421,4.85,2.294,riot,0.025572,4.17,1.589,riot,0.025916,4.53,1.625,riot
2020-12-03,regime,0.018987,13.05,2.662,riot,0.019732,8.4,2.086,riot,0.039465,5.59,2.383,riot,0.010771,4.36,2.164,riot,0.025304,4.05,1.572,riot,0.025934,4.54,1.626,riot
2020-12-04,regime,0.018944,13.0,2.656,riot,0.019002,7.8,2.009,riot,0.038575,5.37,2.33,riot,0.009991,3.77,2.007,riot,0.024301,3.61,1.51,riot,0.025766,4.47,1.616,riot
2020-12-07,regime,0.017275,11.16,2.422,riot,0.0194,8.13,2.051,riot,0.037896,5.2,2.289,riot,0.008426,2.6,1.693,riot,0.024686,3.78,1.534,riot,0.024688,3.98,1.548,riot
2020-12-08,regime,0.017224,11.11,2.415,riot,0.019384,8.11,2.05,riot,0.035869,4.71,2.166,riot,0.008447,2.61,1.697,riot,0.02219,2.68,1.379,riot,0.022166,2.83,1.39,riot
2020-12-09,regime,0.012393,5.79,1.738,riot,0.013948,3.67,1.475,riot,0.022663,1.49,1.369,normal,0.008873,2.93,1.782,riot,0.016669,0.25,1.036,normal,0.016981,0.47,1.065,normal
2020-12-10,regime,0.012122,5.49,1.7,riot,0.013489,3.29,1.426,riot,0.023088,1.59,1.394,normal,0.008819,2.89,1.772,riot,0.016907,0.36,1.05,normal,0.016967,0.46,1.064,normal
2020-12-11,regime,0.011847,5.19,1.661,riot,0.013243,3.09,1.4,riot,0.023309,1.65,1.408,normal,0.008912,2.96,1.79,riot,0.017039,0.42,1.059,normal,0.016852,0.41,1.057,normal
2020-12-14,regime,0.011765,5.1,1.65,riot,0.012531,2.51,1.325,riot,0.022835,1.53,1.379,normal,0.008544,2.68,1.716,riot,0.016724,0.28,1.039,normal,0.016947,0.45,1.063,normal
2020-12-15,regime,0.012103,5.47,1.697,riot,0.012511,2.5,1.323,riot,0.021045,1.09,1.271,normal,0.00853,2.67,1.714,riot,0.015192,-0.4,0.944,normal,0.013738,-1.0,0.862,freeze
2020-12-16,regime,0.012097,5.46,1.696,riot,0.012367,2.38,1.308,riot,0.020575,0.98,1.243,normal,0.008137,2.38,1.635,riot,0.014305,-0.79,0.889,normal,0.013504,-1.11,0.847,freeze
2020-12-17,regime,0.013169,6.64,1.846,riot,0.012645,2.61,1.337,riot,0.020829,1.04,1.258,normal,0.008361,2.55,1.679,riot,0.014374,-0.76,0.893,normal,0.013513,-1.11,0.847,freeze
2020-12-18,regime,0.013131,6.6,1.841,riot,0.012571,2.54,1.329,riot,0.020823,1.04,1.258,normal,0.008013,2.29,1.61,riot,0.014385,-0.75,0.894,normal,0.013336,-1.19,0.836,freeze
2020-12-21,regime,0.01306,6.52,1.831,riot,0.012398,2.4,1.311,riot,0.021892,1.3,1.322,normal,0.008174,2.41,1.642,riot,0.016292,0.09,1.012,normal,0.014541,-0.64,0.912,normal
2020-12-22,regime,0.013462,6.97,1.888,riot,0.011966,2.05,1.265,riot,0.022179,1.37,1.339,normal,0.00824,2.46,1.655,riot,0.017719,0.71,1.101,normal,0.014906,-0.47,0.935,normal
2020-12-23,regime,0.012588,6.0,1.765,riot,0.010783,1.08,1.14,normal,0.020776,1.03,1.255,normal,0.008233,2.45,1.654,riot,0.01779,0.75,1.105,normal,0.015028,-0.42,0.942,normal
2020-12-24,regime,0.011917,5.27,1.671,riot,0.007344,-1.73,0.776,freeze,0.016313,-0.06,0.985,normal,0.007299,1.75,1.466,normal,0.015457,-0.28,0.96,normal,0.01419,-0.8,0.89,normal
2020-12-28,regime,0.011962,5.32,1.677,riot,0.007755,-1.39,0.82,freeze,0.016099,-0.11,0.972,normal,0.007442,1.85,1.495,normal,0.015469,-0.28,0.961,normal,0.014628,-0.6,0.917,normal
2020-12-29,regime,0.011163,4.44,1.565,riot,0.006917,-2.08,0.731,freeze,0.016044,-0.13,0.969,normal,0.007406,1.83,1.488,normal,0.01538,-0.32,0.956,normal,0.014667,-0.58,0.92,normal
2020-12-30,regime,0.009825,2.96,1.378,riot,0.006653,-2.29,0.703,freeze,0.013608,-0.72,0.822,normal,0.006586,1.21,1.323,normal,0.015198,-0.4,0.944,normal,0.01321,-1.24,0.828,freeze
2020-12-31,regime,0.009807,2.94,1.375,riot,0.00675,-2.21,0.714,freeze,0.013506,-0.74,0.816,normal,0.006574,1.2,1.321,normal,0.014958,-0.5,0.929,normal,0.01306,-1.31,0.819,freeze
2021-01-04,regime,0.011185,4.46,1.568,riot,0.011375,1.57,1.203,normal,0.017067,0.12,1.031,normal,0.00746,1.87,1.499,normal,0.01552,-0.25,0.964,normal,0.012986,-1.35,0.814,freeze
2021-01-05,regime,0.011219,4.5,1.573,riot,0.011118,1.36,1.176,normal,0.019541,0.73,1.18,normal,0.007661,2.02,1.539,riot,0.019046,1.3,1.183,normal,0.015644,-0.14,0.981,normal
2021-01-06,regime,0.012666,6.09,1.776,riot,0.01278,2.72,1.351,riot,0.020173,0.88,1.218,normal,0.00764,2.0,1.535,riot,0.018714,1.15,1.163,normal,0.015388,-0.25,0.965,normal
2021-01-07,regime,0.012675,6.1,1.777,riot,0.013065,2.95,1.381,riot,0.020042,0.85,1.21,normal,0.007953,2.24,1.598,riot,0.018631,1.12,1.158,normal,0.015655,-0.13,0.982,normal
2021-01-08,regime,0.015685,9.41,2.199,riot,0.016636,5.87,1.759,riot,0.024956,2.05,1.507,riot,0.007497,1.9,1.506,normal,0.018996,1.28,1.18,normal,0.016287,0.15,1.021,normal
2021-01-11,regime,0.015692,9.42,2.2,riot,0.017061,6.21,1.804,riot,0.024638,1.97,1.488,normal,0.008128,2.37,1.633,riot,0.018321,0.98,1.138,normal,0.015273,-0.31,0.958,normal
2021-01-12,regime,0.015694,9.42,2.201,riot,0.017012,6.17,1.799,riot,0.024723,1.99,1.493,normal,0.008075,2.33,1.622,riot,0.018516,1.07,1.15,normal,0.015492,-0.21,0.971,normal
2021-01-13,regime,0.015676,9.4,2.198,riot,0.017053,6.21,1.803,riot,0.024923,2.04,1.505,riot,0.00806,2.32,1.619,riot,0.018773,1.18,1.166,normal,0.015567,-0.17,0.976,normal
2021-01-14,regime,0.015298,8.99,2.145,riot,0.017068,6.22,1.805,riot,0.024958,2.05,1.507,riot,0.007517,1.91,1.51,normal,0.018747,1.17,1.165,normal,0.015771,-0.08,0.989,normal
2021-01-15,regime,0.015773,9.51,2.212,riot,0.017074,6.23,1.805,riot,0.025264,2.12,1.526,riot,0.008197,2.42,1.647,riot,0.020315,1.86,1.262,normal,0.016415,0.21,1.029,normal
2021-01-19,regime,0.014879,8.53,2.086,riot,0.016819,6.02,1.778,riot,0.025113,2.09,1.517,riot,0.008085,2.34,1.624,riot,0.020251,1.83,1.258,normal,0.016414,0.21,1.029,normal
2021-01-20,regime,0.015308,9.0,2.146,riot,0.01679,5.99,1.775,riot,0.025211,2.11,1.523,riot,0.008474,2.63,1.702,riot,0.020168,1.79,1.253,normal,0.016249,0.14,1.019,normal
2021-01-21,regime,0.01532,9.01,2.148,riot,0.016782,5.99,1.774,riot,0.024478,1.93,1.478,normal,0.008378,2.56,1.683,riot,0.018935,1.25,1.176,normal,0.015305,-0.29,0.96,normal
2021-01-22,regime,0.015082,8.75,2.115,riot,0.016774,5.98,1.774,riot,0.024447,1.92,1.476,normal,0.008124,2.37,1.632,riot,0.01838,1.01,1.142,normal,0.015116,-0.38,0.948,normal
2021-01-25,regime,0.014995,8.65,2.103,riot,0.016719,5.94,1.768,riot,0.02437,1.91,1.472,normal,0.00812,2.37,1.631,riot,0.01798,0.83,1.117,normal,0.014697,-0.57,0.922,normal
2021-01-26,regime,0.014964,8.62,2.098,riot,0.016719,5.93,1.768,riot,0.024401,1.91,1.474,normal,0.008107,2.36,1.629,riot,0.018021,0.85,1.12,normal,0.014727,-0.55,0.924,normal
2021-01-27,regime,0.015064,8.73,2.112,riot,0.017558,6.62,1.856,riot,0.024033,1.82,1.451,normal,0.010855,4.42,2.181,riot,0.017538,0.63,1.09,normal,0.014667,-0.58,0.92,normal
2021-01-28,regime,0.014997,8.66,2.103,riot,0.017735,6.77,1.875,riot,0.024204,1.86,1.462,normal,0.011169,4.66,2.244,riot,0.01773,0.72,1.102,normal,0.015664,-0.13,0.982,normal
2021-01-29,regime,0.014803,8.44,2.076,riot,0.018661,7.52,1.973,riot,0.024358,1.9,1.471,normal,0.012068,5.34,2.424,riot,0.017694,0.7,1.099,normal,0.015962,0.01,1.001,normal
2021-02-01,regime,0.01483,8.47,2.079,riot,0.018717,7.57,1.979,riot,0.024533,1.95,1.482,normal,0.012334,5.54,2.478,riot,0.018106,0.88,1.125,normal,0.015896,-0.02,0.997,normal
2021-02-02,regime,0.013608,7.13,1.908,riot,0.016872,6.06,1.784,riot,0.022413,1.43,1.354,normal,0.012169,5.41,2.444,riot,0.017651,0.68,1.097,normal,0.015792,-0.07,0.99,normal
2021-02-03,regime,0.013345,6.84,1.871,riot,0.0169,6.08,1.787,riot,0.021061,1.1,1.272,normal,0.011894,5.21,2.389,riot,0.014248,-0.81,0.885,normal,0.013725,-1.01,0.861,freeze
2021-02-04,regime,0.013664,7.19,1.916,riot,0.017345,6.45,1.834,riot,0.020802,1.04,1.256,normal,0.01193,5.23,2.396,riot,0.014133,-0.86,0.878,normal,0.013757,-1.0,0.863,normal
2021-02-05,regime,0.014502,8.11,2.033,riot,0.017499,6.57,1.85,riot,0.02085,1.05,1.259,normal,0.011836,5.16,2.378,riot,0.01434,-0.77,0.891,normal,0.01331,-1.2,0.835,freeze
2021-02-08,regime,0.011192,4.47,1.569,riot,0.01426,3.93,1.508,riot,0.014756,-0.44,0.891,normal,0.01197,5.26,2.405,riot,0.01398,-0.93,0.869,normal,0.012678,-1.49,0.795,freeze
2021-02-09,regime,0.011294,4.58,1.584,riot,0.013786,3.54,1.458,riot,0.014408,-0.52,0.87,normal,0.011641,5.02,2.339,riot,0.013883,-0.97,0.863,normal,0.012691,-1.48,0.796,freeze
2021-02-10,regime,0.01132,4.61,1.587,riot,0.01382,3.57,1.461,riot,0.013958,-0.63,0.843,normal,0.011598,4.98,2.33,riot,0.01327,-1.24,0.824,freeze,0.012328,-1.65,0.773,freeze
2021-02-11,regime,0.011464,4.77,1.607,riot,0.013901,3.63,1.47,riot,0.013497,-0.75,0.815,normal,0.011589,4.98,2.328,riot,0.013296,-1.23,0.826,freeze,0.012447,-1.59,0.781,freeze
2021-02-12,regime,0.01147,4.77,1.608,riot,0.013897,3.63,1.469,riot,0.013962,-0.63,0.843,normal,0.01156,4.95,2.322,riot,0.013666,-1.07,0.849,freeze,0.012495,-1.57,0.784,freeze
2021-02-16,regime,0.011226,4.51,1.574,riot,0.014086,3.78,1.489,riot,0.013789,-0.68,0.833,normal,0.011044,4.57,2.219,riot,0.011044,-2.22,0.686,freeze,0.011696,-1.93,0.733,freeze
2021-02-17,regime,0.011738,5.07,1.646,riot,0.014309,3.97,1.513,riot,0.014754,-0.44,0.891,normal,0.010955,4.5,2.201,riot,0.010956,-2.26,0.681,freeze,0.01201,-1.79,0.753,freeze
2021-02-18,regime,0.011213,4.49,1.572,riot,0.014436,4.07,1.526,riot,0.015024,-0.37,0.907,normal,0.010543,4.19,2.118,riot,0.011418,-2.06,0.709,freeze,0.011927,-1.83,0.748,freeze
2021-02-19,regime,0.011226,4.51,1.574,riot,0.0145,4.12,1.533,riot,0.016445,-0.03,0.993,normal,0.010514,4.17,2.112,riot,0.012694,-1.5,0.789,freeze,0.013064,-1.31,0.819,freeze
2021-02-22,regime,0.012365,5.76,1.734,riot,0.015811,5.19,1.672,riot,0.016388,-0.04,0.99,normal,0.010505,4.16,2.11,riot,0.014741,-0.6,0.916,normal,0.016002,0.02,1.003,normal
2021-02-23,regime,0.01237,5.76,1.734,riot,0.015804,5.19,1.671,riot,0.016497,-0.01,0.996,normal,0.010503,4.16,2.11,riot,0.014921,-0.52,0.927,normal,0.016131,0.08,1.012,normal
2021-02-24,regime,0.012387,5.78,1.737,riot,0.016108,5.44,1.703,riot,0.016901,0.08,1.021,normal,0.010774,4.36,2.164,riot,0.015226,-0.38,0.946,normal,0.016035,0.04,1.006,normal
2021-02-25,regime,0.012506,5.91,1.754,riot,0.015398,4.86,1.628,riot,0.016915,0.09,1.022,normal,0.00972,3.57,1.953,riot,0.015071,-0.45,0.936,normal,0.015928,-0.01,0.999,normal
2021-02-26,regime,0.014592,8.21,2.046,riot,0.015795,5.18,1.67,riot,0.01676,0.05,1.012,normal,0.009935,3.73,1.996,riot,0.018197,0.92,1.131,normal,0.016442,0.23,1.031,normal
2021-03-01,regime,0.014496,8.1,2.033,riot,0.015167,4.67,1.604,riot,0.017175,0.15,1.037,normal,0.009845,3.66,1.978,riot,0.01894,1.25,1.177,normal,0.01943,1.58,1.218,normal
2021-03-02,regime,0.014711,8.34,2.063,riot,0.015804,5.19,1.671,riot,0.018392,0.45,1.111,normal,0.009751,3.59,1.959,riot,0.019054,1.3,1.184,normal,0.019532,1.63,1.225,normal
2021-03-03,regime,0.014439,8.04,2.024,riot,0.014697,4.28,1.554,riot,0.018251,0.41,1.102,normal,0.010073,3.84,2.023,riot,0.019272,1.4,1.197,normal,0.021112,2.35,1.324,riot
2021-03-04,regime,0.014679,8.31,2.058,riot,0.014787,4.36,1.564,riot,0.02026,0.9,1.224,normal,0.011097,4.61,2.229,riot,0.020017,1.73,1.244,normal,0.023567,3.47,1.478,riot
2021-03-05,regime,0.013521,7.03,1.896,riot,0.013469,3.28,1.424,riot,0.020449,0.95,1.235,normal,0.011598,4.98,2.33,riot,0.02075,2.05,1.289,riot,0.023529,3.45,1.475,riot
2021-03-08,regime,0.012902,6.35,1.809,riot,0.013266,3.11,1.403,riot,0.020537,0.97,1.24,normal,0.011495,4.91,2.309,riot,0.021523,2.39,1.337,riot,0.023916,3.62,1.5,riot
2021-03-09,regime,0.0142,7.78,1.991,riot,0.01344,3.26,1.421,riot,0.0233,1.64,1.407,normal,0.012096,5.36,2.43,riot,0.021567,2.41,1.34,riot,0.025283,4.25,1.585,riot
2021-03-10,regime,0.014106,7.68,1.978,riot,0.013373,3.2,1.414,riot,0.023309,1.65,1.408,normal,0.012206,5.44,2.452,riot,0.021515,2.39,1.337,riot,0.025299,4.25,1.586,riot
2021-03-11,regime,0.014131,7.7,1.981,riot,0.013371,3.2,1.414,riot,0.023524,1.7,1.421,normal,0.012675,5.79,2.546,riot,0.022166,2.67,1.377,riot,0.025371,4.29,1.591,riot
2021-03-12,regime,0.014079,7.65,1.974,riot,0.013283,3.13,1.404,riot,0.02366,1.73,1.429,normal,0.012676,5.8,2.546,riot,0.022193,2.68,1.379,riot,0.025307,4.26,1.587,riot
2021-03-15,regime,0.014177,7.75,1.988,riot,0.01327,3.12,1.403,riot,0.02372,1.75,1.433,normal,0.012692,5.81,2.55,riot,0.021983,2.59,1.366,riot,0.025386,4.29,1.592,riot
2021-03-16,regime,0.013982,7.54,1.96,riot,0.013114,2.99,1.387,riot,0.023693,1.74,1.431,normal,0.012697,5.81,2.551,riot,0.022123,2.65,1.374,riot,0.025462,4.33,1.597,riot
2021-03-17,regime,0.013448,6.95,1.886,riot,0.012828,2.75,1.356,riot,0.022947,1.56,1.386,normal,0.012776,5.87,2.567,riot,0.022026,2.61,1.368,riot,0.025349,4.28,1.59,riot
2021-03-18,regime,0.013353,6.85,1.872,riot,0.013483,3.29,1.426,riot,0.029102,3.06,1.758,riot,0.013544,6.45,2.721,riot,0.028545,5.48,1.773,riot,0.028786,5.84,1.805,riot
2021-03-19,regime,0.013369,6.86,1.874,riot,0.013543,3.34,1.432,riot,0.028822,2.99,1.741,riot,0.013541,6.45,2.72,riot,0.028731,5.56,1.785,riot,0.028948,5.91,1.815,riot
2021-03-22,regime,0.012238,5.62,1.716,riot,0.012164,2.21,1.286,riot,0.02835,2.88,1.712,riot,0.013667,6.54,2.746,riot,0.026714,4.67,1.66,riot,0.026665,4.87,1.672,riot
2021-03-23,regime,0.012461,5.87,1.747,riot,0.01218,2.23,1.288,riot,0.031069,3.54,1.876,riot,0.013991,6.78,2.81,riot,0.030667,6.41,1.905,riot,0.029269,6.06,1.835,riot
2021-03-24,regime,0.012532,5.94,1.757,riot,0.012094,2.15,1.279,riot,0.03261,3.91,1.969,riot,0.013771,6.62,2.766,riot,0.032822,7.36,2.039,riot,0.032605,7.58,2.045,riot
2021-03-25,regime,0.012432,5.83,1.743,riot,0.011779,1.9,1.245,normal,0.033553,4.14,2.026,riot,0.012722,5.83,2.556,riot,0.034274,8.0,2.129,riot,0.033532,8.0,2.103,riot
2021-03-26,regime,0.009937,3.09,1.393,riot,0.011142,1.38,1.178,normal,0.034701,4.42,2.096,riot,0.012943,6.0,2.6,riot,0.034927,8.29,2.17,riot,0.03381,8.12,2.12,riot
2021-03-29,regime,0.010307,3.49,1.445,riot,0.00976,0.25,1.032,normal,0.034883,4.47,2.107,riot,0.011957,5.25,2.402,riot,0.034763,8.22,2.16,riot,0.032727,7.63,2.052,riot
2021-03-30,regime,0.010851,4.09,1.521,riot,0.009414,-0.04,0.995,normal,0.034526,4.38,2.085,riot,0.012001,5.29,2.411,riot,0.034943,8.29,2.171,riot,0.032817,7.67,2.058,riot
2021-03-31,regime,0.01159,4.91,1.625,riot,0.010059,0.49,1.064,normal,0.03473,4.43,2.097,riot,0.011525,4.93,2.315,riot,0.034698,8.19,2.156,riot,0.031849,7.23,1.997,riot
2021-04-01,regime,0.011314,4.6,1.586,riot,0.009945,0.4,1.052,normal,0.033521,4.14,2.024,riot,0.01074,4.34,2.158,riot,0.035158,8.39,2.184,riot,0.029759,6.28,1.866,riot
2021-04-05,regime,0.011275,4.56,1.581,riot,0.009409,-0.04,0.995,normal,0.033472,4.13,2.021,riot,0.010905,4.46,2.191,riot,0.035216,8.42,2.188,riot,0.031632,7.13,1.984,riot
2021-04-06,regime,0.010842,4.08,1.52,riot,0.00968,0.18,1.024,normal,0.033525,4.14,2.025,riot,0.010562,4.2,2.122,riot,0.035323,8.46,2.195,riot,0.031947,7.28,2.003,riot
2021-04-07,regime,0.009145,2.22,1.282,riot,0.009378,-0.06,0.992,normal,0.032785,3.96,1.98,riot,0.009994,3.78,2.008,riot,0.035354,8.48,2.196,riot,0.031648,7.14,1.985,riot
2021-04-08,regime,0.009592,2.71,1.345,riot,0.00951,0.04,1.005,normal,0.032777,3.96,1.979,riot,0.010016,3.79,2.012,riot,0.035262,8.44,2.191,riot,0.031609,7.12,1.982,riot
2021-04-09,regime,0.009786,2.92,1.372,riot,0.009841,0.31,1.041,normal,0.032142,3.8,1.941,riot,0.009668,3.53,1.942,riot,0.03444,8.07,2.14,riot,0.031278,6.97,1.961,riot
2021-04-12,regime,0.009856,3.0,1.382,riot,0.009904,0.37,1.047,normal,0.032447,3.88,1.96,riot,0.009639,3.51,1.936,riot,0.034547,8.12,2.146,riot,0.031453,7.05,1.972,riot
2021-04-13,regime,0.010171,3.34,1.426,riot,0.010037,0.47,1.061,normal,0.03245,3.88,1.96,riot,0.00967,3.53,1.943,riot,0.034742,8.21,2.158,riot,0.031557,7.1,1.979,riot
2021-04-14,regime,0.010238,3.42,1.435,riot,0.009989,0.43,1.056,normal,0.034986,4.49,2.113,riot,0.009678,3.54,1.944,riot,0.036725,9.08,2.282,riot,0.034131,8.27,2.14,riot
2021-04-15,regime,0.010947,4.2,1.535,riot,0.010124,0.54,1.07,normal,0.035085,4.52,2.119,riot,0.009809,3.64,1.97,riot,0.036744,9.09,2.283,riot,0.03413,8.27,2.14,riot
2021-04-16,regime,0.011065,4.33,1.551,riot,0.00916,-0.24,0.969,normal,0.030467,3.39,1.84,riot,0.00833,2.52,1.673,riot,0.031883,6.95,1.981,riot,0.031548,7.09,1.978,riot
2021-04-19,regime,0.011046,4.31,1.549,riot,0.008985,-0.39,0.95,normal,0.030227,3.33,1.825,riot,0.008293,2.5,1.666,riot,0.031535,6.8,1.959,riot,0.031044,6.87,1.947,riot
2021-04-20,regime,0.011039,4.3,1.548,riot,0.009324,-0.11,0.986,normal,0.030447,3.39,1.839,riot,0.008644,2.76,1.736,riot,0.031719,6.88,1.971,riot,0.031033,6.86,1.946,riot
2021-04-21,regime,0.010589,3.8,1.485,riot,0.009319,-0.11,0.985,normal,0.028468,2.9,1.719,riot,0.007892,2.19,1.585,riot,0.027699,5.11,1.721,riot,0.029209,6.03,1.832,riot
2021-04-22,regime,0.010853,4.09,1.522,riot,0.008982,-0.39,0.95,normal,0.025915,2.28,1.565,riot,0.008199,2.42,1.647,riot,0.024963,3.9,1.551,riot,0.025452,4.32,1.596,riot
2021-04-23,regime,0.010571,3.79,1.482,riot,0.009173,-0.23,0.97,normal,0.024451,1.92,1.477,normal,0.008624,2.74,1.732,riot,0.02234,2.75,1.388,riot,0.022951,3.19,1.439,riot
2021-04-26,post,0.010552,3.76,1.479,riot,0.008842,-0.5,0.935,normal,0.023001,1.57,1.389,normal,0.008048,2.31,1.617,riot,0.02047,1.93,1.272,normal,0.022194,2.84,1.392,riot
2021-04-27,post,0.009928,3.08,1.392,riot,0.008553,-0.74,0.904,normal,0.022823,1.53,1.378,normal,0.007996,2.27,1.606,riot,0.020649,2.0,1.283,riot,0.022415,2.94,1.406,riot
2021-04-28,post,0.00829,1.27,1.162,normal,0.008024,-1.17,0.848,freeze,0.023089,1.59,1.394,normal,0.007594,1.97,1.526,normal,0.020196,1.8,1.255,normal,0.022488,2.97,1.41,riot
2021-04-29,post,0.0077,0.63,1.08,normal,0.007554,-1.56,0.799,freeze,0.021478,1.2,1.297,normal,0.007615,1.99,1.53,normal,0.019461,1.48,1.209,normal,0.021753,2.64,1.364,riot
2021-04-30,post,0.007841,0.78,1.099,normal,0.007728,-1.41,0.817,freeze,0.021291,1.15,1.286,normal,0.008282,2.49,1.664,riot,0.019399,1.45,1.205,normal,0.021378,2.47,1.341,riot
2021-05-03,post,0.008536,1.54,1.197,normal,0.00748,-1.62,0.791,freeze,0.018415,0.45,1.112,normal,0.00755,1.94,1.517,normal,0.016742,0.28,1.04,normal,0.016457,0.23,1.032,normal
2021-05-04,post,0.008933,1.98,1.253,normal,0.007195,-1.85,0.761,freeze,0.019259,0.66,1.163,normal,0.008069,2.33,1.621,riot,0.01681,0.31,1.044,normal,0.017152,0.55,1.076,normal
2021-05-05,post,0.008912,1.96,1.25,normal,0.007232,-1.82,0.765,freeze,0.019366,0.68,1.17,normal,0.008066,2.32,1.62,riot,0.016888,0.35,1.049,normal,0.017199,0.57,1.079,normal
2021-05-06,post,0.009578,2.69,1.343,riot,0.007433,-1.65,0.786,freeze,0.020603,0.99,1.244,normal,0.008261,2.47,1.659,riot,0.017212,0.49,1.069,normal,0.017994,0.93,1.128,normal
2021-05-07,post,0.009712,2.84,1.362,riot,0.006437,-2.47,0.681,freeze,0.020671,1.0,1.248,normal,0.008738,2.83,1.755,riot,0.017066,0.43,1.06,normal,0.017678,0.79,1.109,normal
2021-05-10,post,0.009407,2.5,1.319,riot,0.006747,-2.22,0.713,freeze,0.020524,0.97,1.239,normal,0.009171,3.16,1.842,riot,0.017114,0.45,1.063,normal,0.017721,0.81,1.111,normal
2021-05-11,post,0.009267,2.35,1.299,riot,0.00683,-2.15,0.722,freeze,0.020558,0.98,1.242,normal,0.009349,3.29,1.878,riot,0.017055,0.42,1.06,normal,0.017897,0.89,1.122,normal
2021-05-12,post,0.009868,3.01,1.384,riot,0.007234,-1.82,0.765,freeze,0.016891,0.08,1.02,normal,0.011379,4.82,2.286,riot,0.013449,-1.16,0.836,freeze,0.015433,-0.23,0.968,normal
2021-05-13,post,0.009258,2.34,1.298,riot,0.007891,-1.28,0.834,freeze,0.018276,0.42,1.104,normal,0.011401,4.84,2.29,riot,0.015673,-0.19,0.974,normal,0.018727,1.26,1.174,normal
2021-05-14,post,0.009428,2.53,1.322,riot,0.008153,-1.07,0.862,freeze,0.018472,0.47,1.116,normal,0.012191,5.43,2.449,riot,0.01677,0.3,1.042,normal,0.018679,1.24,1.171,normal
2021-05-17,post,0.009965,3.12,1.397,riot,0.008951,-0.41,0.946,normal,0.018378,0.44,1.11,normal,0.012199,5.44,2.451,riot,0.016969,0.38,1.054,normal,0.018923,1.35,1.187,normal
2021-05-18,post,0.009976,3.13,1.399,riot,0.00884,-0.51,0.935,normal,0.018211,0.4,1.1,normal,0.012045,5.32,2.42,riot,0.016687,0.26,1.037,normal,0.018893,1.34,1.185,normal
2021-05-19,post,0.009878,3.02,1.385,riot,0.008957,-0.41,0.947,normal,0.019436,0.7,1.174,normal,0.011977,5.27,2.406,riot,0.01856,1.08,1.153,normal,0.019041,1.41,1.194,normal
2021-05-20,post,0.009533,2.64,1.337,riot,0.009442,-0.01,0.998,normal,0.019843,0.8,1.198,normal,0.012126,5.38,2.436,riot,0.019045,1.3,1.183,normal,0.020359,2.01,1.277,riot
2021-05-21,post,0.009726,2.86,1.364,riot,0.008768,-0.56,0.927,normal,0.020761,1.02,1.254,normal,0.011634,5.01,2.337,riot,0.019418,1.46,1.206,normal,0.021245,2.41,1.332,riot
2021-05-24,post,0.009745,2.88,1.366,riot,0.00895,-0.41,0.946,normal,0.022271,1.39,1.345,normal,0.011924,5.23,2.395,riot,0.021285,2.28,1.322,riot,0.02206,2.78,1.383,riot
2021-05-25,post,0.009747,2.88,1.367,riot,0.009029,-0.35,0.955,normal,0.021953,1.32,1.326,normal,0.011916,5.22,2.394,riot,0.02112,2.21,1.312,riot,0.021841,2.68,1.37,riot
2021-05-26,post,0.009837,2.98,1.379,riot,0.008987,-0.38,0.95,normal,0.021642,1.24,1.307,normal,0.011931,5.23,2.397,riot,0.020946,2.13,1.301,riot,0.0217,2.62,1.361,riot
2021-05-27,post,0.009813,2.95,1.376,riot,0.008648,-0.66,0.914,normal,0.02115,1.12,1.277,normal,0.011846,5.17,2.38,riot,0.020644,2.0,1.283,riot,0.021597,2.57,1.354,riot
2021-05-28,post,0.009428,2.53,1.322,riot,0.008617,-0.69,0.911,normal,0.020721,1.02,1.251,normal,0.011323,4.78,2.275,riot,0.019381,1.45,1.204,normal,0.021353,2.46,1.339,riot
2021-06-01,post,0.008939,1.99,1.253,normal,0.008455,-0.82,0.894,normal,0.021375,1.17,1.291,normal,0.011254,4.72,2.261,riot,0.019671,1.57,1.222,normal,0.021744,2.64,1.364,riot
2021-06-02,post,0.008119,1.09,1.138,normal,0.008389,-0.87,0.887,normal,0.020531,0.97,1.24,normal,0.010943,4.49,2.198,riot,0.019612,1.55,1.218,normal,0.021187,2.38,1.329,riot
2021-06-03,post,0.010561,3.77,1.481,riot,0.00936,-0.08,0.99,normal,0.021009,1.09,1.269,normal,0.011246,4.72,2.259,riot,0.0197,1.59,1.224,normal,0.021172,2.38,1.328,riot
2021-06-04,post,0.009983,3.14,1.4,riot,0.009205,-0.21,0.973,normal,0.019681,0.76,1.189,normal,0.011284,4.75,2.267,riot,0.019642,1.56,1.22,normal,0.020406,2.03,1.28,riot
2021-06-07,post,0.009464,2.57,1.327,riot,0.009225,-0.19,0.975,normal,0.019768,0.78,1.194,normal,0.010758,4.35,2.161,riot,0.019622,1.55,1.219,normal,0.020417,2.03,1.28,riot
