ticker,trigger_date,case,coil_days,pivot_date,pivot_close,pivot_vol,dry_last_ratio,dry_mean_ratio,max_daily_amp,pullback,notes
DIBS,2026-05-28,V2(C=2),2,2026-05-26,4.699999809265137,1166800.0,0.11476859787452863,0.13387555707919094,0.03625,0.02553,coil0.43% dry_last11%
HTT,2026-05-28,V2(C=2),2,2026-05-26,3.009999990463257,1617400.0,0.15259676023247187,0.31986830715963893,0.02658,0.00997,coil0.33% dry_last15%
CRNC,2026-05-28,V2(C=3),3,2026-05-22,10.979999542236328,4580900.0,0.1726409657490886,0.25197020963857175,0.06922,0.01821,coil3.83% dry_last17%
OPAL,2026-05-28,V2(C=3),3,2026-05-22,2.1600000858306885,537100.0,0.18342394339973933,0.37908334884875566,0.05093,0.02778,coil3.24% dry_last18%
RL,2026-05-28,V2(C=4),4,2026-05-21,374.8999938964844,2116500.0,0.21018284904323176,0.3537269076305221,0.03478,0.01267,coil2.94% dry_last21%
SPOT,2026-05-28,V2(C=4),4,2026-05-21,489.92999267578125,7301900.0,0.22655829304701516,0.391466810008354,0.05858,-0.03137,coil3.45% dry_last23%
CSW,2026-05-28,V2(C=2),2,2026-05-26,279.5899963378906,260100.0,0.23234525182622068,0.3647308727412534,0.0666,0.01184,coil2.23% dry_last23%
ALTO,2026-05-28,V2(C=2),2,2026-05-26,5.21999979019165,5580900.0,0.2614026411510688,0.4118566897812181,0.07088,0.0249,coil1.72% dry_last26%
TKR,2026-05-28,V2(C=2),2,2026-05-26,127.41999816894531,1903800.0,0.2790939174283013,0.39989468431557934,0.02414,0.02896,coil0.30% dry_last28%
AMRC,2026-05-28,V2(C=2),2,2026-05-26,35.5099983215332,1315700.0,0.2823835220795014,0.4129102378961769,0.06871,0.02281,coil1.75% dry_last28%
GSIT,2026-05-28,V2(C=3),3,2026-05-22,9.65999984741211,5782200.0,0.28580730517795994,0.45972092513806745,0.1545,-0.03313,coil3.21% dry_last29%
PONY,2026-05-28,V2(C=2),2,2026-05-26,9.34000015258789,17927200.0,0.29539191842563256,0.3046780869293587,0.0768,-0.00749,coil2.36% dry_last30%
PRTA,2026-05-28,V2(C=2),2,2026-05-26,10.0600004196167,918600.0,0.30214239059438275,0.48647289353363815,0.02535,0.01292,coil0.50% dry_last30%
LGND,2026-05-28,V2(C=3),3,2026-05-22,229.3300018310547,368200.0,0.32548071700162956,0.4815697990222705,0.03358,0.00297,coil0.54% dry_last33%
RNST,2026-05-28,V2(C=5),5,2026-05-20,41.119998931884766,1008600.0,0.34903033908387865,0.5494015466983938,0.02221,0.02322,coil1.80% dry_last35%
ECOR,2026-05-28,V2(C=2),2,2026-05-26,8.90999984741211,617700.0,0.3586595434677028,0.43519831633479034,0.1156,0.02918,coil0.00% dry_last36%
SRG,2026-05-28,V2(C=2),2,2026-05-26,2.680000066757202,877000.0,0.3675199543899658,0.43963226909920183,0.05784,0.01119,coil1.49% dry_last37%
DECK,2026-05-28,V2(C=3),3,2026-05-22,106.66999816894531,5163700.0,0.3804667196002866,0.4861576001704204,0.06084,0.01566,coil2.75% dry_last38%
GRPN,2026-05-28,V2(C=2),2,2026-05-26,20.690000534057617,4104300.0,0.3966291450430037,0.5370934142241064,0.09618,0.01402,coil1.26% dry_last40%
CBLL,2026-05-27,V2(C=3),3,2026-05-21,18.739999771118164,563600.0,0.21682044002838893,0.3038206766027916,0.02824,0.01708,coil0.53% dry_last22%
CRNC,2026-05-27,V2(C=2),2,2026-05-22,10.979999542236328,4580900.0,0.23844659346416644,0.2916348315833133,0.06922,0.01821,coil2.91% dry_last24%
SPOT,2026-05-27,V2(C=3),3,2026-05-21,489.92999267578125,7301900.0,0.2552349388515318,0.4464363156621336,0.05858,-0.03137,coil3.45% dry_last26%
PLCE,2026-05-27,V2(C=2),2,2026-05-22,3.4000000953674316,314000.0,0.28885350318471337,0.32213375796178345,0.04942,0.00882,coil3.53% dry_last29%
IRMD,2026-05-27,V2(C=3),3,2026-05-21,93.16999816894531,332300.0,0.30935901294011436,0.3483799779315879,0.04401,0.02361,coil1.18% dry_last31%
RL,2026-05-27,V2(C=3),3,2026-05-21,374.8999938964844,2116500.0,0.33786912355303567,0.4015749271596189,0.03478,0.00888,coil1.48% dry_last34%
OPAL,2026-05-27,V2(C=2),2,2026-05-22,2.1600000858306885,537100.0,0.35337925898342953,0.4769130515732638,0.05093,0.02778,coil0.46% dry_last35%
IBM,2026-05-27,V2(C=3),3,2026-05-21,252.97000122070312,25707800.0,0.3608048919005127,0.48758872145159576,0.04344,0.02973,coil1.78% dry_last36%
AREC,2026-05-27,V2(C=2),2,2026-05-22,2.1600000858306885,8212500.0,0.3911232876712329,0.45206697108066973,0.08036,-0.00463,coil3.24% dry_last39%
CYRX,2026-05-26,V2(C=3),3,2026-05-20,14.069999694824219,2003700.0,0.223736088236762,0.3388398130125934,0.03554,0.0199,coil1.85% dry_last22%
CERS,2026-05-26,V2(C=4),4,2026-05-19,2.700000047683716,4450600.0,0.2637846582483261,0.4443333483125871,0.05576,0.02963,coil1.85% dry_last26%
SKYT,2026-05-26,V2(C=2),2,2026-05-21,37.0,2226200.0,0.28811427544694995,0.4561360165304106,0.04022,0.01486,coil0.43% dry_last29%
IRMD,2026-05-26,V2(C=2),2,2026-05-21,93.16999816894531,332300.0,0.3078543484802889,0.3678904604273247,0.04401,0.02361,coil0.90% dry_last31%
RSSS,2026-05-26,V2(C=2),2,2026-05-21,2.259999990463257,184100.0,0.32156436719174364,0.3134166214014123,0.03556,0.01327,coil0.88% dry_last32%
CBLL,2026-05-26,V2(C=2),2,2026-05-21,18.739999771118164,563600.0,0.3321504613200852,0.3473207948899929,0.02824,0.00747,coil0.16% dry_last33%
SWIM,2026-05-26,V2(C=2),2,2026-05-21,5.159999847412109,1122500.0,0.3515367483296214,0.4280178173719376,0.02778,-0.00194,coil2.52% dry_last35%
SPOT,2026-05-26,V2(C=2),2,2026-05-21,489.92999267578125,7301900.0,0.3600843616045139,0.5420370040674345,0.05858,-0.03137,coil2.01% dry_last36%
WSM,2026-05-26,V2(C=2),2,2026-05-21,191.94000244140625,2603000.0,0.3712255090280446,0.37798693814829043,0.0241,0.00386,coil3.06% dry_last37%
EXLS,2026-05-26,V2(C=4),4,2026-05-19,28.969999313354492,3846600.0,0.37352467113814797,0.47937139291842146,0.04177,0.0252,coil1.93% dry_last37%
DRUG,2026-05-26,V2(C=2),2,2026-05-21,83.23999786376953,517800.0,0.38451139436075704,0.46369254538431826,0.05941,0.01958,coil3.34% dry_last38%
BMRN,2026-05-26,V2(C=2),2,2026-05-21,54.099998474121094,4571500.0,0.39457508476430053,0.46397243793065734,0.0318,0.02477,coil2.24% dry_last39%
BHIP.BA,2026-05-25,V2(C=2),2,2026-05-21,330.0,605576.0,0.0,0.15169359419792067,0.04848,0.01515,coil0.00% dry_last0%
LOMA.BA,2026-05-25,V2(C=2),2,2026-05-21,3350.0,699981.0,0.0,0.10382567526832871,0.02463,0.02537,coil0.00% dry_last0%
AKBA,2026-05-22,V2(C=2),2,2026-05-20,1.0099999904632568,18782800.0,0.12358647273037034,0.20940967267925975,0.07921,0.0198,coil0.00% dry_last12%
RAMP,2026-05-22,V2(C=4),4,2026-05-18,37.77000045776367,13097600.0,0.12424413633032005,0.29218139201075005,0.00477,0.00344,coil0.40% dry_last12%
D,2026-05-22,V2(C=4),4,2026-05-18,67.55999755859375,40094600.0,0.1611164595731096,0.293180378405072,0.03197,0.01865,coil0.92% dry_last16%
NEON,2026-05-22,V2(C=2),2,2026-05-20,1.7799999713897705,462700.0,0.18845904473741085,0.27814998919386213,0.05618,0.0,coil1.12% dry_last19%
HSDT,2026-05-22,V2(C=2),2,2026-05-20,2.309999942779541,553900.0,0.19317566347716195,0.18676656436179817,0.05628,0.02165,coil3.03% dry_last19%
YPF,2026-05-22,V2(C=4),4,2026-05-18,47.47999954223633,5812400.0,0.20437340857477118,0.38840238111623426,0.05108,0.02169,coil1.94% dry_last20%
CMBT,2026-05-22,V2(C=3),3,2026-05-19,16.610000610351562,7537200.0,0.2184630897415486,0.333638486440588,0.04515,0.00482,coil2.47% dry_last22%
CYRX,2026-05-22,V2(C=2),2,2026-05-20,14.069999694824219,2003700.0,0.22498378000698707,0.39639167540050907,0.03554,0.0199,coil1.56% dry_last22%
KRUS,2026-05-22,V2(C=3),3,2026-05-19,53.220001220703125,513900.0,0.3545436855419342,0.4523577868586625,0.05331,0.01394,coil1.82% dry_last35%
CERS,2026-05-22,V2(C=3),3,2026-05-19,2.700000047683716,4450600.0,0.3888689165505774,0.504516245000674,0.05576,0.02963,coil1.85% dry_last39%
BIO,2026-05-21,V2(C=3),3,2026-05-18,281.82000732421875,1263600.0,0.18265273820829375,0.3851429777355703,0.04796,0.02658,coil2.42% dry_last18%
AVAH,2026-05-21,V2(C=5),5,2026-05-14,7.440000057220459,4276500.0,0.2346545071904595,0.47092248333917924,0.0557,0.0,coil1.21% dry_last23%
D,2026-05-21,V2(C=3),3,2026-05-18,67.55999755859375,40094600.0,0.24388571029515196,0.3372016846823928,0.03197,0.01865,coil0.83% dry_last24%
BRC,2026-05-21,V2(C=3),3,2026-05-18,84.43000030517578,1026100.0,0.255238280869311,0.3559107299483481,0.05969,0.00071,coil1.16% dry_last26%
CMBT,2026-05-21,V2(C=2),2,2026-05-19,16.610000610351562,7537200.0,0.26020272780342835,0.39122618479010773,0.04515,-0.00241,coil0.60% dry_last26%
SIMO,2026-05-21,V2(C=2),2,2026-05-19,252.9199981689453,2053200.0,0.3050847457627119,0.3824274303526203,0.04887,0.02499,coil2.17% dry_last31%
HSIC,2026-05-21,V2(C=5),5,2026-05-14,72.61000061035156,3146900.0,0.31990212590168104,0.5272553941974641,0.03031,0.01529,coil1.12% dry_last32%
JBHT,2026-05-21,V2(C=5),5,2026-05-14,254.66000366210938,2214300.0,0.33879781420765026,0.48891297475500156,0.05003,0.01634,coil2.49% dry_last34%
RAMP,2026-05-21,V2(C=3),3,2026-05-18,37.77000045776367,13097600.0,0.3413907891522111,0.3481604772375601,0.00477,0.00344,coil0.40% dry_last34%
YPF,2026-05-21,V2(C=3),3,2026-05-18,47.47999954223633,5812400.0,0.35594590874681714,0.4497453719633886,0.05108,0.02169,coil1.87% dry_last36%
FENC,2026-05-20,V2(C=4),4,2026-05-14,9.239999771118164,2268400.0,0.10531652265914301,0.1751675189560924,0.10823,0.00758,coil1.73% dry_last11%
STAA,2026-05-20,V2(C=4),4,2026-05-14,32.0099983215332,4063800.0,0.160416359072789,0.2404276785274866,0.05936,0.02687,coil3.06% dry_last16%
OMDA,2026-05-20,V2(C=5),5,2026-05-13,16.040000915527344,3172200.0,0.19743395750583193,0.346806632620894,0.06297,0.02307,coil0.81% dry_last20%
D,2026-05-20,V2(C=2),2,2026-05-18,67.55999755859375,40094600.0,0.31191482144727717,0.3838596718760132,0.03197,0.01865,coil0.59% dry_last31%
BOC,2026-05-20,V2(C=2),2,2026-05-18,12.300000190734863,647300.0,0.31391935733044957,0.45064112467171324,0.03171,0.0252,coil0.73% dry_last31%
BRC,2026-05-20,V2(C=2),2,2026-05-18,84.43000030517578,1026100.0,0.3309618945521879,0.4062469544878667,0.05969,-0.00071,coil0.04% dry_last33%
RAMP,2026-05-20,V2(C=2),2,2026-05-18,37.77000045776367,13097600.0,0.3558132787686294,0.3515453212802345,0.00424,0.00344,coil0.13% dry_last36%
AVAH,2026-05-20,V2(C=4),4,2026-05-14,7.440000057220459,4276500.0,0.36059862036712265,0.5299894773763592,0.0557,0.0,coil1.21% dry_last36%
YPF,2026-05-20,V2(C=2),2,2026-05-18,47.47999954223633,5812400.0,0.3998004266740073,0.49664510357167435,0.05108,0.02169,coil1.87% dry_last40%
FENC,2026-05-19,V2(C=3),3,2026-05-14,9.239999771118164,2268400.0,0.12740257450185152,0.19845118438840886,0.10823,0.00758,coil1.73% dry_last13%
STAA,2026-05-19,V2(C=3),3,2026-05-14,32.0099983215332,4063800.0,0.19986219794281215,0.2670981183457191,0.05936,0.02687,coil1.66% dry_last20%
ARCB,2026-05-19,V2(C=3),3,2026-05-14,118.9000015258789,744800.0,0.25604189044038667,0.35973863229502323,0.04727,0.01127,coil3.48% dry_last26%
OMDA,2026-05-19,V2(C=4),4,2026-05-13,16.040000915527344,3172200.0,0.26817350734506024,0.38414980139965954,0.06297,0.02307,coil0.81% dry_last27%
WERN,2026-05-19,V2(C=3),3,2026-05-14,37.150001525878906,2432700.0,0.39125251777859993,0.40774996231895977,0.04728,0.0148,coil1.48% dry_last39%
CXW,2026-05-19,V2(C=2),2,2026-05-15,20.739999771118164,1609400.0,0.3925065241704983,0.41975270287063504,0.03038,0.0,coil0.05% dry_last39%
TFII,2026-05-18,V2(C=2),2,2026-05-14,142.75,621000.0,0.19420289855072465,0.35281803542673107,0.02586,0.02823,coil0.88% dry_last19%
FENC,2026-05-18,V2(C=2),2,2026-05-14,9.239999771118164,2268400.0,0.2023452653852936,0.23397548933168752,0.10823,0.00758,coil1.62% dry_last20%
STAA,2026-05-18,V2(C=2),2,2026-05-14,32.0099983215332,4063800.0,0.26366947192283086,0.3007160785471726,0.05936,0.02687,coil0.75% dry_last26%
ITGR,2026-05-18,V2(C=3),3,2026-05-13,89.38999938964844,1198500.0,0.29987484355444305,0.30983173411208453,0.03244,0.01555,coil2.02% dry_last30%
OMDA,2026-05-18,V2(C=3),3,2026-05-13,16.040000915527344,3172200.0,0.3287308492528844,0.42280856608452594,0.06297,0.02307,coil0.69% dry_last33%
HII,2026-05-18,V2(C=4),4,2026-05-12,333.55999755859375,928200.0,0.3290239172592114,0.43331178625296274,0.03327,0.02767,coil3.23% dry_last33%
CSCO,2026-05-18,V2(C=2),2,2026-05-14,115.52999877929688,70932300.0,0.34911457826688264,0.4460809814428688,0.04181,0.01324,coil0.58% dry_last35%
SMTO3.SA,2026-05-18,V2(C=2),2,2026-05-14,18.399999618530273,4525800.0,0.36970259401652744,0.42923902956383403,0.03261,0.02337,coil0.76% dry_last37%
WEN,2026-05-15,V2(C=3),3,2026-05-12,7.900000095367432,57850400.0,0.17216648458783346,0.26629836036858284,0.06329,0.00633,coil2.15% dry_last17%
0688.HK,2026-05-15,V2(C=4),4,2026-05-11,16.3700008392334,108473909.0,0.3077677600795229,0.36019289440375934,0.03421,0.0281,coil3.12% dry_last31%
ITGR,2026-05-15,V2(C=2),2,2026-05-13,89.38999938964844,1198500.0,0.32574050896954526,0.3148101793909053,0.02573,0.01555,coil1.86% dry_last33%
ALKS,2026-05-15,V2(C=3),3,2026-05-12,38.290000915527344,4026500.0,0.3267602135849994,0.5220745891800158,0.04048,0.02429,coil3.73% dry_last33%
9618.HK,2026-05-15,V2(C=2),2,2026-05-13,128.1999969482422,34312231.0,0.3326618429445756,0.4632431653890416,0.02537,0.00936,coil1.72% dry_last33%
TXRH,2026-05-15,V2(C=5),5,2026-05-08,177.3800048828125,2907200.0,0.33269124931205285,0.49233626857457347,0.03828,0.00581,coil3.67% dry_last33%
DDOG,2026-05-14,V2(C=5),5,2026-05-07,188.72999572753906,25970000.0,0.1902156334231806,0.2626453600308048,0.08139,0.01976,coil2.85% dry_last19%
DDD,2026-05-14,V2(C=2),2,2026-05-12,3.109999895095825,25951100.0,0.21276169410930557,0.25861138834192,0.09003,0.01929,coil2.57% dry_last21%
RAL,2026-05-14,V2(C=2),2,2026-05-12,59.15999984741211,8048600.0,0.21819943841164924,0.3380587928335363,0.05663,0.0027,coil2.18% dry_last22%
WEN,2026-05-14,V2(C=2),2,2026-05-12,7.900000095367432,57850400.0,0.2324893172735193,0.31336429825895756,0.06329,-0.00506,coil1.01% dry_last23%
CGAU,2026-05-14,V2(C=5),5,2026-05-07,17.73570442199707,3445900.0,0.2682608317130503,0.39312806523694827,0.05713,-0.0045,coil2.75% dry_last27%
CRON,2026-05-14,V2(C=3),3,2026-05-11,2.75,4655800.0,0.2686326732247949,0.31474003751593,0.05273,0.02727,coil1.45% dry_last27%
0688.HK,2026-05-14,V2(C=3),3,2026-05-11,16.3700008392334,108473909.0,0.2721969390814523,0.3776679391785048,0.03421,0.0281,coil2.63% dry_last27%
HLIT,2026-05-14,V2(C=2),2,2026-05-12,12.949999809265137,7935300.0,0.2829382632036596,0.34802086877622773,0.06592,0.02085,coil0.08% dry_last28%
SKYT,2026-05-14,V2(C=3),3,2026-05-11,35.09000015258789,3591800.0,0.3433376023163873,0.46731443844312043,0.06418,0.02707,coil2.62% dry_last34%
TXRH,2026-05-14,V2(C=4),4,2026-05-08,177.3800048828125,2907200.0,0.394262520638415,0.5322475233902036,0.03828,0.00485,coil3.67% dry_last39%
DDOG,2026-05-13,V2(C=4),4,2026-05-07,188.72999572753906,25970000.0,0.1762918752406623,0.28075279168271083,0.08139,0.01976,coil2.85% dry_last18%
CPRX,2026-05-13,V2(C=4),4,2026-05-07,31.170000076293945,13615900.0,0.21047451876115425,0.2641176859407017,0.00257,0.00128,coil0.06% dry_last21%
EEX,2026-05-13,V2(C=2),2,2026-05-11,4.974969387054443,5228100.0,0.2726994510434001,0.31766798645779537,0.00401,0.002,coil0.00% dry_last27%
XIFR,2026-05-13,V2(C=3),3,2026-05-08,11.729999542236328,3282900.0,0.2886776935026958,0.4520495090722633,0.06394,0.02515,coil3.50% dry_last29%
CGAU,2026-05-13,V2(C=4),4,2026-05-07,17.73570442199707,3445900.0,0.2935372471632955,0.4243448736179227,0.05713,-0.0045,coil2.75% dry_last29%
CRON,2026-05-13,V2(C=2),2,2026-05-11,2.75,4655800.0,0.2956312556381288,0.33779371966149746,0.05273,0.02727,coil1.45% dry_last30%
PACK,2026-05-13,V2(C=5),5,2026-05-06,6.25,1569100.0,0.3229239691542923,0.44686763112612327,0.0528,0.016,coil3.36% dry_last32%
2015.HK,2026-05-13,V2(C=2),2,2026-05-11,73.8499984741211,17121278.0,0.35427834300687133,0.40415429268773045,0.02844,0.01083,coil0.34% dry_last35%
0688.HK,2026-05-13,V2(C=2),2,2026-05-11,16.3700008392334,108473909.0,0.35584864928210524,0.43040343922703106,0.03421,0.0281,coil2.50% dry_last36%
DDOG,2026-05-12,V2(C=3),3,2026-05-07,188.72999572753906,25970000.0,0.18496726992683865,0.31557309716339366,0.08139,0.01976,coil1.26% dry_last18%
HR,2026-05-12,V2(C=5),5,2026-05-05,19.6827392578125,19394300.0,0.21901280273069923,0.2832842639332175,0.02359,-0.00342,coil1.92% dry_last22%
CPRX,2026-05-12,V2(C=3),3,2026-05-07,31.170000076293945,13615900.0,0.24634434741735764,0.2819987416672175,0.00257,0.00128,coil0.03% dry_last25%
DDI,2026-05-12,V2(C=2),2,2026-05-08,11.600000381469727,498800.0,0.27205292702485967,0.39123897353648757,0.03578,0.02629,coil0.78% dry_last27%
CGNX,2026-05-12,V2(C=3),3,2026-05-07,65.83157348632812,8013300.0,0.2944355009796214,0.40322963073889656,0.05977,0.02488,coil2.43% dry_last29%
AKAM,2026-05-12,V2(C=2),2,2026-05-08,147.7100067138672,21492900.0,0.30484485574305936,0.3821238641597923,0.06303,0.02139,coil2.34% dry_last30%
IOSP,2026-05-12,V2(C=2),2,2026-05-08,79.61254119873047,680300.0,0.32029986770542407,0.34712626782301925,0.03054,0.01949,coil0.47% dry_last32%
RDN,2026-05-12,V2(C=3),3,2026-05-07,37.619998931884766,3118000.0,0.34704939063502244,0.3887107119948685,0.03301,0.02871,coil2.29% dry_last35%
CGAU,2026-05-12,V2(C=3),3,2026-05-07,17.73570442199707,3445900.0,0.357410255666154,0.46794741576946514,0.05713,-0.0045,coil2.59% dry_last36%
ROK,2026-05-12,V2(C=5),5,2026-05-05,434.5893859863281,1864800.0,0.3575182325182325,0.5263835263835264,0.0418,-0.02143,coil2.48% dry_last36%
XIFR,2026-05-12,V2(C=2),2,2026-05-08,11.729999542236328,3282900.0,0.36885071126138474,0.5337354168570472,0.06394,0.02515,coil3.50% dry_last37%
PTCT,2026-05-12,V2(C=2),2,2026-05-08,73.69000244140625,5836400.0,0.37903502158865054,0.46442156123637857,0.05754,0.0,coil2.48% dry_last38%
PACK,2026-05-12,V2(C=4),4,2026-05-06,6.25,1569100.0,0.3829583837868842,0.477853546619081,0.0528,0.016,coil3.36% dry_last38%
EOLS,2026-05-11,V2(C=4),4,2026-05-05,6.369999885559082,3918300.0,0.16318301304136998,0.2520098001684404,0.0675,0.0157,coil1.10% dry_last16%
CCRN,2026-05-11,V2(C=2),2,2026-05-07,13.09000015258789,5659400.0,0.16499982330282362,0.24238435169805986,0.00917,0.00229,coil0.46% dry_last16%
AAON,2026-05-11,V2(C=2),2,2026-05-07,129.25,7697600.0,0.18177094159218457,0.21669091664934526,0.08913,-0.00039,coil1.58% dry_last18%
JBGS,2026-05-11,V2(C=2),2,2026-05-07,15.224910736083984,2434000.0,0.19075595727198028,0.1975760065735415,0.02206,0.01038,coil1.82% dry_last19%
HR,2026-05-11,V2(C=4),4,2026-05-05,19.6827392578125,19394300.0,0.2417050370469674,0.2993521292338471,0.02359,-0.00351,coil1.41% dry_last24%
CPRX,2026-05-11,V2(C=2),2,2026-05-07,31.170000076293945,13615900.0,0.27056602942148517,0.2998259387921474,0.00257,0.00128,coil0.00% dry_last27%
GDYN,2026-05-11,V2(C=3),3,2026-05-06,6.760000228881836,9272000.0,0.2916415012942192,0.3701610583836641,0.06009,0.02219,coil3.25% dry_last29%
DDOG,2026-05-11,V2(C=2),2,2026-05-07,188.72999572753906,25970000.0,0.2980400462071621,0.38087601078167116,0.08139,0.01976,coil1.14% dry_last30%
HNRG,2026-05-11,V2(C=2),2,2026-05-07,18.8700008392334,2989700.0,0.2983911429240392,0.3226076194935947,0.08108,0.0265,coil2.70% dry_last30%
MUX,2026-05-11,V2(C=2),2,2026-05-07,23.3799991607666,3432900.0,0.3266334585918611,0.40566285065105306,0.05731,0.0,coil3.59% dry_last33%
RDN,2026-05-11,V2(C=2),2,2026-05-07,37.619998931884766,3118000.0,0.3466966003848621,0.4095413726747915,0.03074,0.00532,coil1.33% dry_last35%
REYN,2026-05-11,V2(C=3),3,2026-05-06,21.677289962768555,3226500.0,0.3792654579265458,0.41355441913321966,0.01757,0.01689,coil1.46% dry_last38%
CGNX,2026-05-11,V2(C=2),2,2026-05-07,65.83157348632812,8013300.0,0.38406149775997406,0.4576266956185342,0.05977,0.02033,coil2.43% dry_last38%
AXTA,2026-05-11,V2(C=3),3,2026-05-06,28.549999237060547,4135600.0,0.3906809169165296,0.504247670632234,0.04235,0.00595,coil2.59% dry_last39%
SNEX,2026-05-11,V2(C=2),2,2026-05-07,120.9000015258789,1748600.0,0.39688893972320716,0.4103282626100881,0.04094,0.00356,coil0.07% dry_last40%
SLP,2026-05-08,V2(C=2),2,2026-05-06,15.880000114440918,2229300.0,0.10931682590947832,0.13815996052572557,0.06864,0.01385,coil3.90% dry_last11%
TACT,2026-05-08,V2(C=2),2,2026-05-06,3.490000009536743,47900.0,0.1419624217118998,0.162839248434238,0.05158,0.02292,coil0.57% dry_last14%
EOLS,2026-05-08,V2(C=3),3,2026-05-05,6.369999885559082,3918300.0,0.21552714187275093,0.2816187292107972,0.0675,0.0157,coil1.10% dry_last22%
BCG,2026-05-08,V2(C=2),2,2026-05-06,2.130000114440918,472800.0,0.2326565143824027,0.24291455160744502,0.06442,0.02535,coil2.82% dry_last23%
HR,2026-05-08,V2(C=3),3,2026-05-05,19.6827392578125,19394300.0,0.2439170271677761,0.3185678266294736,0.02359,-0.00351,coil1.26% dry_last24%
KOF,2026-05-08,V2(C=3),3,2026-05-05,106.58000183105469,378000.0,0.24973544973544973,0.3164021164021164,0.02648,0.01379,coil1.11% dry_last25%
IQV,2026-05-08,V2(C=3),3,2026-05-05,176.4199981689453,4177100.0,0.2592947260060808,0.37692019183963354,0.04109,0.00646,coil1.27% dry_last26%
DORM,2026-05-08,V2(C=2),2,2026-05-06,122.61000061035156,611700.0,0.29834886382213505,0.40477358182115414,0.0199,-0.00514,coil0.32% dry_last30%
GNK,2026-05-08,V2(C=3),3,2026-05-05,24.851757049560547,651100.0,0.3223775149746583,0.45236266830491983,0.04039,0.0123,coil2.66% dry_last32%
GDYN,2026-05-08,V2(C=2),2,2026-05-06,6.760000228881836,9272000.0,0.3260030198446937,0.40942083692838654,0.06009,0.02219,coil0.15% dry_last33%
FTRE,2026-05-08,V2(C=3),3,2026-05-05,14.529999732971191,4228300.0,0.3290684199323605,0.4647573098723679,0.08706,0.0,coil1.45% dry_last33%
BIPC,2026-05-08,V2(C=2),2,2026-05-06,39.5099983215332,2099300.0,0.3451626732720431,0.4104463392559425,0.02376,0.02835,coil0.38% dry_last35%
REYN,2026-05-08,V2(C=2),2,2026-05-06,21.677289962768555,3226500.0,0.3462265612893228,0.4306988997365566,0.01757,0.00913,coil0.18% dry_last35%
DIS,2026-05-08,V2(C=2),2,2026-05-06,108.05999755859375,23219500.0,0.360472878399621,0.4883653825448438,0.03137,0.00898,coil0.59% dry_last36%
LFS,2026-05-07,V2(C=2),2,2026-05-05,2.130000114440918,437300.0,0.06631603018522753,0.09352847015778641,0.07465,0.00892,coil2.35% dry_last7%
HR,2026-05-07,V2(C=2),2,2026-05-05,19.6827392578125,19394300.0,0.23732746219249987,0.3558932263603224,0.02359,-0.00351,coil1.26% dry_last24%
EOLS,2026-05-07,V2(C=2),2,2026-05-05,6.369999885559082,3918300.0,0.2394916162621545,0.31466452287982033,0.0675,0.0157,coil1.10% dry_last24%
BTSG,2026-05-07,V2(C=4),4,2026-05-01,52.58000183105469,9471200.0,0.24768772700396993,0.34955179913844076,0.06276,0.02929,coil3.99% dry_last25%
ROKU,2026-05-07,V2(C=4),4,2026-05-01,123.58000183105469,8103800.0,0.2542881117500432,0.3429440509390656,0.04491,0.00995,coil2.89% dry_last25%
KOF,2026-05-07,V2(C=2),2,2026-05-05,106.58000183105469,378000.0,0.3544973544973545,0.34973544973544973,0.02048,0.00516,coil0.77% dry_last35%
FTRE,2026-05-07,V2(C=2),2,2026-05-05,14.529999732971191,4228300.0,0.38670387626232766,0.5326017548423716,0.08706,0.0,coil0.48% dry_last39%
MICC,2026-05-06,V2(C=4),4,2026-04-30,14.930000305175781,7115300.0,0.11248998636740545,0.20952735654153726,0.04086,0.02344,coil2.14% dry_last11%
BDMD,2026-05-06,V2(C=2),2,2026-05-04,1.7999999523162842,574200.0,0.20532915360501566,0.4205851619644723,0.13889,0.02778,coil2.22% dry_last21%
BTSG,2026-05-06,V2(C=3),3,2026-05-01,52.58000183105469,9471200.0,0.2338035307036067,0.383506489849931,0.06276,0.02929,coil3.99% dry_last23%
ROKU,2026-05-06,V2(C=3),3,2026-05-01,123.58000183105469,8103800.0,0.3092376416002369,0.37249603066873976,0.04491,0.00995,coil2.89% dry_last31%
GTLB,2026-05-06,V2(C=3),3,2026-05-01,24.049999237060547,9894200.0,0.3492450122293869,0.43962456119073123,0.05127,0.02536,coil2.29% dry_last35%
DAIO,2026-05-05,V2(C=2),2,2026-05-01,2.759999990463257,87700.0,0.039908779931584946,0.09122006841505131,0.06522,-0.00362,coil2.54% dry_last4%
ESPR,2026-05-05,V2(C=2),2,2026-05-01,3.109999895095825,182315700.0,0.14246661148765574,0.1654703900980552,0.00643,0.00322,coil0.00% dry_last14%
1347.HK,2026-05-05,V2(C=2),2,2026-04-30,114.0999984741211,61945445.0,0.15163792914878568,0.1939460681895174,0.07187,0.00263,coil1.75% dry_last15%
2318.HK,2026-05-05,V2(C=3),3,2026-04-29,63.70000076293945,80577081.0,0.1559945811390214,0.3330859304769305,0.02433,0.02041,coil0.78% dry_last16%
MICC,2026-05-05,V2(C=3),3,2026-04-30,14.930000305175781,7115300.0,0.1970120725759982,0.24187314659958117,0.04086,0.02344,coil2.14% dry_last20%
1109.HK,2026-05-05,V2(C=3),3,2026-04-29,32.959999084472656,28844794.0,0.20958478677296152,0.49778016557626775,0.02609,0.0176,coil1.88% dry_last21%
CVLT,2026-05-05,V2(C=5),5,2026-04-28,97.9800033569336,1866000.0,0.24163987138263665,0.3687031082529475,0.0495,0.01051,coil3.98% dry_last24%
CWST,2026-05-05,V2(C=2),2,2026-05-01,86.83000183105469,2383100.0,0.24514288112122865,0.3750157358063027,0.04215,0.01958,coil0.41% dry_last25%
DTM,2026-05-05,V2(C=3),3,2026-04-30,147.99000549316406,2048200.0,0.26716141001855287,0.4484262604563356,0.02493,0.01615,coil0.67% dry_last27%
TRAK,2026-05-05,V2(C=3),3,2026-04-30,9.779999732971191,428900.0,0.26882723245511775,0.4636667443848605,0.06442,0.02658,coil2.35% dry_last27%
TEVA,2026-05-05,V2(C=4),4,2026-04-29,35.380001068115234,22287100.0,0.280435767775978,0.40925580268406386,0.03901,0.02459,coil2.57% dry_last28%
CNC,2026-05-05,V2(C=4),4,2026-04-29,53.97999954223633,17912300.0,0.28101360517633134,0.3793287294205658,0.0351,0.02149,coil1.32% dry_last28%
WEAV,2026-05-05,V2(C=2),2,2026-05-01,5.75,5145100.0,0.2919088064371927,0.44340246059357447,0.09217,0.00174,coil0.35% dry_last29%
CLVT,2026-05-05,V2(C=2),2,2026-05-01,2.7899999618530273,8899200.0,0.29692556634304207,0.45427117044228693,0.08244,0.02151,coil1.43% dry_last30%
AIN,2026-05-05,V2(C=3),3,2026-04-30,58.040000915527344,566200.0,0.30660543977393145,0.40598139644413045,0.03467,0.02912,coil2.21% dry_last31%
TUYA,2026-05-05,V2(C=2),2,2026-05-01,2.359999895095825,1500200.0,0.3094254099453406,0.41691107852286363,0.02966,0.00847,coil0.42% dry_last31%
GD,2026-05-05,V2(C=4),4,2026-04-29,338.7300109863281,3587700.0,0.3241352398472559,0.4399754717507038,0.03045,0.0005,coil1.43% dry_last32%
GNRC,2026-05-05,V2(C=4),4,2026-04-29,252.9199981689453,2278400.0,0.3264571629213483,0.45142424508426965,0.03443,0.0013,coil2.61% dry_last33%
GOOGL,2026-05-05,V2(C=3),3,2026-04-30,384.79998779296875,72040000.0,0.3314630760688506,0.3714714047751249,0.02296,0.01494,coil1.35% dry_last33%
IEX,2026-05-05,V2(C=4),4,2026-04-29,216.56834411621094,1505700.0,0.337849505213522,0.48113834097097696,0.03023,0.02356,coil1.62% dry_last34%
GOOG,2026-05-05,V2(C=3),3,2026-04-30,381.94000244140625,44570500.0,0.3462492007045019,0.4618555621618185,0.02268,0.01749,coil1.21% dry_last35%
ROKU,2026-05-05,V2(C=2),2,2026-05-01,123.58000183105469,8103800.0,0.3487993287099879,0.4041252252029912,0.04491,0.00995,coil1.30% dry_last35%
ESI,2026-05-05,V2(C=4),4,2026-04-29,42.560001373291016,8027700.0,0.3530525555264895,0.39145085142693425,0.03395,0.0188,coil3.29% dry_last35%
CORT,2026-05-05,V2(C=2),2,2026-05-01,51.41999816894531,3274600.0,0.3591278324070115,0.3915592744151957,0.04551,0.0245,coil0.53% dry_last36%
AMBQ,2026-05-05,V2(C=2),2,2026-05-01,40.38999938964844,734400.0,0.3702342047930283,0.46439270152505446,0.06338,0.02847,coil2.80% dry_last37%
HLIT,2026-05-05,V2(C=3),3,2026-04-30,11.430000305175781,3118400.0,0.3802270395074397,0.3946468274328716,0.03937,0.00612,coil1.14% dry_last38%
GTLB,2026-05-05,V2(C=2),2,2026-05-01,24.049999237060547,9894200.0,0.38094034889126965,0.4848143356714035,0.05127,0.01809,coil1.04% dry_last38%
KALV,2026-05-04,V2(C=3),3,2026-04-29,26.670000076293945,71372300.0,0.05795105384021532,0.1069079554206137,0.00263,0.0015,coil0.04% dry_last6%
RSI,2026-05-04,V2(C=3),3,2026-04-29,27.979999542236328,6405500.0,0.18955585044102724,0.292149975281659,0.04659,0.02395,coil2.07% dry_last19%
MICC,2026-05-04,V2(C=2),2,2026-04-30,14.930000305175781,7115300.0,0.20086292918077944,0.2643036836113727,0.04086,0.02344,coil2.14% dry_last20%
2318.HK,2026-05-04,V2(C=2),2,2026-04-29,63.70000076293945,80577081.0,0.22193205286252551,0.4216316051458851,0.02433,0.01334,coil0.39% dry_last22%
TII,2026-05-04,V2(C=2),2,2026-04-30,2.690000057220459,428100.0,0.2697967764540995,0.30238262088297124,0.05576,0.0223,coil0.74% dry_last27%
IRM,2026-05-04,V2(C=2),2,2026-04-30,125.98999786376953,5039300.0,0.29664834401603396,0.3864425614668704,0.02619,0.01072,coil0.82% dry_last30%
MTRN,2026-05-04,V2(C=2),2,2026-04-30,183.80999755859375,659900.0,0.29686316108501287,0.38278527049552963,0.05348,0.01083,coil0.64% dry_last30%
CNC,2026-05-04,V2(C=3),3,2026-04-29,53.97999954223633,17912300.0,0.2974604043031883,0.4121004375019772,0.02038,0.02149,coil0.65% dry_last30%
CARR,2026-05-04,V2(C=2),2,2026-04-30,66.93159484863281,15777700.0,0.31239661040582595,0.3890776222136306,0.03703,0.02699,coil2.23% dry_last31%
SFM,2026-05-04,V2(C=2),2,2026-04-30,81.8499984741211,5788900.0,0.31503394427265974,0.3977007721674239,0.03702,0.02224,coil0.61% dry_last32%
GNRC,2026-05-04,V2(C=3),3,2026-04-29,252.9199981689453,2278400.0,0.3166695926966292,0.49307993913857673,0.03101,0.0013,coil0.90% dry_last32%
CVLT,2026-05-04,V2(C=4),4,2026-04-28,97.9800033569336,1866000.0,0.3244372990353698,0.4004689174705252,0.0495,0.01051,coil3.01% dry_last32%
TGEN,2026-05-04,V2(C=2),2,2026-04-30,4.78000020980835,1162100.0,0.32690818346097583,0.3911453403321573,0.08996,0.00209,coil0.63% dry_last33%
ESI,2026-05-04,V2(C=3),3,2026-04-29,42.560001373291016,8027700.0,0.3302191163097774,0.40425028339374913,0.03395,0.0188,coil0.99% dry_last33%
TEVA,2026-05-04,V2(C=3),3,2026-04-29,35.380001068115234,22287100.0,0.3371546769207299,0.45219581432009254,0.03901,0.02459,coil1.13% dry_last34%
IEX,2026-05-04,V2(C=3),3,2026-04-29,216.56834411621094,1505700.0,0.36149299329215645,0.5289012862234619,0.03023,0.02356,coil1.62% dry_last36%
UMC,2026-05-04,V2(C=3),3,2026-04-29,12.75,25368600.0,0.3645569720047618,0.4353347576663014,0.05333,0.02353,coil0.63% dry_last36%
GOOGL,2026-05-04,V2(C=2),2,2026-04-30,384.79998779296875,72040000.0,0.3650555247084953,0.3914755691282621,0.02004,0.01494,coil0.63% dry_last37%
LION,2026-05-04,V2(C=5),5,2026-04-27,12.239999771118164,6431700.0,0.3801794237915326,0.4795590590357137,0.04582,0.02451,coil3.68% dry_last38%
UDR,2026-05-04,V2(C=2),2,2026-04-30,36.34000015258789,7403700.0,0.38140389264827046,0.43933438686062376,0.02504,0.01183,coil0.08% dry_last38%
CCC,2026-05-04,V2(C=2),2,2026-04-30,5.239999771118164,34418500.0,0.3873236776733443,0.4928134578787571,0.0687,0.00763,coil0.95% dry_last39%
XEL,2026-05-04,V2(C=2),2,2026-04-30,82.94999694824219,9105500.0,0.38991818131898304,0.4885124375377519,0.02083,0.02773,coil1.70% dry_last39%
EQR,2026-05-04,V2(C=3),3,2026-04-29,65.43000030517578,5544400.0,0.39549816030589424,0.488288483274415,0.02248,0.01406,coil0.32% dry_last40%
KALV,2026-05-01,V2(C=2),2,2026-04-29,26.670000076293945,71372300.0,0.07174772285606601,0.13138640621081288,0.00225,0.00112,coil0.04% dry_last7%
NEO,2026-05-01,V2(C=2),2,2026-04-29,8.960000038146973,10801500.0,0.20949868073878627,0.25322408924686385,0.05724,0.01228,coil2.01% dry_last21%
PII,2026-05-01,V2(C=3),3,2026-04-28,66.47000122070312,4185700.0,0.22278233031512054,0.3246290942972502,0.03806,0.02422,coil1.43% dry_last22%
WKC,2026-05-01,V2(C=5),5,2026-04-24,26.110000610351562,3189600.0,0.2376160020065212,0.36618384750438926,0.04443,0.01877,coil3.26% dry_last24%
ELV,2026-05-01,V2(C=2),2,2026-04-29,376.6300048828125,2568000.0,0.297196261682243,0.48555295950155763,0.02737,0.02737,coil0.99% dry_last30%
TEVA,2026-05-01,V2(C=2),2,2026-04-29,35.380001068115234,22287100.0,0.2974770158522195,0.5097163830197737,0.03901,0.02459,coil0.34% dry_last30%
CVLT,2026-05-01,V2(C=3),3,2026-04-28,97.9800033569336,1866000.0,0.2978563772775991,0.4258127902822436,0.0495,0.01051,coil2.35% dry_last30%
CHEF,2026-05-01,V2(C=2),2,2026-04-29,75.69999694824219,1246500.0,0.3255515443241075,0.5245888487765744,0.06724,0.01823,coil1.62% dry_last33%
CNC,2026-05-01,V2(C=2),2,2026-04-29,53.97999954223633,17912300.0,0.32869034127387325,0.4694204541013717,0.02038,0.02149,coil0.65% dry_last33%
RSI,2026-05-01,V2(C=2),2,2026-04-29,27.979999542236328,6405500.0,0.3295605339161658,0.3434470377019749,0.0461,0.02216,coil0.82% dry_last33%
UMC,2026-05-01,V2(C=2),2,2026-04-29,12.75,25368600.0,0.33141757921209686,0.47072365049707116,0.05333,0.02353,coil0.08% dry_last33%
ESI,2026-05-01,V2(C=2),2,2026-04-29,42.560001373291016,8027700.0,0.3326357487200568,0.441265866935735,0.03383,0.00799,coil0.99% dry_last33%
DDI,2026-04-30,V2(C=2),2,2026-04-28,10.989999771118164,1373900.0,0.10313705509862435,0.20143387437222504,0.01911,0.02184,coil0.09% dry_last10%
HRTX,2026-04-30,V2(C=4),4,2026-04-24,1.190000057220459,6080700.0,0.17440426266712714,0.34396944430739884,0.08403,0.02521,coil1.68% dry_last17%
KGEI,2026-04-30,V2(C=4),4,2026-04-24,5.46999979019165,1146600.0,0.19666841095412524,0.2212410605267748,0.06399,0.00366,coil3.66% dry_last20%
WKC,2026-04-30,V2(C=4),4,2026-04-24,26.110000610351562,3189600.0,0.2558628041133684,0.39832580887885627,0.04443,0.01877,coil2.91% dry_last26%
WYY,2026-04-30,V2(C=2),2,2026-04-28,6.170000076293945,175300.0,0.2835139760410724,0.28436965202509984,0.09238,0.01945,coil0.97% dry_last28%
KNSA,2026-04-30,V2(C=2),2,2026-04-28,53.849998474121094,3030900.0,0.2842060114157511,0.3526015374971131,0.03742,0.02897,coil1.47% dry_last28%
PII,2026-04-30,V2(C=2),2,2026-04-28,66.47000122070312,4185700.0,0.30324676876030293,0.37555247628831495,0.03806,0.02422,coil1.43% dry_last30%
RES,2026-04-30,V2(C=5),5,2026-04-23,7.65470552444458,4002000.0,0.38220889555222387,0.46894052973513245,0.05974,0.01688,coil2.21% dry_last38%
SGMT,2026-04-29,V2(C=2),2,2026-04-27,8.119999885559082,49407800.0,0.032171033723420187,0.06936556576087176,0.11453,0.02094,coil1.85% dry_last3%
BIVI,2026-04-29,V2(C=2),2,2026-04-27,1.590000033378601,128300.0,0.16991426344505067,0.3441153546375682,0.08679,0.02516,coil0.00% dry_last17%
RDCM,2026-04-29,V2(C=4),4,2026-04-23,15.380000114440918,1264400.0,0.17162290414425815,0.26832885162923126,0.04991,0.0,coil3.32% dry_last17%
KGEI,2026-04-29,V2(C=3),3,2026-04-24,5.46999979019165,1146600.0,0.2150706436420722,0.22943194371765802,0.06399,0.00366,coil3.66% dry_last22%
HRTX,2026-04-29,V2(C=3),3,2026-04-24,1.190000057220459,6080700.0,0.2173433979640502,0.4004911715208227,0.08403,0.02521,coil1.68% dry_last22%
BANR,2026-04-29,V2(C=4),4,2026-04-23,67.2161636352539,617300.0,0.2833306334035315,0.32804147092175606,0.02715,0.02671,coil1.86% dry_last28%
HLX,2026-04-29,V2(C=4),4,2026-04-23,9.699999809265137,6154000.0,0.33794280142996425,0.48671189470263243,0.04955,0.01856,coil2.16% dry_last34%
KRO,2026-04-29,V2(C=4),4,2026-04-23,6.840000152587891,578800.0,0.3412232204561161,0.5080338631651693,0.05702,-0.00292,coil2.34% dry_last34%
GSM,2026-04-29,V2(C=3),3,2026-04-24,4.53000020980835,1850300.0,0.36804842457979786,0.4961537768650129,0.05579,0.02428,coil3.75% dry_last37%
RES,2026-04-29,V2(C=4),4,2026-04-23,7.65470552444458,4002000.0,0.37023988005997,0.4906234382808596,0.05974,0.01688,coil2.21% dry_last37%
PANL,2026-04-29,V2(C=2),2,2026-04-27,7.559999942779541,764100.0,0.3992932862190813,0.4072110980238189,0.0295,0.01164,coil1.19% dry_last40%
NHC,2026-04-28,V2(C=4),4,2026-04-22,173.6300048828125,336300.0,0.1968480523342254,0.3373476063038953,0.0561,0.02603,coil3.34% dry_last20%
KGEI,2026-04-28,V2(C=2),2,2026-04-24,5.46999979019165,1146600.0,0.20948892377463807,0.2366125937554509,0.06399,0.00366,coil0.91% dry_last21%
RDCM,2026-04-28,V2(C=3),3,2026-04-23,15.380000114440918,1264400.0,0.23837393229990508,0.3005641674575556,0.04941,-0.00195,coil1.69% dry_last24%
BA,2026-04-28,V2(C=4),4,2026-04-22,231.27999877929688,15779500.0,0.24131309610570678,0.34903989353274817,0.03087,0.0182,coil1.48% dry_last24%
MCRI,2026-04-28,V2(C=4),4,2026-04-22,114.23999786376953,537600.0,0.2565104166666667,0.4378255208333333,0.04272,0.01786,coil2.78% dry_last26%
BANR,2026-04-28,V2(C=3),3,2026-04-23,67.2161636352539,617300.0,0.26178519358496677,0.34294508342783087,0.02715,0.02287,coil1.79% dry_last26%
MBLY,2026-04-28,V2(C=3),3,2026-04-23,8.699999809265137,22688600.0,0.26493481307793343,0.40025240282197516,0.07931,-0.01149,coil2.53% dry_last26%
SXT,2026-04-28,V2(C=2),2,2026-04-24,122.72283172607422,1763900.0,0.31441691705879016,0.46266795169794206,0.05552,0.01746,coil1.27% dry_last31%
UNP,2026-04-28,V2(C=3),3,2026-04-23,271.260009765625,8477300.0,0.3189576869993984,0.35777507775667566,0.02356,0.02028,coil0.43% dry_last32%
HRTX,2026-04-28,V2(C=2),2,2026-04-24,1.190000057220459,6080700.0,0.33052115710362295,0.492065058299209,0.08403,0.0084,coil1.68% dry_last33%
TTI,2026-04-28,V2(C=2),2,2026-04-24,9.6899995803833,2871100.0,0.36317091010414126,0.36735049284246457,0.04718,0.02786,coil0.10% dry_last36%
OFG,2026-04-28,V2(C=5),5,2026-04-21,44.709999084472656,637900.0,0.36980717980874744,0.4783508386894498,0.03534,-0.00895,coil1.27% dry_last37%
RES,2026-04-28,V2(C=3),3,2026-04-23,7.65470552444458,4002000.0,0.37743628185907047,0.530751291021156,0.05974,0.01688,coil2.21% dry_last38%
WKC,2026-04-28,V2(C=2),2,2026-04-24,26.110000610351562,3189600.0,0.38196012039127164,0.4578473789816905,0.04443,0.01877,coil2.22% dry_last38%
STM,2026-04-28,V2(C=3),3,2026-04-23,49.709999084472656,25606900.0,0.39411252435866895,0.4468418017539544,0.03681,0.01489,coil1.51% dry_last39%
RDY,2026-04-27,V2(C=2),2,2026-04-23,13.579999923706055,7736600.0,0.22215184964971693,0.28077579298399813,0.01915,0.00074,coil2.21% dry_last22%
RDCM,2026-04-27,V2(C=2),2,2026-04-23,15.380000114440918,1264400.0,0.22651059791205314,0.33165928503638087,0.04941,-0.00195,coil0.39% dry_last23%
CX,2026-04-27,V2(C=2),2,2026-04-23,12.510000228881836,16134400.0,0.25367537683458946,0.3102904353431178,0.03038,0.02638,coil0.96% dry_last25%
DHI,2026-04-27,V2(C=4),4,2026-04-21,161.710693359375,6262000.0,0.26228042159054615,0.39430293835835195,0.03045,0.0225,coil3.01% dry_last26%
BA,2026-04-27,V2(C=3),3,2026-04-22,231.27999877929688,15779500.0,0.2790075731170189,0.38494882600842867,0.03087,0.01085,coil1.22% dry_last28%
TECK,2026-04-27,V2(C=2),2,2026-04-23,60.75,7268400.0,0.28447801441857906,0.35598618678113475,0.02077,0.02798,coil0.08% dry_last28%
NHC,2026-04-27,V2(C=3),3,2026-04-22,173.6300048828125,336300.0,0.29229854296758845,0.384180790960452,0.0561,0.02603,coil3.34% dry_last29%
MCRI,2026-04-27,V2(C=3),3,2026-04-22,114.23999786376953,537600.0,0.2976190476190476,0.49826388888888895,0.04272,0.01786,coil2.30% dry_last30%
TBRG,2026-04-27,V2(C=2),2,2026-04-23,25.760000228881836,2265000.0,0.3091832229580574,0.3408388520971302,0.00388,0.00194,coil0.19% dry_last31%
MBLY,2026-04-27,V2(C=2),2,2026-04-23,8.699999809265137,22688600.0,0.3192175806352089,0.4679111976939961,0.07931,-0.01149,coil2.53% dry_last32%
BANR,2026-04-27,V2(C=2),2,2026-04-23,67.2161636352539,617300.0,0.33160537826016523,0.38352502834926294,0.02715,0.02287,coil1.79% dry_last33%
UNP,2026-04-27,V2(C=2),2,2026-04-23,271.260009765625,8477300.0,0.3337501327073479,0.3771837731353143,0.02356,0.02028,coil0.08% dry_last33%
MAS,2026-04-27,V2(C=3),3,2026-04-22,73.6075439453125,8456500.0,0.34180807662744633,0.5181615719663375,0.02772,0.00676,coil1.65% dry_last34%
HAFC,2026-04-27,V2(C=3),3,2026-04-22,29.295568466186523,708700.0,0.3435868491604346,0.3856827054230751,0.03087,0.00406,coil3.38% dry_last34%
TFIN,2026-04-27,V2(C=2),2,2026-04-23,67.31999969482422,732000.0,0.3598360655737705,0.40792349726775956,0.04204,0.02436,coil1.25% dry_last36%
OFG,2026-04-27,V2(C=4),4,2026-04-21,44.709999084472656,637900.0,0.3784292208810158,0.5054867534096253,0.03534,-0.00895,coil1.27% dry_last38%
DOV,2026-04-27,V2(C=2),2,2026-04-23,228.14999389648438,2386500.0,0.3920385501780851,0.4312382149591452,0.03016,0.022,coil0.64% dry_last39%
SILA,2026-04-24,V2(C=4),4,2026-04-20,30.001832962036133,9912700.0,0.0952414579277089,0.1944954452369183,0.00197,0.00132,coil0.16% dry_last10%
CGTX,2026-04-24,V2(C=3),3,2026-04-21,1.1699999570846558,3572900.0,0.19429595006857175,0.32529131331224864,0.09402,-0.02564,coil2.56% dry_last19%
MNTK,2026-04-24,V2(C=3),3,2026-04-21,1.399999976158142,496200.0,0.20233776702942363,0.3993685341932017,0.05714,0.01429,coil2.14% dry_last20%
EGY,2026-04-24,V2(C=3),3,2026-04-21,5.876248836517334,3295200.0,0.25943797038116045,0.421967305980416,0.04529,0.01077,coil2.86% dry_last26%
FTK,2026-04-24,V2(C=2),2,2026-04-22,16.75,486000.0,0.27139917695473254,0.2909465020576132,0.04418,0.01433,coil0.48% dry_last27%
SFNC,2026-04-24,V2(C=5),5,2026-04-17,21.520000457763672,3024200.0,0.28433966007539185,0.4641954897162886,0.04275,0.02742,coil2.97% dry_last28%
JKS,2026-04-24,V2(C=2),2,2026-04-22,22.690000534057617,1269700.0,0.3206269197448216,0.4446325903756793,0.04704,0.02732,coil1.63% dry_last32%
NHC,2026-04-24,V2(C=2),2,2026-04-22,173.6300048828125,336300.0,0.3247100802854594,0.43012191495688373,0.0561,0.02603,coil1.31% dry_last32%
HUM,2026-04-24,V2(C=3),3,2026-04-21,217.36000061035156,3067200.0,0.32984480959833073,0.42160059120153015,0.03224,0.02613,coil1.13% dry_last33%
DHI,2026-04-24,V2(C=3),3,2026-04-21,161.710693359375,6262000.0,0.3549664643883743,0.4383104439476206,0.03045,0.01597,coil2.66% dry_last35%
BA,2026-04-24,V2(C=2),2,2026-04-22,231.27999877929688,15779500.0,0.36330048480623595,0.43791945245413355,0.03087,0.01085,coil0.74% dry_last36%
SILA,2026-04-23,V2(C=3),3,2026-04-20,30.001832962036133,9912700.0,0.094071241942155,0.22758010767332146,0.00197,0.00132,coil0.16% dry_last9%
WAFD,2026-04-23,V2(C=4),4,2026-04-17,34.97160339355469,1943600.0,0.249485490841737,0.4482789668656102,0.03207,0.01362,coil1.28% dry_last25%
WMS,2026-04-23,V2(C=4),4,2026-04-17,153.3699951171875,2663800.0,0.26064269089270964,0.29151024851715596,0.04113,0.01989,coil1.72% dry_last26%
KAPA,2026-04-23,V2(C=2),2,2026-04-21,0.6570000052452087,281700.0,0.2665956691515797,0.4488817891373802,0.0761,-0.00457,coil2.44% dry_last27%
JBHT,2026-04-23,V2(C=5),5,2026-04-16,237.877197265625,2564700.0,0.32471634109252545,0.3841540920965415,0.04639,-0.00071,coil3.62% dry_last32%
CGTX,2026-04-23,V2(C=2),2,2026-04-21,1.1699999570846558,3572900.0,0.3525987293235187,0.39078899493408714,0.09402,-0.02564,coil2.56% dry_last35%
SFNC,2026-04-23,V2(C=4),4,2026-04-17,21.520000457763672,3024200.0,0.36452615567753455,0.5091594471265128,0.04275,0.02742,coil2.28% dry_last36%
EGY,2026-04-23,V2(C=2),2,2026-04-21,5.876248836517334,3295200.0,0.394179412478757,0.5032319737800437,0.04529,0.01077,coil2.86% dry_last39%
SNTI,2026-04-22,V2(C=3),3,2026-04-17,1.100000023841858,946900.0,0.1086703981413032,0.3136902876051677,0.09091,0.02727,coil3.64% dry_last11%
AEF,2026-04-22,V2(C=3),3,2026-04-17,9.039999961853027,728700.0,0.2011801838891176,0.35432962810484425,0.02765,0.02765,coil1.55% dry_last20%
9633.HK,2026-04-22,V2(C=2),2,2026-04-20,47.429664611816406,13439862.0,0.2025409933524615,0.22420207886063115,0.01848,0.01807,coil0.86% dry_last20%
MTNB,2026-04-22,V2(C=2),2,2026-04-20,0.5490000247955322,80400.0,0.236318407960199,0.30659203980099503,0.03825,0.0,coil1.82% dry_last24%
IHRT,2026-04-22,V2(C=3),3,2026-04-17,4.099999904632568,1208300.0,0.2386824464123148,0.44450881403624926,0.07317,0.0122,coil0.00% dry_last24%
ARCB,2026-04-22,V2(C=4),4,2026-04-16,114.0574951171875,533700.0,0.25295109612141653,0.46767847105115234,0.04379,-0.00499,coil0.61% dry_last25%
SILA,2026-04-22,V2(C=2),2,2026-04-20,30.001832962036133,9912700.0,0.26561885258305,0.2943345405389046,0.00197,0.00132,coil0.16% dry_last27%
CVCB3.SA,2026-04-22,V2(C=2),2,2026-04-17,2.130000114440918,33919400.0,0.28144955394258153,0.35084641827390817,0.04695,0.02817,coil0.47% dry_last28%
AMBQ,2026-04-22,V2(C=3),3,2026-04-17,34.7599983215332,764800.0,0.301255230125523,0.31332810320781035,0.05063,0.02359,coil0.92% dry_last30%
WMS,2026-04-22,V2(C=3),3,2026-04-17,153.3699951171875,2663800.0,0.304302124784143,0.3017994343919714,0.04113,0.01989,coil1.52% dry_last30%
AUDC,2026-04-22,V2(C=2),2,2026-04-20,9.3100004196167,201900.0,0.3229321446260525,0.3504210004952947,0.02363,-0.00215,coil0.75% dry_last32%
GFS,2026-04-22,V2(C=2),2,2026-04-20,58.7599983215332,8783100.0,0.34167890608099644,0.49459188669148707,0.04391,0.00613,coil1.95% dry_last34%
EHTH,2026-04-22,V2(C=4),4,2026-04-16,1.7999999523162842,962300.0,0.3605944092278915,0.49077730437493505,0.08152,0.02778,coil2.22% dry_last36%
RMAX,2026-04-22,V2(C=2),2,2026-04-20,6.789999961853027,492400.0,0.36616571892770106,0.367587327376117,0.05007,0.02504,coil0.29% dry_last37%
WAFD,2026-04-22,V2(C=3),3,2026-04-17,34.97160339355469,1943600.0,0.3802737188721959,0.5145434588735679,0.03207,0.01362,coil0.65% dry_last38%
JBHT,2026-04-22,V2(C=4),4,2026-04-16,237.877197265625,2564700.0,0.3951729247085429,0.3990135298475455,0.04639,-0.00071,coil2.74% dry_last40%
WETH,2026-04-21,V2(C=2),2,2026-04-17,1.8300000429153442,224900.0,0.03201422854602046,0.18163628279235217,0.0765,0.01093,coil0.55% dry_last3%
GSAT,2026-04-21,V2(C=5),5,2026-04-14,79.91000366210938,12495600.0,0.11223150548993245,0.19425557796344314,0.01865,0.00588,coil0.78% dry_last11%
9618.HK,2026-04-21,V2(C=4),4,2026-04-15,120.69999694824219,23272509.0,0.20725685399885332,0.39548938406254347,0.01535,-0.0058,coil1.16% dry_last21%
SKBL,2026-04-21,V2(C=2),2,2026-04-17,3.640000104904175,305100.0,0.24123238282530318,0.26319239593575877,0.08516,0.01923,coil3.02% dry_last24%
ONEW,2026-04-21,V2(C=2),2,2026-04-17,11.149999618530273,301900.0,0.24809539582643259,0.28966545213646905,0.06457,0.01883,coil1.26% dry_last25%
CALY,2026-04-21,V2(C=2),2,2026-04-17,15.359999656677246,5941200.0,0.2562613613411432,0.2785800848313472,0.02237,0.02669,coil0.59% dry_last26%
WMS,2026-04-21,V2(C=2),2,2026-04-17,153.3699951171875,2663800.0,0.2818905323222464,0.3005480891958856,0.03797,0.01989,coil1.52% dry_last28%
AEF,2026-04-21,V2(C=2),2,2026-04-17,9.039999961853027,728700.0,0.2944970495402772,0.43090435021270757,0.02765,0.02765,coil1.55% dry_last29%
BIVI,2026-04-21,V2(C=2),2,2026-04-17,1.559999942779541,147300.0,0.3000678886625934,0.35505770536320436,0.03846,0.02564,coil0.00% dry_last30%
SNTI,2026-04-21,V2(C=2),2,2026-04-17,1.100000023841858,946900.0,0.31481677051430984,0.4162002323371,0.09091,0.02727,coil3.64% dry_last31%
NN,2026-04-21,V2(C=3),3,2026-04-16,21.489999771118164,8253400.0,0.3165362153779049,0.4457031849500408,0.07818,0.01489,coil2.93% dry_last32%
AMBQ,2026-04-21,V2(C=2),2,2026-04-17,34.7599983215332,764800.0,0.3169456066945607,0.31936453974895396,0.05063,0.02359,coil0.52% dry_last32%
FLS,2026-04-21,V2(C=2),2,2026-04-17,83.81999969482422,3651600.0,0.3242414284149414,0.460578924307153,0.03824,0.02827,coil1.63% dry_last32%
EHTH,2026-04-21,V2(C=3),3,2026-04-16,1.7999999523162842,962300.0,0.32526239218538916,0.5341716027572829,0.08152,0.02778,coil0.56% dry_last33%
JBHT,2026-04-21,V2(C=3),3,2026-04-16,237.877197265625,2564700.0,0.3499044722579639,0.40029373156054643,0.04639,-0.00071,coil2.74% dry_last35%
ALV,2026-04-21,V2(C=2),2,2026-04-17,118.02462768554688,2657300.0,0.35351672750536256,0.38381063485492795,0.04515,0.0116,coil3.09% dry_last35%
JD,2026-04-21,V2(C=5),5,2026-04-14,31.25,22598200.0,0.35370516235806393,0.47283942968909026,0.02945,0.02576,coil3.46% dry_last35%
AVNS,2026-04-20,V2(C=4),4,2026-04-14,24.6299991607666,23942000.0,0.03671372483501796,0.11650864589424442,0.00609,0.00244,coil0.41% dry_last4%
IVA,2026-04-20,V2(C=4),4,2026-04-14,5.510000228881836,1769500.0,0.12415936705283978,0.2666855043797683,0.06534,0.0127,coil2.72% dry_last12%
GSAT,2026-04-20,V2(C=4),4,2026-04-14,79.91000366210938,12495600.0,0.17076410896635616,0.2147615960818208,0.01865,0.00588,coil0.78% dry_last17%
NBP,2026-04-20,V2(C=2),2,2026-04-16,2.6700000762939453,1903100.0,0.17240292154905154,0.37843518469864956,0.04682,0.01873,coil1.87% dry_last17%
RFIL,2026-04-20,V2(C=2),2,2026-04-16,13.920000076293945,816600.0,0.17707567964731816,0.2991672789615479,0.07471,0.0273,coil0.43% dry_last18%
MLYS,2026-04-20,V2(C=3),3,2026-04-15,30.420000076293945,3181700.0,0.18018669264858408,0.3136268870939016,0.04536,0.02959,coil1.68% dry_last18%
ABUS,2026-04-20,V2(C=3),3,2026-04-15,4.480000019073486,3280000.0,0.2664939024390244,0.42194105691056916,0.06696,0.00893,coil2.68% dry_last27%
SLDP,2026-04-20,V2(C=2),2,2026-04-16,3.259999990463257,18378700.0,0.2708679068704533,0.3648244979242275,0.06135,0.0092,coil0.92% dry_last27%
FMST,2026-04-20,V2(C=3),3,2026-04-15,1.850000023841858,367600.0,0.2878128400435256,0.37305041712005804,0.07568,0.02703,coil3.24% dry_last29%
KINS,2026-04-20,V2(C=2),2,2026-04-16,18.510135650634766,387700.0,0.2948155790559711,0.4646633995357235,0.04739,0.02908,coil2.32% dry_last29%
JD,2026-04-20,V2(C=4),4,2026-04-14,31.25,22598200.0,0.30967953199812376,0.5026229965218468,0.02656,0.01024,coil0.86% dry_last31%
9888.HK,2026-04-20,V2(C=2),2,2026-04-16,123.30000305175781,21297159.0,0.3315921621282914,0.3401624836439452,0.02871,0.02109,coil0.73% dry_last33%
MAKO,2026-04-20,V2(C=3),3,2026-04-15,7.880000114440918,448100.0,0.33965632671278734,0.5409506806516403,0.03807,-0.00381,coil2.41% dry_last34%
9618.HK,2026-04-20,V2(C=3),3,2026-04-15,120.69999694824219,23272509.0,0.3423224801416985,0.4582335607504402,0.01535,-0.0058,coil1.16% dry_last34%
BFLY,2026-04-20,V2(C=2),2,2026-04-16,5.289999961853027,14239400.0,0.3481466915740832,0.39371743191426606,0.06055,0.01512,coil0.76% dry_last35%
JBHT,2026-04-20,V2(C=2),2,2026-04-16,237.877197265625,2564700.0,0.351464108862635,0.42548836121183764,0.04639,-0.00071,coil2.74% dry_last35%
TCMD,2026-04-20,V2(C=4),4,2026-04-14,25.059999465942383,393200.0,0.3532553407934893,0.4333672431332655,0.02954,0.00678,coil2.39% dry_last35%
STGW,2026-04-20,V2(C=2),2,2026-04-16,7.21999979019165,2660000.0,0.3580827067669173,0.5321240601503759,0.03878,0.02355,coil1.25% dry_last36%
AVNS,2026-04-17,V2(C=3),3,2026-04-14,24.6299991607666,23942000.0,0.06313591178681814,0.14310695291398656,0.00609,0.00244,coil0.41% dry_last6%
SHIM,2026-04-17,V2(C=2),2,2026-04-15,5.119999885559082,1256700.0,0.09150950903159068,0.18512771544521364,0.08566,0.01562,coil1.76% dry_last9%
GSAT,2026-04-17,V2(C=3),3,2026-04-14,79.91000366210938,12495600.0,0.1593600947533532,0.22942742512030903,0.01865,0.00588,coil0.78% dry_last16%
SKYT,2026-04-17,V2(C=2),2,2026-04-15,32.2400016784668,2836900.0,0.24844019880855864,0.349236843032888,0.03846,0.01489,coil1.12% dry_last25%
IVA,2026-04-17,V2(C=3),3,2026-04-14,5.510000228881836,1769500.0,0.2525572195535462,0.31419421682207777,0.06534,0.0127,coil2.00% dry_last25%
ABUS,2026-04-17,V2(C=2),2,2026-04-15,4.480000019073486,3280000.0,0.32091463414634147,0.4996646341463415,0.06696,0.00893,coil0.89% dry_last32%
6699.HK,2026-04-17,V2(C=2),2,2026-04-15,84.43512725830078,1841470.0,0.3211727587199357,0.4887546362416982,0.02697,0.01272,coil0.66% dry_last32%
MLYS,2026-04-17,V2(C=2),2,2026-04-15,30.420000076293945,3181700.0,0.3269950026715278,0.38034698431656033,0.04536,0.01233,coil0.07% dry_last33%
IQ,2026-04-17,V2(C=3),3,2026-04-14,1.409999966621399,17006900.0,0.3539739752688615,0.4742839670957082,0.05,0.02128,coil0.71% dry_last35%
AEO,2026-04-17,V2(C=2),2,2026-04-15,19.420000076293945,10774400.0,0.37323656073656075,0.4424979581229581,0.03656,0.02472,coil1.29% dry_last37%
FMST,2026-04-17,V2(C=2),2,2026-04-15,1.850000023841858,367600.0,0.3737758433079434,0.41566920565832427,0.07568,0.02703,coil3.24% dry_last37%
9618.HK,2026-04-17,V2(C=2),2,2026-04-15,120.69999694824219,23272509.0,0.37847070979755554,0.5161891010548111,0.01535,-0.0058,coil0.99% dry_last38%
TCPC,2026-04-17,V2(C=2),2,2026-04-15,4.349999904632568,2371800.0,0.3916856395986171,0.4204190909857492,0.05747,0.02529,coil2.07% dry_last39%
BOLD,2026-04-16,V2(C=2),2,2026-04-14,1.559999942779541,6070600.0,0.042005732547029946,0.07020722828056535,0.07051,0.0,coil0.00% dry_last4%
CBIO,2026-04-16,V2(C=2),2,2026-04-14,19.520000457763672,592200.0,0.12462006079027356,0.2559101654846336,0.07992,0.02408,coil2.56% dry_last12%
AVNS,2026-04-16,V2(C=2),2,2026-04-14,24.6299991607666,23942000.0,0.1609347590009189,0.1830924734775708,0.00609,0.00244,coil0.24% dry_last16%
WKSP,2026-04-16,V2(C=2),2,2026-04-14,0.9940000176429749,1015400.0,0.18613354343116015,0.23606460508174118,0.09091,0.02414,coil1.01% dry_last19%
GSAT,2026-04-16,V2(C=2),2,2026-04-14,79.91000366210938,12495600.0,0.20002240788757641,0.26446109030378695,0.01865,0.00588,coil0.76% dry_last20%
BKH,2026-04-16,V2(C=2),2,2026-04-14,75.87670135498047,3062600.0,0.26333833997257233,0.4164108927055443,0.03551,0.00875,coil0.35% dry_last26%
CGNT,2026-04-16,V2(C=2),2,2026-04-14,9.569999694824219,1985600.0,0.2703968573730862,0.3781224818694601,0.04012,0.00627,coil0.52% dry_last27%
IVA,2026-04-16,V2(C=2),2,2026-04-14,5.510000228881836,1769500.0,0.3206555524159367,0.3450127154563436,0.06534,0.0127,coil2.00% dry_last32%
ECVT,2026-04-16,V2(C=4),4,2026-04-10,13.930000305175781,4583700.0,0.3567205532648297,0.5187185025197985,0.04882,0.01436,coil2.73% dry_last36%
STZ,2026-04-16,V2(C=5),5,2026-04-09,161.98910522460938,4696300.0,0.36616059451057215,0.4998147477801674,0.03974,0.00693,coil1.35% dry_last37%
STRO,2026-04-16,V2(C=2),2,2026-04-14,28.780000686645508,509700.0,0.38277418089072,0.5009809691975672,0.05976,0.0,coil1.46% dry_last38%
