derived_type	level	side	seg_a_start	seg_a_end	c_start	b_center_start	kind	prod_observed_at	p409_observed_at	completion_as_of	completed_seg_c_end	cstart_to_completion	structural_seg_c_span	completion_visibility_lag	p409_last_observed_at	p409_extra_after_completion	p409_state	p409_reason	p409_first_provable_at	p409_invalidated_at	p409_revisions	completion_branch
PanConsolidation/L1(lower=parser-Segment)	1	Long	628	718	1334	737	Consolidation	1693	1693	1693	1352	359	18	341	2253	560	Invalidated	Some(ForceOvertake)	Some(1693)	Some(2253)	563	level_view::provide_nest_candidate_events_ext/consolidation-pan -> feed_replay_bar(kind==Consolidation)
PanConsolidation/L1(lower=parser-Segment)	1	Long	1334	1352	1839	1352	Consolidation	2047	2047	2047	2011	208	172	36	99999	97952	Provisional	None	None	None	97953	level_view::provide_nest_candidate_events_ext/consolidation-pan -> feed_replay_bar(kind==Consolidation)
PanConsolidation/L1(lower=parser-Segment)	1	Long	1394	1540	2178	1654	Consolidation	2319	2319	2319	2287	141	109	32	99999	97680	Provisional	None	None	None	97681	level_view::provide_nest_candidate_events_ext/consolidation-pan -> feed_replay_bar(kind==Consolidation)
PanConsolidation/L1(lower=parser-Segment)	1	Long	2731	2905	3223	2915	Consolidation	3388	3388	3388	3336	165	113	52	99999	96611	Provisional	None	None	None	96612	level_view::provide_nest_candidate_events_ext/consolidation-pan -> feed_replay_bar(kind==Consolidation)
PanConsolidation/L1(lower=parser-Segment)	1	Long	4398	4756	5622	5123	Consolidation	5946	5946	5946	5905	324	283	41	6221	275	Invalidated	Some(ForceOvertake)	Some(5946)	Some(6221)	278	level_view::provide_nest_candidate_events_ext/consolidation-pan -> feed_replay_bar(kind==Consolidation)
PanConsolidation/L1(lower=parser-Segment)	1	Long	5341	5521	5967	5622	Consolidation	6403	6403	6403	6353	436	386	50	99999	93596	Provisional	None	None	None	93597	level_view::provide_nest_candidate_events_ext/consolidation-pan -> feed_replay_bar(kind==Consolidation)
PanConsolidation/L1(lower=parser-Segment)	1	Long	5816	5905	6404	5909	Consolidation	6776	6776	6776	6747	372	343	29	7006	230	Invalidated	Some(ForceOvertake)	Some(6776)	Some(7006)	233	level_view::provide_nest_candidate_events_ext/consolidation-pan -> feed_replay_bar(kind==Consolidation)
PanConsolidation/L1(lower=parser-Segment)	1	Long	6404	6747	6897	5909	Consolidation	7142	7142	7142	7047	245	150	95	99999	92857	Provisional	None	None	None	92858	level_view::provide_nest_candidate_events_ext/consolidation-pan -> feed_replay_bar(kind==Consolidation)
PanConsolidation/L1(lower=parser-Segment)	1	Long	11984	12091	12633	12205	Consolidation	12867	12867	12867	12727	234	94	140	12905	38	Invalidated	Some(ForceOvertake)	Some(12867)	Some(12905)	41	level_view::provide_nest_candidate_events_ext/consolidation-pan -> feed_replay_bar(kind==Consolidation)
PanConsolidation/L1(lower=parser-Segment)	1	Long	12299	12513	13012	12513	Consolidation	13663	13663	13663	13482	651	470	181	13858	195	Invalidated	Some(IdentityVanished)	Some(13663)	Some(13859)	198	level_view::provide_nest_candidate_events_ext/consolidation-pan -> feed_replay_bar(kind==Consolidation)
PanConsolidation/L1(lower=parser-Segment)	1	Long	14739	14926	15969	15191	Consolidation	16062	16062	16062	15994	93	25	68	16161	99	Invalidated	Some(ForceOvertake)	Some(16062)	Some(16161)	102	level_view::provide_nest_candidate_events_ext/consolidation-pan -> feed_replay_bar(kind==Consolidation)
PanConsolidation/L1(lower=parser-Segment)	1	Long	15191	15441	15738	14709	Consolidation	15984	15984	15984	15821	246	83	163	99999	84015	Provisional	None	None	None	84016	level_view::provide_nest_candidate_events_ext/consolidation-pan -> feed_replay_bar(kind==Consolidation)
PanConsolidation/L1(lower=parser-Segment)	1	Long	15738	15821	16057	15862	Consolidation	16205	16205	16205	16165	148	108	40	18506	2301	Invalidated	Some(ForceOvertake)	Some(16205)	Some(18506)	2304	level_view::provide_nest_candidate_events_ext/consolidation-pan -> feed_replay_bar(kind==Consolidation)
PanConsolidation/L1(lower=parser-Segment)	1	Long	16650	16714	17031	16724	Consolidation	17447	17447	17447	17170	416	139	277	99999	82552	Provisional	None	None	None	82553	level_view::provide_nest_candidate_events_ext/consolidation-pan -> feed_replay_bar(kind==Consolidation)
PanConsolidation/L1(lower=parser-Segment)	1	Long	16866	16968	17031	16283	Consolidation	17201	17201	17201	17170	170	139	31	17446	245	Invalidated	Some(IdentityVanished)	None	Some(17447)	247	level_view::provide_nest_candidate_events_ext/consolidation-pan -> feed_replay_bar(kind==Consolidation)
PanConsolidation/L1(lower=parser-Segment)	1	Long	18232	18387	19486	18390	Consolidation	19758	19758	19758	19682	272	196	76	99999	80241	Provisional	None	None	None	80242	level_view::provide_nest_candidate_events_ext/consolidation-pan -> feed_replay_bar(kind==Consolidation)
PanConsolidation/L1(lower=parser-Segment)	1	Long	18850	18911	19170	18390	Consolidation	19234	19234	19234	19210	64	40	24	99999	80765	Provisional	None	None	None	80766	level_view::provide_nest_candidate_events_ext/consolidation-pan -> feed_replay_bar(kind==Consolidation)
PanConsolidation/L1(lower=parser-Segment)	1	Long	22318	22491	23083	22524	Consolidation	23555	23555	23555	23358	472	275	197	99999	76444	Provisional	None	None	None	76445	level_view::provide_nest_candidate_events_ext/consolidation-pan -> feed_replay_bar(kind==Consolidation)
PanConsolidation/L1(lower=parser-Segment)	1	Long	22895	22930	23843	23083	Consolidation	24041	24041	24041	23954	198	111	87	99999	75958	Provisional	None	None	None	75959	level_view::provide_nest_candidate_events_ext/consolidation-pan -> feed_replay_bar(kind==Consolidation)
PanConsolidation/L1(lower=parser-Segment)	1	Long	23843	23954	24155	23954	Consolidation	24368	24368	24368	24334	213	179	34	25069	701	Invalidated	Some(ForceOvertake)	Some(24368)	Some(25069)	704	level_view::provide_nest_candidate_events_ext/consolidation-pan -> feed_replay_bar(kind==Consolidation)
PanConsolidation/L1(lower=parser-Segment)	1	Long	24773	24820	24965	24820	Consolidation	25182	25182	25182	25090	217	125	92	99999	74817	Provisional	None	None	None	74818	level_view::provide_nest_candidate_events_ext/consolidation-pan -> feed_replay_bar(kind==Consolidation)
PanConsolidation/L1(lower=parser-Segment)	1	Long	25156	25181	25582	25303	Consolidation	25953	25953	25953	25890	371	308	63	25959	6	Invalidated	Some(IdentityVanished)	None	Some(25960)	8	level_view::provide_nest_candidate_events_ext/consolidation-pan -> feed_replay_bar(kind==Consolidation)
PanConsolidation/L1(lower=parser-Segment)	1	Long	25582	25759	26313	25782	Consolidation	26413	26413	26413	26385	100	72	28	99999	73586	Provisional	None	None	None	73587	level_view::provide_nest_candidate_events_ext/consolidation-pan -> feed_replay_bar(kind==Consolidation)
PanConsolidation/L1(lower=parser-Segment)	1	Long	26313	26385	26861	26395	Consolidation	27049	27049	27049	27008	188	147	41	27226	177	Invalidated	Some(ForceOvertake)	Some(27049)	Some(27226)	180	level_view::provide_nest_candidate_events_ext/consolidation-pan -> feed_replay_bar(kind==Consolidation)
PanConsolidation/L1(lower=parser-Segment)	1	Long	26861	27008	27177	26395	Consolidation	27294	27294	27294	27226	117	49	68	99999	72705	Provisional	None	None	None	72706	level_view::provide_nest_candidate_events_ext/consolidation-pan -> feed_replay_bar(kind==Consolidation)
PanConsolidation/L1(lower=parser-Segment)	1	Long	29284	29334	29986	29481	Consolidation	30224	30224	30224	30062	238	76	162	30452	228	Invalidated	Some(ForceOvertake)	Some(30224)	Some(30452)	231	level_view::provide_nest_candidate_events_ext/consolidation-pan -> feed_replay_bar(kind==Consolidation)
PanConsolidation/L1(lower=parser-Segment)	1	Long	29783	29852	29986	29176	Consolidation	30090	30090	30090	30062	104	76	28	30223	133	Invalidated	Some(IdentityVanished)	Some(30090)	Some(30224)	136	level_view::provide_nest_candidate_events_ext/consolidation-pan -> feed_replay_bar(kind==Consolidation)
PanConsolidation/L1(lower=parser-Segment)	1	Long	30970	31087	31746	31087	Consolidation	31911	31911	31911	31876	165	130	35	31934	23	Invalidated	Some(IdentityVanished)	None	Some(31935)	25	level_view::provide_nest_candidate_events_ext/consolidation-pan -> feed_replay_bar(kind==Consolidation)
PanConsolidation/L1(lower=parser-Segment)	1	Long	30970	31087	31998	31087	Consolidation	32110	32110	32110	32089	112	91	21	39310	7200	Invalidated	Some(ForceOvertake)	Some(32110)	Some(39310)	7203	level_view::provide_nest_candidate_events_ext/consolidation-pan -> feed_replay_bar(kind==Consolidation)
PanConsolidation/L1(lower=parser-Segment)	1	Long	31746	31796	32366	31805	Consolidation	32501	32501	32501	32475	135	109	26	99999	67498	Provisional	None	None	None	67499	level_view::provide_nest_candidate_events_ext/consolidation-pan -> feed_replay_bar(kind==Consolidation)
PanConsolidation/L1(lower=parser-Segment)	1	Long	31746	31796	32653	31805	Consolidation	32737	32737	32737	32702	84	49	35	32892	155	Invalidated	Some(IdentityVanished)	None	Some(32893)	157	level_view::provide_nest_candidate_events_ext/consolidation-pan -> feed_replay_bar(kind==Consolidation)
PanConsolidation/L1(lower=parser-Segment)	1	Long	31998	32089	32653	32117	Consolidation	32893	32893	32893	32702	240	49	191	34294	1401	Invalidated	Some(ForceOvertake)	Some(32893)	Some(34294)	1404	level_view::provide_nest_candidate_events_ext/consolidation-pan -> feed_replay_bar(kind==Consolidation)
PanConsolidation/L1(lower=parser-Segment)	1	Long	32653	32702	33465	32820	Consolidation	33619	33619	33619	33586	154	121	33	34074	455	Invalidated	Some(ForceOvertake)	Some(33619)	Some(34074)	458	level_view::provide_nest_candidate_events_ext/consolidation-pan -> feed_replay_bar(kind==Consolidation)
PanConsolidation/L1(lower=parser-Segment)	1	Long	33111	33270	33670	33274	Consolidation	33862	33862	33862	33799	192	129	63	34073	211	Invalidated	Some(ForceOvertake)	Some(33862)	Some(34073)	214	level_view::provide_nest_candidate_events_ext/consolidation-pan -> feed_replay_bar(kind==Consolidation)
PanConsolidation/L1(lower=parser-Segment)	1	Long	33670	33799	33950	33274	Consolidation	34253	34253	34253	34061	303	111	192	99999	65746	Provisional	None	None	None	65747	level_view::provide_nest_candidate_events_ext/consolidation-pan -> feed_replay_bar(kind==Consolidation)
PanConsolidation/L1(lower=parser-Segment)	1	Long	35909	35993	36329	35687	Consolidation	36612	36612	36612	36550	283	221	62	36626	14	Invalidated	Some(IdentityVanished)	None	Some(36627)	16	level_view::provide_nest_candidate_events_ext/consolidation-pan -> feed_replay_bar(kind==Consolidation)
PanConsolidation/L1(lower=parser-Segment)	1	Long	36855	36914	37448	37210	Consolidation	37906	37906	37906	37885	458	437	21	99999	62093	Provisional	None	None	None	62094	level_view::provide_nest_candidate_events_ext/consolidation-pan -> feed_replay_bar(kind==Consolidation)
PanConsolidation/L1(lower=parser-Segment)	1	Long	37448	37609	38525	37803	Consolidation	38626	38626	38626	38564	101	39	62	38878	252	Invalidated	Some(ForceOvertake)	Some(38626)	Some(38878)	255	level_view::provide_nest_candidate_events_ext/consolidation-pan -> feed_replay_bar(kind==Consolidation)
PanConsolidation/L1(lower=parser-Segment)	1	Long	38640	38704	38983	38710	Consolidation	39348	39348	39348	39112	365	129	236	99999	60651	Provisional	None	None	None	60652	level_view::provide_nest_candidate_events_ext/consolidation-pan -> feed_replay_bar(kind==Consolidation)
PanConsolidation/L1(lower=parser-Segment)	1	Long	38640	38704	39277	38710	Consolidation	39348	39348	39348	39312	71	35	36	99999	60651	Provisional	None	None	None	60652	level_view::provide_nest_candidate_events_ext/consolidation-pan -> feed_replay_bar(kind==Consolidation)
PanConsolidation/L1(lower=parser-Segment)	1	Long	39277	39312	39984	39312	Consolidation	40117	40117	40117	40061	133	77	56	40443	326	Invalidated	Some(ForceOvertake)	Some(40117)	Some(40443)	329	level_view::provide_nest_candidate_events_ext/consolidation-pan -> feed_replay_bar(kind==Consolidation)
PanConsolidation/L1(lower=parser-Segment)	1	Long	39589	39655	40410	39984	Consolidation	40587	40587	40587	40517	177	107	70	99999	59412	Provisional	None	None	None	59413	level_view::provide_nest_candidate_events_ext/consolidation-pan -> feed_replay_bar(kind==Consolidation)
PanConsolidation/L1(lower=parser-Segment)	1	Long	41031	41100	41647	41169	Consolidation	41821	41821	41821	41697	174	50	124	42100	279	Invalidated	Some(ForceOvertake)	Some(41821)	Some(42100)	282	level_view::provide_nest_candidate_events_ext/consolidation-pan -> feed_replay_bar(kind==Consolidation)
PanConsolidation/L1(lower=parser-Segment)	1	Long	42190	42217	42998	42339	Consolidation	43244	43244	43244	43175	246	177	69	99999	56755	Provisional	None	None	None	56756	level_view::provide_nest_candidate_events_ext/consolidation-pan -> feed_replay_bar(kind==Consolidation)
PanConsolidation/L1(lower=parser-Segment)	1	Long	43855	44054	44611	44161	Consolidation	44765	44765	44765	44699	154	88	66	44774	9	Invalidated	Some(ForceOvertake)	Some(44765)	Some(44774)	12	level_view::provide_nest_candidate_events_ext/consolidation-pan -> feed_replay_bar(kind==Consolidation)
PanConsolidation/L1(lower=parser-Segment)	1	Long	46575	46813	47250	46896	Consolidation	47755	47755	47755	47691	505	441	64	99999	52244	Provisional	None	None	None	52245	level_view::provide_nest_candidate_events_ext/consolidation-pan -> feed_replay_bar(kind==Consolidation)
PanConsolidation/L1(lower=parser-Segment)	1	Long	47250	47691	47905	46896	Consolidation	48144	48144	48144	48054	239	149	90	49720	1576	Invalidated	Some(ForceOvertake)	Some(48144)	Some(49720)	1579	level_view::provide_nest_candidate_events_ext/consolidation-pan -> feed_replay_bar(kind==Consolidation)
PanConsolidation/L1(lower=parser-Segment)	1	Long	48739	48920	49448	48941	Consolidation	50024	50024	50024	49991	576	543	33	99999	49975	Provisional	None	None	None	49976	level_view::provide_nest_candidate_events_ext/consolidation-pan -> feed_replay_bar(kind==Consolidation)
PanConsolidation/L1(lower=parser-Segment)	1	Long	49448	49608	50559	49608	Consolidation	50781	50781	50781	50755	222	196	26	99999	49218	Provisional	None	None	None	49219	level_view::provide_nest_candidate_events_ext/consolidation-pan -> feed_replay_bar(kind==Consolidation)
PanConsolidation/L1(lower=parser-Segment)	1	Long	51029	51101	51723	51146	Consolidation	51850	51850	51850	51815	127	92	35	51894	44	Invalidated	Some(ForceOvertake)	Some(51850)	Some(51894)	47	level_view::provide_nest_candidate_events_ext/consolidation-pan -> feed_replay_bar(kind==Consolidation)
PanConsolidation/L1(lower=parser-Segment)	1	Long	51451	51560	52281	51723	Consolidation	52553	52553	52553	52430	272	149	123	56420	3867	Invalidated	Some(ForceOvertake)	Some(52553)	Some(56420)	3870	level_view::provide_nest_candidate_events_ext/consolidation-pan -> feed_replay_bar(kind==Consolidation)
PanConsolidation/L1(lower=parser-Segment)	1	Long	53637	53760	54297	53866	Consolidation	54415	54415	54415	54387	118	90	28	99999	45584	Provisional	None	None	None	45585	level_view::provide_nest_candidate_events_ext/consolidation-pan -> feed_replay_bar(kind==Consolidation)
PanConsolidation/L1(lower=parser-Segment)	1	Long	54297	54387	54696	54387	Consolidation	54773	54773	54773	54719	77	23	54	60475	5702	Invalidated	Some(ForceOvertake)	Some(54773)	Some(60475)	5705	level_view::provide_nest_candidate_events_ext/consolidation-pan -> feed_replay_bar(kind==Consolidation)
PanConsolidation/L1(lower=parser-Segment)	1	Long	54890	54957	55203	54963	Consolidation	55354	55354	55354	55270	151	67	84	56405	1051	Invalidated	Some(ForceOvertake)	Some(55354)	Some(56405)	1054	level_view::provide_nest_candidate_events_ext/consolidation-pan -> feed_replay_bar(kind==Consolidation)
PanConsolidation/L1(lower=parser-Segment)	1	Long	56471	56536	57205	56635	Consolidation	57536	57536	57536	57267	331	62	269	60442	2906	Invalidated	Some(ForceOvertake)	Some(57536)	Some(60442)	2909	level_view::provide_nest_candidate_events_ext/consolidation-pan -> feed_replay_bar(kind==Consolidation)
PanConsolidation/L1(lower=parser-Segment)	1	Long	57078	57133	57983	57133	Consolidation	58372	58372	58372	58234	389	251	138	99999	41627	Provisional	None	None	None	41628	level_view::provide_nest_candidate_events_ext/consolidation-pan -> feed_replay_bar(kind==Consolidation)
PanConsolidation/L1(lower=parser-Segment)	1	Long	57414	57531	58365	57677	Consolidation	58732	58732	58732	58709	367	344	23	99999	41267	Provisional	None	None	None	41268	level_view::provide_nest_candidate_events_ext/consolidation-pan -> feed_replay_bar(kind==Consolidation)
PanConsolidation/L1(lower=parser-Segment)	1	Long	59811	59873	60489	60105	Consolidation	60796	60796	60796	60715	307	226	81	99999	39203	Provisional	None	None	None	39204	level_view::provide_nest_candidate_events_ext/consolidation-pan -> feed_replay_bar(kind==Consolidation)
PanConsolidation/L1(lower=parser-Segment)	1	Long	63651	63789	64374	63877	Consolidation	64500	64500	64500	64459	126	85	41	64880	380	Invalidated	Some(ForceOvertake)	Some(64500)	Some(64880)	383	level_view::provide_nest_candidate_events_ext/consolidation-pan -> feed_replay_bar(kind==Consolidation)
PanConsolidation/L1(lower=parser-Segment)	1	Long	63984	64224	64847	64224	Consolidation	65002	65002	65002	64914	155	67	88	99999	34997	Provisional	None	None	None	34998	level_view::provide_nest_candidate_events_ext/consolidation-pan -> feed_replay_bar(kind==Consolidation)
PanConsolidation/L1(lower=parser-Segment)	1	Long	64374	64459	65017	64579	Consolidation	65145	65145	65145	65046	128	29	99	99999	34854	Provisional	None	None	None	34855	level_view::provide_nest_candidate_events_ext/consolidation-pan -> feed_replay_bar(kind==Consolidation)
PanConsolidation/L1(lower=parser-Segment)	1	Long	64847	64914	65017	64224	Consolidation	65102	65102	65102	65046	85	29	56	65144	42	Invalidated	Some(IdentityVanished)	Some(65102)	Some(65145)	45	level_view::provide_nest_candidate_events_ext/consolidation-pan -> feed_replay_bar(kind==Consolidation)
PanConsolidation/L1(lower=parser-Segment)	1	Long	64847	64914	65096	64944	Consolidation	65272	65272	65272	65211	176	115	61	67354	2082	Invalidated	Some(ForceOvertake)	Some(65272)	Some(67354)	2085	level_view::provide_nest_candidate_events_ext/consolidation-pan -> feed_replay_bar(kind==Consolidation)
PanConsolidation/L1(lower=parser-Segment)	1	Long	65844	66066	66433	66077	Consolidation	66981	66981	66981	66646	548	213	335	99999	33018	Provisional	None	None	None	33019	level_view::provide_nest_candidate_events_ext/consolidation-pan -> feed_replay_bar(kind==Consolidation)
PanConsolidation/L1(lower=parser-Segment)	1	Long	66205	66348	66433	65627	Consolidation	66720	66720	66720	66646	287	213	74	66934	214	Invalidated	Some(ForceOvertake)	Some(66720)	Some(66934)	217	level_view::provide_nest_candidate_events_ext/consolidation-pan -> feed_replay_bar(kind==Consolidation)
PanConsolidation/L1(lower=parser-Segment)	1	Long	66205	66348	66983	66433	Consolidation	67134	67134	67134	67110	151	127	24	67356	222	Invalidated	Some(ForceOvertake)	Some(67134)	Some(67356)	225	level_view::provide_nest_candidate_events_ext/consolidation-pan -> feed_replay_bar(kind==Consolidation)
PanConsolidation/L1(lower=parser-Segment)	1	Long	66433	66646	66897	66077	Consolidation	66981	66981	66981	66922	84	25	59	67359	378	Invalidated	Some(ForceOvertake)	Some(66981)	Some(67359)	381	level_view::provide_nest_candidate_events_ext/consolidation-pan -> feed_replay_bar(kind==Consolidation)
PanConsolidation/L1(lower=parser-Segment)	1	Long	66897	66922	67179	66937	Consolidation	67432	67432	67432	67371	253	192	61	99999	32567	Provisional	None	None	None	32568	level_view::provide_nest_candidate_events_ext/consolidation-pan -> feed_replay_bar(kind==Consolidation)
PanConsolidation/L1(lower=parser-Segment)	1	Long	68312	68503	69200	68030	Consolidation	69302	69302	69302	69269	102	69	33	99999	30697	Provisional	None	None	None	30698	level_view::provide_nest_candidate_events_ext/consolidation-pan -> feed_replay_bar(kind==Consolidation)
PanConsolidation/L1(lower=parser-Segment)	1	Long	68831	68906	69347	68917	Consolidation	69545	69545	69545	69503	198	156	42	70110	565	Invalidated	Some(ForceOvertake)	Some(69545)	Some(70110)	568	level_view::provide_nest_candidate_events_ext/consolidation-pan -> feed_replay_bar(kind==Consolidation)
PanConsolidation/L1(lower=parser-Segment)	1	Long	69347	69503	69669	68917	Consolidation	69855	69855	69855	69793	186	124	62	70105	250	Invalidated	Some(ForceOvertake)	Some(69855)	Some(70105)	253	level_view::provide_nest_candidate_events_ext/consolidation-pan -> feed_replay_bar(kind==Consolidation)
PanConsolidation/L1(lower=parser-Segment)	1	Long	69669	69793	70351	69803	Consolidation	70480	70480	70480	70393	129	42	87	99999	29519	Provisional	None	None	None	29520	level_view::provide_nest_candidate_events_ext/consolidation-pan -> feed_replay_bar(kind==Consolidation)
PanConsolidation/L1(lower=parser-Segment)	1	Long	71911	72061	72828	72264	Consolidation	73048	73048	73048	72926	220	98	122	99999	26951	Provisional	None	None	None	26952	level_view::provide_nest_candidate_events_ext/consolidation-pan -> feed_replay_bar(kind==Consolidation)
PanConsolidation/L1(lower=parser-Segment)	1	Long	72264	72328	72540	71812	Consolidation	72832	72832	72832	72778	292	238	54	72886	54	Invalidated	Some(ForceOvertake)	Some(72832)	Some(72886)	57	level_view::provide_nest_candidate_events_ext/consolidation-pan -> feed_replay_bar(kind==Consolidation)
PanConsolidation/L1(lower=parser-Segment)	1	Long	73001	73107	73336	72778	Consolidation	73511	73511	73511	73462	175	126	49	99999	26488	Provisional	None	None	None	26489	level_view::provide_nest_candidate_events_ext/consolidation-pan -> feed_replay_bar(kind==Consolidation)
PanConsolidation/L1(lower=parser-Segment)	1	Long	73001	73107	73719	73336	Consolidation	73990	73990	73990	73947	271	228	43	99999	26009	Provisional	None	None	None	26010	level_view::provide_nest_candidate_events_ext/consolidation-pan -> feed_replay_bar(kind==Consolidation)
PanConsolidation/L1(lower=parser-Segment)	1	Long	77983	78026	78696	78138	Consolidation	78943	78943	78943	78751	247	55	192	80493	1550	Invalidated	Some(ForceOvertake)	Some(78943)	Some(80493)	1553	level_view::provide_nest_candidate_events_ext/consolidation-pan -> feed_replay_bar(kind==Consolidation)
PanConsolidation/L1(lower=parser-Segment)	1	Long	81914	81970	82679	82180	Consolidation	82737	82737	82737	82697	58	18	40	84520	1783	Invalidated	Some(ForceOvertake)	Some(82737)	Some(84520)	1786	level_view::provide_nest_candidate_events_ext/consolidation-pan -> feed_replay_bar(kind==Consolidation)
PanConsolidation/L1(lower=parser-Segment)	1	Long	83682	84011	84752	84283	Consolidation	84841	84841	84841	84815	89	63	26	99999	15158	Provisional	None	None	None	15159	level_view::provide_nest_candidate_events_ext/consolidation-pan -> feed_replay_bar(kind==Consolidation)
PanConsolidation/L1(lower=parser-Segment)	1	Long	84446	84552	85365	84752	Consolidation	85565	85565	85565	85533	200	168	32	85805	240	Invalidated	Some(IdentityVanished)	Some(85565)	Some(85806)	243	level_view::provide_nest_candidate_events_ext/consolidation-pan -> feed_replay_bar(kind==Consolidation)
PanConsolidation/L1(lower=parser-Segment)	1	Long	86365	86470	86812	85727	Consolidation	86879	86879	86879	86828	67	16	51	87022	143	Invalidated	Some(IdentityVanished)	Some(86879)	Some(87023)	146	level_view::provide_nest_candidate_events_ext/consolidation-pan -> feed_replay_bar(kind==Consolidation)
PanConsolidation/L1(lower=parser-Segment)	1	Long	86365	86470	86977	86483	Consolidation	87433	87433	87433	87383	456	406	50	99999	12566	Provisional	None	None	None	12567	level_view::provide_nest_candidate_events_ext/consolidation-pan -> feed_replay_bar(kind==Consolidation)
PanConsolidation/L1(lower=parser-Segment)	1	Long	86977	87258	87502	87299	Consolidation	87561	87561	87561	87526	59	24	35	87759	198	Invalidated	Some(ForceOvertake)	Some(87561)	Some(87759)	201	level_view::provide_nest_candidate_events_ext/consolidation-pan -> feed_replay_bar(kind==Consolidation)
PanConsolidation/L1(lower=parser-Segment)	1	Long	87318	87383	87721	87502	Consolidation	88115	88115	88115	87907	394	186	208	99999	11884	Provisional	None	None	None	11885	level_view::provide_nest_candidate_events_ext/consolidation-pan -> feed_replay_bar(kind==Consolidation)
PanConsolidation/L1(lower=parser-Segment)	1	Long	87502	87526	87721	87299	Consolidation	87954	87954	87954	87907	233	186	47	88114	160	Invalidated	Some(IdentityVanished)	None	Some(88115)	162	level_view::provide_nest_candidate_events_ext/consolidation-pan -> feed_replay_bar(kind==Consolidation)
PanConsolidation/L1(lower=parser-Segment)	1	Long	87585	87663	88069	87663	Consolidation	88205	88205	88205	88150	136	81	55	88629	424	Invalidated	Some(ForceOvertake)	Some(88205)	Some(88629)	427	level_view::provide_nest_candidate_events_ext/consolidation-pan -> feed_replay_bar(kind==Consolidation)
PanConsolidation/L1(lower=parser-Segment)	1	Long	88245	88272	88394	88272	Consolidation	88480	88480	88480	88438	86	44	42	99999	11519	Provisional	None	None	None	11520	level_view::provide_nest_candidate_events_ext/consolidation-pan -> feed_replay_bar(kind==Consolidation)
PanConsolidation/L1(lower=parser-Segment)	1	Long	88303	88355	88724	88394	Consolidation	88860	88860	88860	88790	136	66	70	99999	11139	Provisional	None	None	None	11140	level_view::provide_nest_candidate_events_ext/consolidation-pan -> feed_replay_bar(kind==Consolidation)
PanConsolidation/L1(lower=parser-Segment)	1	Long	88394	88438	88522	88272	Consolidation	88738	88738	88738	88608	216	86	130	99999	11261	Provisional	None	None	None	11262	level_view::provide_nest_candidate_events_ext/consolidation-pan -> feed_replay_bar(kind==Consolidation)
PanConsolidation/L1(lower=parser-Segment)	1	Long	91581	91665	92006	91680	Consolidation	92219	92219	92219	92179	213	173	40	92339	120	Invalidated	Some(ForceOvertake)	Some(92219)	Some(92339)	123	level_view::provide_nest_candidate_events_ext/consolidation-pan -> feed_replay_bar(kind==Consolidation)
PanConsolidation/L1(lower=parser-Segment)	1	Long	93266	93474	93934	92948	Consolidation	94113	94113	94113	94093	179	159	20	99999	5886	Provisional	None	None	None	5887	level_view::provide_nest_candidate_events_ext/consolidation-pan -> feed_replay_bar(kind==Consolidation)
PanConsolidation/L1(lower=parser-Segment)	1	Long	93934	93956	94447	93994	Consolidation	94693	94693	94693	94510	246	63	183	99999	5306	Provisional	None	None	None	5307	level_view::provide_nest_candidate_events_ext/consolidation-pan -> feed_replay_bar(kind==Consolidation)
PanConsolidation/L1(lower=parser-Segment)	1	Long	94074	94093	94590	94164	Consolidation	94788	94788	94788	94635	198	45	153	99999	5211	Provisional	None	None	None	5212	level_view::provide_nest_candidate_events_ext/consolidation-pan -> feed_replay_bar(kind==Consolidation)
PanConsolidation/L1(lower=parser-Segment)	1	Long	94447	94510	95144	94590	Consolidation	95303	95303	95303	95283	159	139	20	95519	216	Invalidated	Some(ForceOvertake)	Some(95303)	Some(95519)	219	level_view::provide_nest_candidate_events_ext/consolidation-pan -> feed_replay_bar(kind==Consolidation)
PanConsolidation/L1(lower=parser-Segment)	1	Long	95794	95826	96153	95826	Consolidation	96393	96393	96393	96280	240	127	113	99999	3606	Provisional	None	None	None	3607	level_view::provide_nest_candidate_events_ext/consolidation-pan -> feed_replay_bar(kind==Consolidation)
PanConsolidation/L1(lower=parser-Segment)	1	Long	96500	96581	97252	96703	Consolidation	97446	97446	97446	97379	194	127	67	99999	2553	Provisional	None	None	None	2554	level_view::provide_nest_candidate_events_ext/consolidation-pan -> feed_replay_bar(kind==Consolidation)
PanConsolidation/L1(lower=parser-Segment)	1	Long	97919	97940	98095	97660	Consolidation	98365	98365	98365	98278	270	183	87	99999	1634	Provisional	None	None	None	1635	level_view::provide_nest_candidate_events_ext/consolidation-pan -> feed_replay_bar(kind==Consolidation)
PanConsolidation/L1(lower=parser-Segment)	1	Long	98095	98278	98664	97660	Consolidation	98929	98929	98929	98878	265	214	51	99999	1070	Provisional	None	None	None	1071	level_view::provide_nest_candidate_events_ext/consolidation-pan -> feed_replay_bar(kind==Consolidation)
PanConsolidation/L1(lower=parser-Segment)	1	Short	1205	1334	1727	1352	Consolidation	1909	1909	1909	1852	182	125	57	2046	137	Invalidated	Some(IdentityVanished)	Some(1909)	Some(2047)	140	level_view::provide_nest_candidate_events_ext/consolidation-pan -> feed_replay_bar(kind==Consolidation)
PanConsolidation/L1(lower=parser-Segment)	1	Short	2460	2551	2915	2551	Consolidation	3288	3288	3288	3015	373	100	273	7077	3789	Invalidated	Some(ForceOvertake)	Some(3288)	Some(7077)	3792	level_view::provide_nest_candidate_events_ext/consolidation-pan -> feed_replay_bar(kind==Consolidation)
PanConsolidation/L1(lower=parser-Segment)	1	Short	3064	3223	4184	3223	Consolidation	4479	4479	4479	4394	295	210	85	7076	2597	Invalidated	Some(ForceOvertake)	Some(4479)	Some(7076)	2600	level_view::provide_nest_candidate_events_ext/consolidation-pan -> feed_replay_bar(kind==Consolidation)
PanConsolidation/L1(lower=parser-Segment)	1	Short	3351	3411	4756	3484	Consolidation	5170	5170	5170	5119	414	363	51	7356	2186	Invalidated	Some(ForceOvertake)	Some(5170)	Some(7356)	2189	level_view::provide_nest_candidate_events_ext/consolidation-pan -> feed_replay_bar(kind==Consolidation)
PanConsolidation/L1(lower=parser-Segment)	1	Short	6747	6784	6854	5909	Consolidation	6928	6928	6928	6897	74	43	31	7033	105	Invalidated	Some(ForceOvertake)	Some(6928)	Some(7033)	108	level_view::provide_nest_candidate_events_ext/consolidation-pan -> feed_replay_bar(kind==Consolidation)
PanConsolidation/L1(lower=parser-Segment)	1	Short	9726	9804	10051	9400	Consolidation	10590	10590	10590	10549	539	498	41	10715	125	Invalidated	Some(ForceOvertake)	Some(10590)	Some(10715)	128	level_view::provide_nest_candidate_events_ext/consolidation-pan -> feed_replay_bar(kind==Consolidation)
PanConsolidation/L1(lower=parser-Segment)	1	Short	10051	10115	10640	10235	Consolidation	11098	11098	11098	11043	458	403	55	11188	90	Invalidated	Some(ForceOvertake)	Some(11098)	Some(11188)	93	level_view::provide_nest_candidate_events_ext/consolidation-pan -> feed_replay_bar(kind==Consolidation)
PanConsolidation/L1(lower=parser-Segment)	1	Short	10640	10672	11096	10750	Consolidation	11257	11257	11257	11233	161	137	24	99999	88742	Provisional	None	None	None	88743	level_view::provide_nest_candidate_events_ext/consolidation-pan -> feed_replay_bar(kind==Consolidation)
PanConsolidation/L1(lower=parser-Segment)	1	Short	13291	13892	13908	12513	Consolidation	14226	14226	14226	14170	318	262	56	17859	3633	Invalidated	Some(ForceOvertake)	Some(14226)	Some(17859)	3636	level_view::provide_nest_candidate_events_ext/consolidation-pan -> feed_replay_bar(kind==Consolidation)
PanConsolidation/L1(lower=parser-Segment)	1	Short	13908	14170	14955	14193	Consolidation	15445	15445	15445	15402	490	447	43	15448	3	Invalidated	Some(IdentityVanished)	None	Some(15449)	5	level_view::provide_nest_candidate_events_ext/consolidation-pan -> feed_replay_bar(kind==Consolidation)
PanConsolidation/L1(lower=parser-Segment)	1	Short	13908	14170	15441	14193	Consolidation	15789	15789	15789	15738	348	297	51	15969	180	Invalidated	Some(ForceOvertake)	Some(15789)	Some(15969)	183	level_view::provide_nest_candidate_events_ext/consolidation-pan -> feed_replay_bar(kind==Consolidation)
PanConsolidation/L1(lower=parser-Segment)	1	Short	14389	14567	15441	14709	Consolidation	15984	15984	15984	15738	543	297	246	99999	84015	Provisional	None	None	None	84016	level_view::provide_nest_candidate_events_ext/consolidation-pan -> feed_replay_bar(kind==Consolidation)
PanConsolidation/L1(lower=parser-Segment)	1	Short	16182	16275	16724	16283	Consolidation	16903	16903	16903	16863	179	139	40	17861	958	Invalidated	Some(ForceOvertake)	Some(16903)	Some(17861)	961	level_view::provide_nest_candidate_events_ext/consolidation-pan -> feed_replay_bar(kind==Consolidation)
PanConsolidation/L1(lower=parser-Segment)	1	Short	16372	16599	17170	16724	Consolidation	17447	17447	17447	17255	277	85	192	99999	82552	Provisional	None	None	None	82553	level_view::provide_nest_candidate_events_ext/consolidation-pan -> feed_replay_bar(kind==Consolidation)
PanConsolidation/L1(lower=parser-Segment)	1	Short	16724	16863	16968	16283	Consolidation	17103	17103	17103	17018	135	50	85	17244	141	Invalidated	Some(ForceOvertake)	Some(17103)	Some(17244)	144	level_view::provide_nest_candidate_events_ext/consolidation-pan -> feed_replay_bar(kind==Consolidation)
PanConsolidation/L1(lower=parser-Segment)	1	Short	16968	17018	17170	16283	Consolidation	17297	17297	17297	17255	127	85	42	17446	149	Invalidated	Some(IdentityVanished)	None	Some(17447)	151	level_view::provide_nest_candidate_events_ext/consolidation-pan -> feed_replay_bar(kind==Consolidation)
PanConsolidation/L1(lower=parser-Segment)	1	Short	16968	17018	17399	17031	Consolidation	17512	17512	17512	17446	113	47	66	17734	222	Invalidated	Some(ForceOvertake)	Some(17512)	Some(17734)	225	level_view::provide_nest_candidate_events_ext/consolidation-pan -> feed_replay_bar(kind==Consolidation)
PanConsolidation/L1(lower=parser-Segment)	1	Short	17170	17255	17785	17399	Consolidation	18044	18044	18044	18007	259	222	37	99999	81955	Provisional	None	None	None	81956	level_view::provide_nest_candidate_events_ext/consolidation-pan -> feed_replay_bar(kind==Consolidation)
PanConsolidation/L1(lower=parser-Segment)	1	Short	17514	17581	18390	17785	Consolidation	18485	18485	18485	18447	95	57	38	18863	378	Invalidated	Some(ForceOvertake)	Some(18485)	Some(18863)	381	level_view::provide_nest_candidate_events_ext/consolidation-pan -> feed_replay_bar(kind==Consolidation)
PanConsolidation/L1(lower=parser-Segment)	1	Short	18101	18210	18648	18390	Consolidation	18893	18893	18893	18868	245	220	25	99999	81106	Provisional	None	None	None	81107	level_view::provide_nest_candidate_events_ext/consolidation-pan -> feed_replay_bar(kind==Consolidation)
PanConsolidation/L1(lower=parser-Segment)	1	Short	19682	19769	19830	19170	Consolidation	19911	19911	19911	19855	81	25	56	20561	650	Invalidated	Some(ForceOvertake)	Some(19911)	Some(20561)	653	level_view::provide_nest_candidate_events_ext/consolidation-pan -> feed_replay_bar(kind==Consolidation)
PanConsolidation/L1(lower=parser-Segment)	1	Short	19830	19855	20048	19170	Consolidation	20146	20146	20146	20105	98	57	41	20225	79	Invalidated	Some(ForceOvertake)	Some(20146)	Some(20225)	82	level_view::provide_nest_candidate_events_ext/consolidation-pan -> feed_replay_bar(kind==Consolidation)
PanConsolidation/L1(lower=parser-Segment)	1	Short	19830	19855	20356	20048	Consolidation	20496	20496	20496	20452	140	96	44	99999	79503	Provisional	None	None	None	79504	level_view::provide_nest_candidate_events_ext/consolidation-pan -> feed_replay_bar(kind==Consolidation)
PanConsolidation/L1(lower=parser-Segment)	1	Short	20356	20452	20613	20048	Consolidation	20720	20720	20720	20668	107	55	52	21033	313	Invalidated	Some(ForceOvertake)	Some(20720)	Some(21033)	316	level_view::provide_nest_candidate_events_ext/consolidation-pan -> feed_replay_bar(kind==Consolidation)
PanConsolidation/L1(lower=parser-Segment)	1	Short	22251	22312	22830	22524	Consolidation	22912	22912	22912	22889	82	59	23	99999	77087	Provisional	None	None	None	77088	level_view::provide_nest_candidate_events_ext/consolidation-pan -> feed_replay_bar(kind==Consolidation)
PanConsolidation/L1(lower=parser-Segment)	1	Short	23560	23825	24334	23954	Consolidation	24617	24617	24617	24543	283	209	74	25120	503	Invalidated	Some(ForceOvertake)	Some(24617)	Some(25120)	506	level_view::provide_nest_candidate_events_ext/consolidation-pan -> feed_replay_bar(kind==Consolidation)
PanConsolidation/L1(lower=parser-Segment)	1	Short	24931	24965	25346	25090	Consolidation	25544	25544	25544	25412	198	66	132	99999	74455	Provisional	None	None	None	74456	level_view::provide_nest_candidate_events_ext/consolidation-pan -> feed_replay_bar(kind==Consolidation)
PanConsolidation/L1(lower=parser-Segment)	1	Short	25200	25295	25520	25303	Consolidation	25953	25953	25953	25543	433	23	410	26207	254	Invalidated	Some(ForceOvertake)	Some(25953)	Some(26207)	257	level_view::provide_nest_candidate_events_ext/consolidation-pan -> feed_replay_bar(kind==Consolidation)
PanConsolidation/L1(lower=parser-Segment)	1	Short	27008	27177	27762	27250	Consolidation	27940	27940	27940	27872	178	110	68	99999	72059	Provisional	None	None	None	72060	level_view::provide_nest_candidate_events_ext/consolidation-pan -> feed_replay_bar(kind==Consolidation)
PanConsolidation/L1(lower=parser-Segment)	1	Short	27455	27633	27905	27633	Consolidation	28351	28351	28351	28179	446	274	172	99999	71648	Provisional	None	None	None	71649	level_view::provide_nest_candidate_events_ext/consolidation-pan -> feed_replay_bar(kind==Consolidation)
PanConsolidation/L1(lower=parser-Segment)	1	Short	29393	29456	30062	29481	Consolidation	30224	30224	30224	30165	162	103	59	99999	69775	Provisional	None	None	None	69776	level_view::provide_nest_candidate_events_ext/consolidation-pan -> feed_replay_bar(kind==Consolidation)
PanConsolidation/L1(lower=parser-Segment)	1	Short	29707	29753	30228	29852	Consolidation	30294	30294	30294	30266	66	38	28	30949	655	Invalidated	Some(ForceOvertake)	Some(30294)	Some(30949)	658	level_view::provide_nest_candidate_events_ext/consolidation-pan -> feed_replay_bar(kind==Consolidation)
PanConsolidation/L1(lower=parser-Segment)	1	Short	30062	30165	30441	30193	Consolidation	30590	30590	30590	30566	149	125	24	99999	69409	Provisional	None	None	None	69410	level_view::provide_nest_candidate_events_ext/consolidation-pan -> feed_replay_bar(kind==Consolidation)
PanConsolidation/L1(lower=parser-Segment)	1	Short	32091	32117	32475	32117	Consolidation	32893	32893	32893	32644	418	169	249	99999	67106	Provisional	None	None	None	67107	level_view::provide_nest_candidate_events_ext/consolidation-pan -> feed_replay_bar(kind==Consolidation)
PanConsolidation/L1(lower=parser-Segment)	1	Short	32165	32356	32855	32475	Consolidation	33261	33261	33261	33111	406	256	150	34331	1070	Invalidated	Some(ForceOvertake)	Some(33261)	Some(34331)	1073	level_view::provide_nest_candidate_events_ext/consolidation-pan -> feed_replay_bar(kind==Consolidation)
PanConsolidation/L1(lower=parser-Segment)	1	Short	35993	36075	36254	35687	Consolidation	36373	36373	36373	36320	119	66	53	36680	307	Invalidated	Some(ForceOvertake)	Some(36373)	Some(36680)	310	level_view::provide_nest_candidate_events_ext/consolidation-pan -> feed_replay_bar(kind==Consolidation)
PanConsolidation/L1(lower=parser-Segment)	1	Short	36254	36320	36914	36413	Consolidation	37288	37288	37288	37195	374	281	93	99999	62711	Provisional	None	None	None	62712	level_view::provide_nest_candidate_events_ext/consolidation-pan -> feed_replay_bar(kind==Consolidation)
PanConsolidation/L1(lower=parser-Segment)	1	Short	38907	38983	39312	38983	Consolidation	39648	39648	39648	39574	336	262	74	99999	60351	Provisional	None	None	None	60352	level_view::provide_nest_candidate_events_ext/consolidation-pan -> feed_replay_bar(kind==Consolidation)
PanConsolidation/L1(lower=parser-Segment)	1	Short	39312	39574	39663	38983	Consolidation	40029	40029	40029	39984	366	321	45	40389	360	Invalidated	Some(ForceOvertake)	Some(40029)	Some(40389)	363	level_view::provide_nest_candidate_events_ext/consolidation-pan -> feed_replay_bar(kind==Consolidation)
PanConsolidation/L1(lower=parser-Segment)	1	Short	41204	41243	41922	41414	Consolidation	42067	42067	42067	42035	145	113	32	99999	57932	Provisional	None	None	None	57933	level_view::provide_nest_candidate_events_ext/consolidation-pan -> feed_replay_bar(kind==Consolidation)
PanConsolidation/L1(lower=parser-Segment)	1	Short	42239	42315	42759	42339	Consolidation	42898	42898	42898	42841	139	82	57	99999	57101	Provisional	None	None	None	57102	level_view::provide_nest_candidate_events_ext/consolidation-pan -> feed_replay_bar(kind==Consolidation)
PanConsolidation/L1(lower=parser-Segment)	1	Short	42239	42315	42928	42339	Consolidation	43244	43244	43244	42998	316	70	246	43397	153	Invalidated	Some(ForceOvertake)	Some(43244)	Some(43397)	156	level_view::provide_nest_candidate_events_ext/consolidation-pan -> feed_replay_bar(kind==Consolidation)
PanConsolidation/L1(lower=parser-Segment)	1	Short	42239	42315	43341	42339	Consolidation	43441	43441	43441	43397	100	56	44	99999	56558	Provisional	None	None	None	56559	level_view::provide_nest_candidate_events_ext/consolidation-pan -> feed_replay_bar(kind==Consolidation)
PanConsolidation/L1(lower=parser-Segment)	1	Short	44699	44801	45108	44825	Consolidation	45396	45396	45396	45356	288	248	40	45835	439	Invalidated	Some(ForceOvertake)	Some(45396)	Some(45835)	442	level_view::provide_nest_candidate_events_ext/consolidation-pan -> feed_replay_bar(kind==Consolidation)
PanConsolidation/L1(lower=parser-Segment)	1	Short	48568	48736	48920	48081	Consolidation	49380	49380	49380	49320	460	400	60	99999	50619	Provisional	None	None	None	50620	level_view::provide_nest_candidate_events_ext/consolidation-pan -> feed_replay_bar(kind==Consolidation)
PanConsolidation/L1(lower=parser-Segment)	1	Short	50905	51004	51565	51146	Consolidation	51752	51752	51752	51723	187	158	29	52039	287	Invalidated	Some(ForceOvertake)	Some(51752)	Some(52039)	290	level_view::provide_nest_candidate_events_ext/consolidation-pan -> feed_replay_bar(kind==Consolidation)
PanConsolidation/L1(lower=parser-Segment)	1	Short	51815	51955	52639	52121	Consolidation	52881	52881	52881	52815	242	176	66	55645	2764	Invalidated	Some(ForceOvertake)	Some(52881)	Some(55645)	2767	level_view::provide_nest_candidate_events_ext/consolidation-pan -> feed_replay_bar(kind==Consolidation)
PanConsolidation/L1(lower=parser-Segment)	1	Short	52475	52545	52841	52545	Consolidation	53073	53073	53073	52957	232	116	116	99999	46926	Provisional	None	None	None	46927	level_view::provide_nest_candidate_events_ext/consolidation-pan -> feed_replay_bar(kind==Consolidation)
PanConsolidation/L1(lower=parser-Segment)	1	Short	53182	53263	53936	53427	Consolidation	54173	54173	54173	53994	237	58	179	99999	45826	Provisional	None	None	None	45827	level_view::provide_nest_candidate_events_ext/consolidation-pan -> feed_replay_bar(kind==Consolidation)
PanConsolidation/L1(lower=parser-Segment)	1	Short	54481	54652	54963	54696	Consolidation	55219	55219	55219	55030	256	67	189	55257	38	Invalidated	Some(ForceOvertake)	Some(55219)	Some(55257)	41	level_view::provide_nest_candidate_events_ext/consolidation-pan -> feed_replay_bar(kind==Consolidation)
PanConsolidation/L1(lower=parser-Segment)	1	Short	54481	54652	55137	54696	Consolidation	55219	55219	55219	55193	82	56	26	55427	208	Invalidated	Some(ForceOvertake)	Some(55219)	Some(55427)	211	level_view::provide_nest_candidate_events_ext/consolidation-pan -> feed_replay_bar(kind==Consolidation)
PanConsolidation/L1(lower=parser-Segment)	1	Short	55137	55193	55578	55203	Consolidation	55845	55845	55845	55820	267	242	25	99999	44154	Provisional	None	None	None	44155	level_view::provide_nest_candidate_events_ext/consolidation-pan -> feed_replay_bar(kind==Consolidation)
PanConsolidation/L1(lower=parser-Segment)	1	Short	55578	55632	56072	55659	Consolidation	56300	56300	56300	56180	228	108	120	99999	43699	Provisional	None	None	None	43700	level_view::provide_nest_candidate_events_ext/consolidation-pan -> feed_replay_bar(kind==Consolidation)
PanConsolidation/L1(lower=parser-Segment)	1	Short	56072	56180	56425	55659	Consolidation	56510	56510	56510	56457	85	32	53	56618	108	Invalidated	Some(ForceOvertake)	Some(56510)	Some(56618)	111	level_view::provide_nest_candidate_events_ext/consolidation-pan -> feed_replay_bar(kind==Consolidation)
PanConsolidation/L1(lower=parser-Segment)	1	Short	56544	56635	57133	56635	Consolidation	57536	57536	57536	57205	403	72	331	99999	42463	Provisional	None	None	None	42464	level_view::provide_nest_candidate_events_ext/consolidation-pan -> feed_replay_bar(kind==Consolidation)
PanConsolidation/L1(lower=parser-Segment)	1	Short	56839	57052	57531	57133	Consolidation	58022	58022	58022	57983	491	452	39	99999	41977	Provisional	None	None	None	41978	level_view::provide_nest_candidate_events_ext/consolidation-pan -> feed_replay_bar(kind==Consolidation)
PanConsolidation/L1(lower=parser-Segment)	1	Short	57531	57657	58709	57677	Consolidation	58942	58942	58942	58899	233	190	43	58994	52	Invalidated	Some(ForceOvertake)	Some(58942)	Some(58994)	55	level_view::provide_nest_candidate_events_ext/consolidation-pan -> feed_replay_bar(kind==Consolidation)
PanConsolidation/L1(lower=parser-Segment)	1	Short	58709	58899	59453	58899	Consolidation	59541	59541	59541	59517	88	64	24	99999	40458	Provisional	None	None	None	40459	level_view::provide_nest_candidate_events_ext/consolidation-pan -> feed_replay_bar(kind==Consolidation)
PanConsolidation/L1(lower=parser-Segment)	1	Short	61023	61090	61825	61440	Consolidation	62059	62059	62059	62036	234	211	23	99999	37940	Provisional	None	None	None	37941	level_view::provide_nest_candidate_events_ext/consolidation-pan -> feed_replay_bar(kind==Consolidation)
PanConsolidation/L1(lower=parser-Segment)	1	Short	65046	65096	65356	65096	Consolidation	65488	65488	65488	65448	132	92	40	99999	34511	Provisional	None	None	None	34512	level_view::provide_nest_candidate_events_ext/consolidation-pan -> feed_replay_bar(kind==Consolidation)
PanConsolidation/L1(lower=parser-Segment)	1	Short	65356	65376	65516	65096	Consolidation	65568	65568	65568	65537	52	21	31	99999	34431	Provisional	None	None	None	34432	level_view::provide_nest_candidate_events_ext/consolidation-pan -> feed_replay_bar(kind==Consolidation)
PanConsolidation/L1(lower=parser-Segment)	1	Short	65575	65618	66077	65627	Consolidation	66281	66281	66281	66190	204	113	91	99999	33718	Provisional	None	None	None	33719	level_view::provide_nest_candidate_events_ext/consolidation-pan -> feed_replay_bar(kind==Consolidation)
PanConsolidation/L1(lower=parser-Segment)	1	Short	66077	66190	66368	65627	Consolidation	66513	66513	66513	66459	145	91	54	66719	206	Invalidated	Some(IdentityVanished)	None	Some(66720)	208	level_view::provide_nest_candidate_events_ext/consolidation-pan -> feed_replay_bar(kind==Consolidation)
PanConsolidation/L1(lower=parser-Segment)	1	Short	66368	66410	67110	66433	Consolidation	67210	67210	67210	67179	100	69	31	67403	193	Invalidated	Some(ForceOvertake)	Some(67210)	Some(67403)	196	level_view::provide_nest_candidate_events_ext/consolidation-pan -> feed_replay_bar(kind==Consolidation)
PanConsolidation/L1(lower=parser-Segment)	1	Short	67810	67871	68505	68030	Consolidation	68867	68867	68867	68825	362	320	42	99999	31132	Provisional	None	None	None	31133	level_view::provide_nest_candidate_events_ext/consolidation-pan -> feed_replay_bar(kind==Consolidation)
PanConsolidation/L1(lower=parser-Segment)	1	Short	69279	69347	69803	69347	Consolidation	70395	70395	70395	69888	592	85	507	70449	54	Invalidated	Some(ForceOvertake)	Some(70395)	Some(70449)	57	level_view::provide_nest_candidate_events_ext/consolidation-pan -> feed_replay_bar(kind==Consolidation)
PanConsolidation/L1(lower=parser-Segment)	1	Short	69279	69347	69999	69347	Consolidation	70395	70395	70395	70322	396	323	73	70449	54	Invalidated	Some(ForceOvertake)	Some(70395)	Some(70449)	57	level_view::provide_nest_candidate_events_ext/consolidation-pan -> feed_replay_bar(kind==Consolidation)
PanConsolidation/L1(lower=parser-Segment)	1	Short	69525	69669	69803	68917	Consolidation	69971	69971	69971	69888	168	85	83	70189	218	Invalidated	Some(ForceOvertake)	Some(69971)	Some(70189)	221	level_view::provide_nest_candidate_events_ext/consolidation-pan -> feed_replay_bar(kind==Consolidation)
PanConsolidation/L1(lower=parser-Segment)	1	Short	69525	69669	70396	69803	Consolidation	70794	70794	70794	70632	398	236	162	99999	29205	Provisional	None	None	None	29206	level_view::provide_nest_candidate_events_ext/consolidation-pan -> feed_replay_bar(kind==Consolidation)
PanConsolidation/L1(lower=parser-Segment)	1	Short	69999	70322	71123	70396	Consolidation	71239	71239	71239	71195	116	72	44	71698	459	Invalidated	Some(ForceOvertake)	Some(71239)	Some(71698)	462	level_view::provide_nest_candidate_events_ext/consolidation-pan -> feed_replay_bar(kind==Consolidation)
PanConsolidation/L1(lower=parser-Segment)	1	Short	69999	70322	71236	70396	Consolidation	71333	71333	71333	71266	97	30	67	71447	114	Invalidated	Some(IdentityVanished)	Some(71333)	Some(71448)	117	level_view::provide_nest_candidate_events_ext/consolidation-pan -> feed_replay_bar(kind==Consolidation)
PanConsolidation/L1(lower=parser-Segment)	1	Short	70784	71033	71236	71033	Consolidation	71448	71448	71448	71266	212	30	182	72210	762	Invalidated	Some(ForceOvertake)	Some(71448)	Some(72210)	765	level_view::provide_nest_candidate_events_ext/consolidation-pan -> feed_replay_bar(kind==Consolidation)
PanConsolidation/L1(lower=parser-Segment)	1	Short	71236	71266	71341	71033	Consolidation	71448	71448	71448	71416	107	75	32	99999	28551	Provisional	None	None	None	28552	level_view::provide_nest_candidate_events_ext/consolidation-pan -> feed_replay_bar(kind==Consolidation)
PanConsolidation/L1(lower=parser-Segment)	1	Short	71341	71416	71812	71423	Consolidation	71938	71938	71938	71911	126	99	27	72079	141	Invalidated	Some(ForceOvertake)	Some(71938)	Some(72079)	144	level_view::provide_nest_candidate_events_ext/consolidation-pan -> feed_replay_bar(kind==Consolidation)
PanConsolidation/L1(lower=parser-Segment)	1	Short	73632	73719	73947	73336	Consolidation	74355	74355	74355	74304	408	357	51	74355	0	Invalidated	Some(IdentityVanished)	None	Some(74356)	2	level_view::provide_nest_candidate_events_ext/consolidation-pan -> feed_replay_bar(kind==Consolidation)
PanConsolidation/L1(lower=parser-Segment)	1	Short	73947	74040	74526	74053	Consolidation	74698	74698	74698	74621	172	95	77	99999	25301	Provisional	None	None	None	25302	level_view::provide_nest_candidate_events_ext/consolidation-pan -> feed_replay_bar(kind==Consolidation)
PanConsolidation/L1(lower=parser-Segment)	1	Short	74348	74384	74748	74488	Consolidation	75303	75303	75303	74874	555	126	429	99999	24696	Provisional	None	None	None	24697	level_view::provide_nest_candidate_events_ext/consolidation-pan -> feed_replay_bar(kind==Consolidation)
PanConsolidation/L1(lower=parser-Segment)	1	Short	74526	74621	74748	74053	Consolidation	74920	74920	74920	74874	172	126	46	75302	382	Invalidated	Some(IdentityVanished)	None	Some(75303)	384	level_view::provide_nest_candidate_events_ext/consolidation-pan -> feed_replay_bar(kind==Consolidation)
PanConsolidation/L1(lower=parser-Segment)	1	Short	74526	74621	75281	74621	Consolidation	75534	75534	75534	75470	253	189	64	99999	24465	Provisional	None	None	None	24466	level_view::provide_nest_candidate_events_ext/consolidation-pan -> feed_replay_bar(kind==Consolidation)
PanConsolidation/L1(lower=parser-Segment)	1	Short	75916	75979	76474	76060	Consolidation	76874	76874	76874	76706	400	232	168	99999	23125	Provisional	None	None	None	23126	level_view::provide_nest_candidate_events_ext/consolidation-pan -> feed_replay_bar(kind==Consolidation)
PanConsolidation/L1(lower=parser-Segment)	1	Short	77333	77473	77817	77473	Consolidation	78029	78029	78029	77955	212	138	74	78121	92	Invalidated	Some(ForceOvertake)	Some(78029)	Some(78121)	95	level_view::provide_nest_candidate_events_ext/consolidation-pan -> feed_replay_bar(kind==Consolidation)
PanConsolidation/L1(lower=parser-Segment)	1	Short	77602	77675	78258	77817	Consolidation	78389	78389	78389	78324	131	66	65	80461	2072	Invalidated	Some(ForceOvertake)	Some(78389)	Some(80461)	2075	level_view::provide_nest_candidate_events_ext/consolidation-pan -> feed_replay_bar(kind==Consolidation)
PanConsolidation/L1(lower=parser-Segment)	1	Short	78992	79217	79384	78499	Consolidation	79638	79638	79638	79510	254	126	128	99999	20361	Provisional	None	None	None	20362	level_view::provide_nest_candidate_events_ext/consolidation-pan -> feed_replay_bar(kind==Consolidation)
PanConsolidation/L1(lower=parser-Segment)	1	Short	79384	79510	80193	79510	Consolidation	80534	80534	80534	80477	341	284	57	99999	19465	Provisional	None	None	None	19466	level_view::provide_nest_candidate_events_ext/consolidation-pan -> feed_replay_bar(kind==Consolidation)
PanConsolidation/L1(lower=parser-Segment)	1	Short	80815	80880	81297	80928	Consolidation	81652	81652	81652	81489	355	192	163	99999	18347	Provisional	None	None	None	18348	level_view::provide_nest_candidate_events_ext/consolidation-pan -> feed_replay_bar(kind==Consolidation)
PanConsolidation/L1(lower=parser-Segment)	1	Short	85252	85365	85727	85365	Consolidation	85829	85829	85829	85804	102	77	25	86365	536	Invalidated	Some(ForceOvertake)	Some(85829)	Some(86365)	539	level_view::provide_nest_candidate_events_ext/consolidation-pan -> feed_replay_bar(kind==Consolidation)
PanConsolidation/L1(lower=parser-Segment)	1	Short	85533	85563	86483	85727	Consolidation	86879	86879	86879	86799	396	316	80	87022	143	Invalidated	Some(IdentityVanished)	Some(86879)	Some(87023)	146	level_view::provide_nest_candidate_events_ext/consolidation-pan -> feed_replay_bar(kind==Consolidation)
PanConsolidation/L1(lower=parser-Segment)	1	Short	85876	86082	86483	86082	Consolidation	87023	87023	87023	86799	540	316	224	87141	118	Invalidated	Some(ForceOvertake)	Some(87023)	Some(87141)	121	level_view::provide_nest_candidate_events_ext/consolidation-pan -> feed_replay_bar(kind==Consolidation)
PanConsolidation/L1(lower=parser-Segment)	1	Short	85876	86082	86836	86082	Consolidation	87023	87023	87023	86948	187	112	75	87318	295	Invalidated	Some(ForceOvertake)	Some(87023)	Some(87318)	298	level_view::provide_nest_candidate_events_ext/consolidation-pan -> feed_replay_bar(kind==Consolidation)
PanConsolidation/L1(lower=parser-Segment)	1	Short	87389	87502	87663	87502	Consolidation	88115	88115	88115	87716	452	53	399	88303	188	Invalidated	Some(ForceOvertake)	Some(88115)	Some(88303)	191	level_view::provide_nest_candidate_events_ext/consolidation-pan -> feed_replay_bar(kind==Consolidation)
PanConsolidation/L1(lower=parser-Segment)	1	Short	87537	87573	87663	87299	Consolidation	87806	87806	87806	87716	143	53	90	87929	123	Invalidated	Some(ForceOvertake)	Some(87806)	Some(87929)	126	level_view::provide_nest_candidate_events_ext/consolidation-pan -> feed_replay_bar(kind==Consolidation)
PanConsolidation/L1(lower=parser-Segment)	1	Short	87924	88053	88272	88069	Consolidation	88401	88401	88401	88300	129	28	101	88862	461	Invalidated	Some(ForceOvertake)	Some(88401)	Some(88862)	464	level_view::provide_nest_candidate_events_ext/consolidation-pan -> feed_replay_bar(kind==Consolidation)
PanConsolidation/L1(lower=parser-Segment)	1	Short	89093	89155	89636	89241	Consolidation	89958	89958	89958	89729	322	93	229	94003	4045	Invalidated	Some(ForceOvertake)	Some(89958)	Some(94003)	4048	level_view::provide_nest_candidate_events_ext/consolidation-pan -> feed_replay_bar(kind==Consolidation)
PanConsolidation/L1(lower=parser-Segment)	1	Short	89334	89578	89953	89605	Consolidation	90166	90166	90166	89974	213	21	192	99999	9833	Provisional	None	Some(90166)	None	9835	level_view::provide_nest_candidate_events_ext/consolidation-pan -> feed_replay_bar(kind==Consolidation)
PanConsolidation/L1(lower=parser-Segment)	1	Short	89636	89729	90276	89953	Consolidation	90442	90442	90442	90400	166	124	42	90653	211	Invalidated	Some(ForceOvertake)	Some(90442)	Some(90653)	214	level_view::provide_nest_candidate_events_ext/consolidation-pan -> feed_replay_bar(kind==Consolidation)
PanConsolidation/L1(lower=parser-Segment)	1	Short	90118	90164	90471	90164	Consolidation	90687	90687	90687	90647	216	176	40	94002	3315	Invalidated	Some(ForceOvertake)	Some(90687)	Some(94002)	3318	level_view::provide_nest_candidate_events_ext/consolidation-pan -> feed_replay_bar(kind==Consolidation)
PanConsolidation/L1(lower=parser-Segment)	1	Short	91362	91581	92190	91680	Consolidation	92458	92458	92458	92411	268	221	47	99999	7541	Provisional	None	None	None	7542	level_view::provide_nest_candidate_events_ext/consolidation-pan -> feed_replay_bar(kind==Consolidation)
PanConsolidation/L1(lower=parser-Segment)	1	Short	92759	92905	93510	92948	Consolidation	93636	93636	93636	93582	126	72	54	93809	173	Invalidated	Some(ForceOvertake)	Some(93636)	Some(93809)	176	level_view::provide_nest_candidate_events_ext/consolidation-pan -> feed_replay_bar(kind==Consolidation)
PanConsolidation/L1(lower=parser-Segment)	1	Short	92759	92905	94093	92948	Consolidation	94283	94283	94283	94156	190	63	127	94391	108	Invalidated	Some(ForceOvertake)	Some(94283)	Some(94391)	111	level_view::provide_nest_candidate_events_ext/consolidation-pan -> feed_replay_bar(kind==Consolidation)
PanConsolidation/L1(lower=parser-Segment)	1	Short	93510	93582	93840	92948	Consolidation	93959	93959	93959	93930	119	90	29	99999	6040	Provisional	None	None	None	6041	level_view::provide_nest_candidate_events_ext/consolidation-pan -> feed_replay_bar(kind==Consolidation)
PanConsolidation/L1(lower=parser-Segment)	1	Short	94526	94573	95283	94590	Consolidation	95545	95545	95545	95462	262	179	83	99999	4454	Provisional	None	None	None	4455	level_view::provide_nest_candidate_events_ext/consolidation-pan -> feed_replay_bar(kind==Consolidation)
PanConsolidation/L1(lower=parser-Segment)	1	Short	95060	95137	95826	95283	Consolidation	96059	96059	96059	95955	233	129	104	96102	43	Invalidated	Some(IdentityVanished)	Some(96059)	Some(96103)	46	level_view::provide_nest_candidate_events_ext/consolidation-pan -> feed_replay_bar(kind==Consolidation)
PanConsolidation/L1(lower=parser-Segment)	1	Short	95359	95451	96021	95451	Consolidation	96205	96205	96205	96134	184	113	71	99999	3794	Provisional	None	None	None	3795	level_view::provide_nest_candidate_events_ext/consolidation-pan -> feed_replay_bar(kind==Consolidation)
PanConsolidation/L1(lower=parser-Segment)	1	Short	96633	96694	97188	96703	Consolidation	97287	97287	97287	97239	99	51	48	97371	84	Invalidated	Some(ForceOvertake)	Some(97287)	Some(97371)	87	level_view::provide_nest_candidate_events_ext/consolidation-pan -> feed_replay_bar(kind==Consolidation)
PanConsolidation/L2(lower=L1-WindowUnit)	2	Long	1654	2287	3223	2295	Consolidation	8179	8179	8179	3477	4956	254	4702	99999	91820	Provisional	None	None	None	91821	level_view::provide_nest_candidate_events_ext/consolidation-pan -> feed_replay_bar(kind==Consolidation)
PanConsolidation/L2(lower=L1-WindowUnit)	2	Long	1654	2287	5123	2295	Consolidation	8179	8179	8179	5622	3056	499	2557	99999	91820	Provisional	None	None	None	91821	level_view::provide_nest_candidate_events_ext/consolidation-pan -> feed_replay_bar(kind==Consolidation)
PanConsolidation/L2(lower=L1-WindowUnit)	2	Long	2551	2905	5622	3223	Consolidation	8179	8179	8179	5905	2557	283	2274	99999	91820	Provisional	None	None	None	91821	level_view::provide_nest_candidate_events_ext/consolidation-pan -> feed_replay_bar(kind==Consolidation)
PanConsolidation/L2(lower=L1-WindowUnit)	2	Long	5123	5622	8073	5622	Consolidation	8665	8665	8665	8562	592	489	103	9564	899	Invalidated	Some(ForceOvertake)	Some(8665)	Some(9564)	902	level_view::provide_nest_candidate_events_ext/consolidation-pan -> feed_replay_bar(kind==Consolidation)
PanConsolidation/L2(lower=L1-WindowUnit)	2	Long	12205	12513	15191	12513	Consolidation	16771	16771	16771	15821	1580	630	950	23134	6363	Invalidated	Some(ForceOvertake)	Some(16771)	Some(23134)	6366	level_view::provide_nest_candidate_events_ext/consolidation-pan -> feed_replay_bar(kind==Consolidation)
PanConsolidation/L2(lower=L1-WindowUnit)	2	Long	19170	20037	23083	20613	Consolidation	23867	23867	23867	23825	784	742	42	99999	76132	Provisional	None	None	None	76133	level_view::provide_nest_candidate_events_ext/consolidation-pan -> feed_replay_bar(kind==Consolidation)
PanConsolidation/L2(lower=L1-WindowUnit)	2	Long	30193	30430	32117	30441	Consolidation	32893	32893	32893	32475	776	358	418	99999	67106	Provisional	None	None	None	67107	level_view::provide_nest_candidate_events_ext/consolidation-pan -> feed_replay_bar(kind==Consolidation)
PanConsolidation/L2(lower=L1-WindowUnit)	2	Long	30193	30430	34191	32117	Consolidation	34594	34594	34594	34509	403	318	85	99999	65405	Provisional	None	None	None	65406	level_view::provide_nest_candidate_events_ext/consolidation-pan -> feed_replay_bar(kind==Consolidation)
PanConsolidation/L2(lower=L1-WindowUnit)	2	Long	32820	33270	37210	34191	Consolidation	38450	38450	38450	38425	1240	1215	25	99999	61549	Provisional	None	None	None	61550	level_view::provide_nest_candidate_events_ext/consolidation-pan -> feed_replay_bar(kind==Consolidation)
PanConsolidation/L2(lower=L1-WindowUnit)	2	Long	34940	35665	38525	36413	Consolidation	38860	38860	38860	38791	335	266	69	40331	1471	Invalidated	Some(ForceOvertake)	Some(38860)	Some(40331)	1474	level_view::provide_nest_candidate_events_ext/consolidation-pan -> feed_replay_bar(kind==Consolidation)
PanConsolidation/L2(lower=L1-WindowUnit)	2	Long	37803	38525	39984	38525	Consolidation	40208	40208	40208	40187	224	203	21	40453	245	Invalidated	Some(ForceOvertake)	Some(40208)	Some(40453)	248	level_view::provide_nest_candidate_events_ext/consolidation-pan -> feed_replay_bar(kind==Consolidation)
PanConsolidation/L2(lower=L1-WindowUnit)	2	Long	48941	49608	51723	46318	Consolidation	52179	52179	52179	52121	456	398	58	99999	47820	Provisional	None	None	None	47821	level_view::provide_nest_candidate_events_ext/consolidation-pan -> feed_replay_bar(kind==Consolidation)
PanConsolidation/L2(lower=L1-WindowUnit)	2	Long	64579	64914	65096	63188	Consolidation	65377	65377	65377	65348	281	252	29	67354	1977	Invalidated	Some(ForceOvertake)	Some(65377)	Some(67354)	1980	level_view::provide_nest_candidate_events_ext/consolidation-pan -> feed_replay_bar(kind==Consolidation)
PanConsolidation/L2(lower=L1-WindowUnit)	2	Long	66433	66922	67683	65516	Consolidation	68390	68390	68390	68002	707	319	388	69227	837	Invalidated	Some(ForceOvertake)	Some(68390)	Some(69227)	840	level_view::provide_nest_candidate_events_ext/consolidation-pan -> feed_replay_bar(kind==Consolidation)
PanConsolidation/L2(lower=L1-WindowUnit)	2	Long	82180	82480	83527	82483	Consolidation	85045	85045	85045	85019	1518	1492	26	99999	14954	Provisional	None	None	None	14955	level_view::provide_nest_candidate_events_ext/consolidation-pan -> feed_replay_bar(kind==Consolidation)
PanConsolidation/L2(lower=L1-WindowUnit)	2	Long	82839	83155	85365	83527	Consolidation	85806	85806	85806	85777	441	412	29	99999	14193	Provisional	None	None	None	14194	level_view::provide_nest_candidate_events_ext/consolidation-pan -> feed_replay_bar(kind==Consolidation)
PanConsolidation/L2(lower=L1-WindowUnit)	2	Long	86082	86470	88394	87502	Consolidation	89975	89975	89975	89937	1581	1543	38	99999	10024	Provisional	None	None	None	10025	level_view::provide_nest_candidate_events_ext/consolidation-pan -> feed_replay_bar(kind==Consolidation)
PanConsolidation/L2(lower=L1-WindowUnit)	2	Long	95451	95826	98664	96703	Consolidation	99062	99062	99062	99035	398	371	27	99328	266	Invalidated	Some(ForceOvertake)	Some(99062)	Some(99328)	269	level_view::provide_nest_candidate_events_ext/consolidation-pan -> feed_replay_bar(kind==Consolidation)
PanConsolidation/L2(lower=L1-WindowUnit)	2	Short	14709	15180	16724	15191	Consolidation	17447	17447	17447	17018	723	294	429	99999	82552	Provisional	None	None	None	82553	level_view::provide_nest_candidate_events_ext/consolidation-pan -> feed_replay_bar(kind==Consolidation)
PanConsolidation/L2(lower=L1-WindowUnit)	2	Short	15862	16275	17785	16724	Consolidation	18406	18406	18406	18210	621	425	196	99999	81593	Provisional	None	None	None	81594	level_view::provide_nest_candidate_events_ext/consolidation-pan -> feed_replay_bar(kind==Consolidation)
PanConsolidation/L2(lower=L1-WindowUnit)	2	Short	16724	17018	17399	15191	Consolidation	17600	17600	17600	17581	201	182	19	17753	153	Invalidated	Some(ForceOvertake)	Some(17600)	Some(17753)	156	level_view::provide_nest_candidate_events_ext/consolidation-pan -> feed_replay_bar(kind==Consolidation)
PanConsolidation/L2(lower=L1-WindowUnit)	2	Short	17785	18387	20613	18390	Consolidation	21001	21001	21001	20910	388	297	91	27301	6300	Invalidated	Some(ForceOvertake)	Some(21001)	Some(27301)	6303	level_view::provide_nest_candidate_events_ext/consolidation-pan -> feed_replay_bar(kind==Consolidation)
PanConsolidation/L2(lower=L1-WindowUnit)	2	Short	25090	25295	29176	25782	Consolidation	29499	29499	29499	29456	323	280	43	31894	2395	Invalidated	Some(ForceOvertake)	Some(29499)	Some(31894)	2398	level_view::provide_nest_candidate_events_ext/consolidation-pan -> feed_replay_bar(kind==Consolidation)
PanConsolidation/L2(lower=L1-WindowUnit)	2	Short	27250	27633	29852	28182	Consolidation	30224	30224	30224	30165	372	313	59	41841	11617	Invalidated	Some(ForceOvertake)	Some(30224)	Some(41841)	11620	level_view::provide_nest_candidate_events_ext/consolidation-pan -> feed_replay_bar(kind==Consolidation)
PanConsolidation/L2(lower=L1-WindowUnit)	2	Short	29852	30165	30441	28182	Consolidation	30792	30792	30792	30742	351	301	50	30903	111	Invalidated	Some(ForceOvertake)	Some(30792)	Some(30903)	114	level_view::provide_nest_candidate_events_ext/consolidation-pan -> feed_replay_bar(kind==Consolidation)
PanConsolidation/L2(lower=L1-WindowUnit)	2	Short	33274	34061	36413	34191	Consolidation	37288	37288	37288	37195	875	782	93	38983	1695	Invalidated	Some(ForceOvertake)	Some(37288)	Some(38983)	1698	level_view::provide_nest_candidate_events_ext/consolidation-pan -> feed_replay_bar(kind==Consolidation)
PanConsolidation/L2(lower=L1-WindowUnit)	2	Short	41414	41835	46318	42118	Consolidation	46658	46658	46658	46571	340	253	87	99999	53341	Provisional	None	Some(46658)	None	53343	level_view::provide_nest_candidate_events_ext/consolidation-pan -> feed_replay_bar(kind==Consolidation)
PanConsolidation/L2(lower=L1-WindowUnit)	2	Short	52121	52545	56425	53012	Consolidation	56787	56787	56787	56740	362	315	47	58998	2211	Invalidated	Some(ForceOvertake)	Some(56787)	Some(58998)	2214	level_view::provide_nest_candidate_events_ext/consolidation-pan -> feed_replay_bar(kind==Consolidation)
PanConsolidation/L2(lower=L1-WindowUnit)	2	Short	61440	62036	64944	63188	Consolidation	65145	65145	65145	65096	201	152	49	74165	9020	Invalidated	Some(ForceOvertake)	Some(65145)	Some(74165)	9023	level_view::provide_nest_candidate_events_ext/consolidation-pan -> feed_replay_bar(kind==Consolidation)
PanConsolidation/L2(lower=L1-WindowUnit)	2	Short	64944	65096	65516	63188	Consolidation	65753	65753	65753	65618	237	102	135	65844	91	Invalidated	Some(ForceOvertake)	Some(65753)	Some(65844)	94	level_view::provide_nest_candidate_events_ext/consolidation-pan -> feed_replay_bar(kind==Consolidation)
PanConsolidation/L2(lower=L1-WindowUnit)	2	Short	64944	65096	66937	65516	Consolidation	67210	67210	67210	67179	273	242	31	68304	1094	Invalidated	Some(ForceOvertake)	Some(67210)	Some(68304)	1097	level_view::provide_nest_candidate_events_ext/consolidation-pan -> feed_replay_bar(kind==Consolidation)
PanConsolidation/L2(lower=L1-WindowUnit)	2	Short	70396	71033	71812	71033	Consolidation	72298	72298	72298	72223	486	411	75	74163	1865	Invalidated	Some(ForceOvertake)	Some(72298)	Some(74163)	1868	level_view::provide_nest_candidate_events_ext/consolidation-pan -> feed_replay_bar(kind==Consolidation)
PanConsolidation/L2(lower=L1-WindowUnit)	2	Short	70396	71033	72778	71033	Consolidation	73048	73048	73048	73001	270	223	47	74163	1115	Invalidated	Some(ForceOvertake)	Some(73048)	Some(74163)	1118	level_view::provide_nest_candidate_events_ext/consolidation-pan -> feed_replay_bar(kind==Consolidation)
PanConsolidation/L2(lower=L1-WindowUnit)	2	Short	72778	73334	74488	71033	Consolidation	75303	75303	75303	74621	815	133	682	99999	24696	Provisional	None	None	None	24697	level_view::provide_nest_candidate_events_ext/consolidation-pan -> feed_replay_bar(kind==Consolidation)
PanConsolidation/L2(lower=L1-WindowUnit)	2	Short	72778	73334	75281	74053	Consolidation	75918	75918	75918	75883	637	602	35	99999	24081	Provisional	None	None	None	24082	level_view::provide_nest_candidate_events_ext/consolidation-pan -> feed_replay_bar(kind==Consolidation)
PanConsolidation/L2(lower=L1-WindowUnit)	2	Short	74488	74621	77222	75281	Consolidation	77907	77907	77907	77473	685	251	434	99999	22092	Provisional	None	None	None	22093	level_view::provide_nest_candidate_events_ext/consolidation-pan -> feed_replay_bar(kind==Consolidation)
PanConsolidation/L2(lower=L1-WindowUnit)	2	Short	83174	83501	86483	85021	Consolidation	87353	87353	87353	87258	870	775	95	99999	12646	Provisional	None	None	None	12647	level_view::provide_nest_candidate_events_ext/consolidation-pan -> feed_replay_bar(kind==Consolidation)
PanConsolidation/L2(lower=L1-WindowUnit)	2	Short	89953	90164	91680	90164	Consolidation	92037	92037	92037	91995	357	315	42	94002	1965	Invalidated	Some(ForceOvertake)	Some(92037)	Some(94002)	1968	level_view::provide_nest_candidate_events_ext/consolidation-pan -> feed_replay_bar(kind==Consolidation)
PanConsolidation/L3(lower=L2-WindowUnit)	3	Long	28182	30430	32117	16724	Consolidation	33470	33470	33470	33270	1353	1153	200	40444	6974	Invalidated	Some(ForceOvertake)	Some(33470)	Some(40444)	6977	level_view::provide_nest_candidate_events_ext/consolidation-pan -> feed_replay_bar(kind==Consolidation)
PanConsolidation/L3(lower=L2-WindowUnit)	3	Long	28182	30430	38525	32117	Consolidation	39348	39348	39348	39312	823	787	36	40457	1109	Invalidated	Some(ForceOvertake)	Some(39348)	Some(40457)	1112	level_view::provide_nest_candidate_events_ext/consolidation-pan -> feed_replay_bar(kind==Consolidation)
PanConsolidation/L3(lower=L2-WindowUnit)	3	Short	2295	3223	16724	8073	Consolidation	23577	23577	23577	18387	6853	1663	5190	99999	76422	Provisional	None	None	None	76423	level_view::provide_nest_candidate_events_ext/consolidation-pan -> feed_replay_bar(kind==Consolidation)
PanConsolidation/L3(lower=L2-WindowUnit)	3	Short	12513	15180	23954	16724	Consolidation	24994	24994	24994	24965	1040	1011	29	99999	75005	Provisional	None	None	None	75006	level_view::provide_nest_candidate_events_ext/consolidation-pan -> feed_replay_bar(kind==Consolidation)
PanConsolidation/L3(lower=L2-WindowUnit)	3	Short	23954	28179	30441	16724	Consolidation	32154	32154	32154	32117	1713	1676	37	41841	9687	Invalidated	Some(ForceOvertake)	Some(32154)	Some(41841)	9690	level_view::provide_nest_candidate_events_ext/consolidation-pan -> feed_replay_bar(kind==Consolidation)
PanConsolidation/L3(lower=L2-WindowUnit)	3	Short	46318	52957	56425	38525	Consolidation	59497	59497	59497	59453	3072	3028	44	80463	20966	Invalidated	Some(ForceOvertake)	Some(59497)	Some(80463)	20969	level_view::provide_nest_candidate_events_ext/consolidation-pan -> feed_replay_bar(kind==Consolidation)
PanConsolidation/L3(lower=L2-WindowUnit)	3	Short	56425	59517	67403	59520	Consolidation	68867	68867	68867	68825	1464	1422	42	74163	5296	Invalidated	Some(ForceOvertake)	Some(68867)	Some(74163)	5299	level_view::provide_nest_candidate_events_ext/consolidation-pan -> feed_replay_bar(kind==Consolidation)
PanConsolidation/L3(lower=L2-WindowUnit)	3	Short	67403	71033	75281	59520	Consolidation	76420	76420	76420	76385	1139	1104	35	80462	4042	Invalidated	Some(ForceOvertake)	Some(76420)	Some(80462)	4045	level_view::provide_nest_candidate_events_ext/consolidation-pan -> feed_replay_bar(kind==Consolidation)
